AA,Codon,Mean
A,GCG,0.49785872505902806
G,GGG,0.18261352582772605
L,CTC,0.26278449225723804
P,CCG,1.053070112886031
R,AGG,1.106514498210947
R,CGG,0.33940101973215
S,TCG,0.31152676461935097
T,ACG,0.39594017148415306
V,GTG,-0.013319330656528017
