"id_names","Mean"
"snap_masked-SAKL0A-processed-gene-0.86-mRNA-1",0.185468316078186
"augustus_masked-SAKL0A-processed-gene-0.7-mRNA-1",0.0439950078725815
"augustus_masked-SAKL0A-processed-gene-0.18-mRNA-1",0.385050594806671
"augustus_masked-SAKL0A-processed-gene-0.19-mRNA-1",1.81227123737335
"augustus_masked-SAKL0A-processed-gene-0.20-mRNA-1",0.162121146917343
"augustus_masked-SAKL0A-processed-gene-0.8-mRNA-1",0.866956293582916
"maker-SAKL0A-augustus-gene-0.3-mRNA-1",0.186824217438698
"augustus_masked-SAKL0A-processed-gene-0.10-mRNA-1",0.405730903148651
"augustus_masked-SAKL0A-processed-gene-0.21-mRNA-1",0.563378512859344
"snap_masked-SAKL0A-processed-gene-0.78-mRNA-1",0.0185428224503994
"genemark-SAKL0A-processed-gene-0.54-mRNA-1",0.102006405591965
"augustus_masked-SAKL0A-processed-gene-0.22-mRNA-1",0.226392790675163
"maker-SAKL0A-augustus-gene-0.4-mRNA-1",0.181907296180725
"snap_masked-SAKL0A-processed-gene-0.93-mRNA-1",0.200166180729866
"augustus_masked-SAKL0A-processed-gene-0.11-mRNA-1",0.254757642745972
"augustus_masked-SAKL0A-processed-gene-0.25-mRNA-1",0.814010083675385
"augustus_masked-SAKL0A-processed-gene-0.26-mRNA-1",0.199569642543793
"augustus_masked-SAKL0A-processed-gene-0.12-mRNA-1",0.226770535111427
"augustus_masked-SAKL0A-processed-gene-0.27-mRNA-1",0.837366580963135
"augustus_masked-SAKL0A-processed-gene-0.28-mRNA-1",0.244505375623703
"augustus_masked-SAKL0A-processed-gene-0.29-mRNA-1",0.0670744627714157
"snap_masked-SAKL0A-processed-gene-0.81-mRNA-1",0.324229151010513
"augustus_masked-SAKL0A-processed-gene-0.30-mRNA-1",0.147651821374893
"augustus_masked-SAKL0A-processed-gene-0.31-mRNA-1",0.288083761930466
"augustus_masked-SAKL0A-processed-gene-0.14-mRNA-1",1.05614066123962
"augustus_masked-SAKL0A-processed-gene-0.32-mRNA-1",0.836899936199188
"augustus_masked-SAKL0A-processed-gene-0.15-mRNA-1",0.199174612760544
"augustus_masked-SAKL0A-processed-gene-0.33-mRNA-1",0.424456000328064
"snap_masked-SAKL0A-processed-gene-0.104-mRNA-1",0.284145176410675
"snap_masked-SAKL0A-processed-gene-0.105-mRNA-1",0.0960307344794273
"augustus_masked-SAKL0A-processed-gene-0.34-mRNA-1",0.799014151096344
"augustus_masked-SAKL0A-processed-gene-0.16-mRNA-1",0.649006962776184
"maker-SAKL0A-augustus-gene-0.6-mRNA-1",0.662995278835297
"augustus_masked-SAKL0A-processed-gene-0.17-mRNA-1",0.548234522342682
"augustus_masked-SAKL0A-processed-gene-0.36-mRNA-1",0.378971368074417
"augustus_masked-SAKL0A-processed-gene-0.37-mRNA-1",0.234449803829193
"augustus_masked-SAKL0A-processed-gene-0.38-mRNA-1",1.16609215736389
"augustus_masked-SAKL0A-processed-gene-1.4-mRNA-1",0.632245421409607
"augustus_masked-SAKL0A-processed-gene-1.5-mRNA-1",0.246646866202354
"augustus_masked-SAKL0A-processed-gene-1.6-mRNA-1",0.10174486041069
"augustus_masked-SAKL0A-processed-gene-1.7-mRNA-1",0.467736780643463
"augustus_masked-SAKL0A-processed-gene-1.30-mRNA-1",0.535434722900391
"augustus_masked-SAKL0A-processed-gene-1.8-mRNA-1",1.01080477237701
"augustus_masked-SAKL0A-processed-gene-1.9-mRNA-1",1.40140426158905
"augustus_masked-SAKL0A-processed-gene-1.10-mRNA-1",0.426746219396591
"augustus_masked-SAKL0A-processed-gene-1.11-mRNA-1",0.608591258525848
"augustus_masked-SAKL0A-processed-gene-1.31-mRNA-1",0.571274101734161
"augustus_masked-SAKL0A-processed-gene-1.12-mRNA-1",0.624516248703003
"maker-SAKL0A-snap-gene-1.0-mRNA-1",0.906875312328339
"augustus_masked-SAKL0A-processed-gene-1.13-mRNA-1",1.28327071666718
"augustus_masked-SAKL0A-processed-gene-1.33-mRNA-1",0.382286190986633
"augustus_masked-SAKL0A-processed-gene-1.34-mRNA-1",1.04624843597412
"augustus_masked-SAKL0A-processed-gene-1.14-mRNA-1",0.759821653366089
"augustus_masked-SAKL0A-processed-gene-1.35-mRNA-1",1.0135223865509
"augustus_masked-SAKL0A-processed-gene-1.15-mRNA-1",0.0942951440811157
"maker-SAKL0A-augustus-gene-1.1-mRNA-1",0.178149923682213
"augustus_masked-SAKL0A-processed-gene-1.36-mRNA-1",0.59583193063736
"augustus_masked-SAKL0A-processed-gene-1.17-mRNA-1",1.63132774829865
"augustus_masked-SAKL0A-processed-gene-1.37-mRNA-1",1.02260756492615
"augustus_masked-SAKL0A-processed-gene-1.18-mRNA-1",1.4531022310257
"augustus_masked-SAKL0A-processed-gene-1.38-mRNA-1",0.581323385238647
"augustus_masked-SAKL0A-processed-gene-1.39-mRNA-1",1.5721116065979
"augustus_masked-SAKL0A-processed-gene-1.19-mRNA-1",0.377941191196442
"augustus_masked-SAKL0A-processed-gene-1.40-mRNA-1",0.26655974984169
"snap_masked-SAKL0A-processed-gene-1.138-mRNA-1",0.497162818908691
"snap_masked-SAKL0A-processed-gene-1.139-mRNA-1",0.592169880867004
"snap_masked-SAKL0A-processed-gene-1.117-mRNA-1",0.251424640417099
"augustus_masked-SAKL0A-processed-gene-1.42-mRNA-1",0.311087608337402
"augustus_masked-SAKL0A-processed-gene-1.21-mRNA-1",0.127040863037109
"augustus_masked-SAKL0A-processed-gene-1.43-mRNA-1",0.825895309448242
"augustus_masked-SAKL0A-processed-gene-1.22-mRNA-1",0.101609379053116
"augustus_masked-SAKL0A-processed-gene-1.23-mRNA-1",0.284916281700134
"augustus_masked-SAKL0A-processed-gene-1.44-mRNA-1",0.480545252561569
"snap_masked-SAKL0A-processed-gene-1.143-mRNA-1",0.989555656909943
"augustus_masked-SAKL0A-processed-gene-1.24-mRNA-1",1.49588716030121
"maker-SAKL0A-augustus-gene-1.2-mRNA-1",0.81536066532135
"augustus_masked-SAKL0A-processed-gene-1.25-mRNA-1",0.366583526134491
"augustus_masked-SAKL0A-processed-gene-1.48-mRNA-1",1.43987607955933
"augustus_masked-SAKL0A-processed-gene-1.26-mRNA-1",0.511949002742767
"augustus_masked-SAKL0A-processed-gene-1.27-mRNA-1",0.324973374605179
"augustus_masked-SAKL0A-processed-gene-1.49-mRNA-1",0.753795385360718
"augustus_masked-SAKL0A-processed-gene-1.28-mRNA-1",0.108865365386009
"augustus_masked-SAKL0A-processed-gene-1.50-mRNA-1",0.318068832159042
"augustus_masked-SAKL0A-processed-gene-1.29-mRNA-1",0.454570740461349
"augustus_masked-SAKL0A-processed-gene-1.51-mRNA-1",0.389495193958282
"snap_masked-SAKL0A-processed-gene-2.97-mRNA-1",0.836490392684937
"snap_masked-SAKL0A-processed-gene-2.99-mRNA-1",2.09161400794983
"augustus_masked-SAKL0A-processed-gene-2.8-mRNA-1",1.64899480342865
"augustus_masked-SAKL0A-processed-gene-2.10-mRNA-1",0.2248345464468
"augustus_masked-SAKL0A-processed-gene-2.11-mRNA-1",0.23940198123455
"augustus_masked-SAKL0A-processed-gene-2.26-mRNA-1",0.303049564361572
"augustus_masked-SAKL0A-processed-gene-2.12-mRNA-1",1.23116445541382
"snap_masked-SAKL0A-processed-gene-2.103-mRNA-1",1.75461673736572
"augustus_masked-SAKL0A-processed-gene-2.13-mRNA-1",1.11192560195923
"augustus_masked-SAKL0A-processed-gene-2.14-mRNA-1",0.248993054032326
"augustus_masked-SAKL0A-processed-gene-2.27-mRNA-1",1.02337336540222
"augustus_masked-SAKL0A-processed-gene-2.28-mRNA-1",0.610168278217316
"augustus_masked-SAKL0A-processed-gene-2.29-mRNA-1",0.830026030540466
"snap_masked-SAKL0A-processed-gene-2.123-mRNA-1",0.131330370903015
"augustus_masked-SAKL0A-processed-gene-2.31-mRNA-1",0.259587436914444
"augustus_masked-SAKL0A-processed-gene-2.15-mRNA-1",0.523395597934723
"augustus_masked-SAKL0A-processed-gene-2.32-mRNA-1",0.326009750366211
"augustus_masked-SAKL0A-processed-gene-2.33-mRNA-1",0.578551709651947
"augustus_masked-SAKL0A-processed-gene-2.34-mRNA-1",1.39994978904724
"augustus_masked-SAKL0A-processed-gene-2.35-mRNA-1",1.16556763648987
"augustus_masked-SAKL0A-processed-gene-2.16-mRNA-1",0.764063775539398
"augustus_masked-SAKL0A-processed-gene-2.17-mRNA-1",0.548055469989777
"augustus_masked-SAKL0A-processed-gene-2.36-mRNA-1",0.444070249795914
"augustus_masked-SAKL0A-processed-gene-2.37-mRNA-1",0.33291831612587
"augustus_masked-SAKL0A-processed-gene-2.18-mRNA-1",0.287330329418182
"snap_masked-SAKL0A-processed-gene-2.131-mRNA-1",1.26708674430847
"snap_masked-SAKL0A-processed-gene-2.132-mRNA-1",0.979920446872711
"augustus_masked-SAKL0A-processed-gene-2.19-mRNA-1",1.49728441238403
"augustus_masked-SAKL0A-processed-gene-2.39-mRNA-1",1.27610898017883
"augustus_masked-SAKL0A-processed-gene-2.20-mRNA-1",0.603612840175629
"maker-SAKL0A-snap-gene-2.4-mRNA-1",0.288274586200714
"augustus_masked-SAKL0A-processed-gene-2.41-mRNA-1",0.30704140663147
"snap_masked-SAKL0A-processed-gene-2.137-mRNA-1",0.930734515190125
"augustus_masked-SAKL0A-processed-gene-2.43-mRNA-1",0.750946283340454
"snap_masked-SAKL0A-processed-gene-2.139-mRNA-1",0.745446801185608
"augustus_masked-SAKL0A-processed-gene-2.21-mRNA-1",0.157659143209457
"augustus_masked-SAKL0A-processed-gene-2.45-mRNA-1",0.343865871429443
"augustus_masked-SAKL0A-processed-gene-2.46-mRNA-1",0.36456698179245
"augustus_masked-SAKL0A-processed-gene-2.22-mRNA-1",0.840330362319946
"augustus_masked-SAKL0A-processed-gene-2.47-mRNA-1",0.171933710575104
"augustus_masked-SAKL0A-processed-gene-2.23-mRNA-1",0.180582314729691
"augustus_masked-SAKL0A-processed-gene-2.48-mRNA-1",0.175878897309303
"augustus_masked-SAKL0A-processed-gene-2.49-mRNA-1",0.423699855804443
"snap_masked-SAKL0A-processed-gene-2.116-mRNA-1",0.350432932376862
"snap_masked-SAKL0A-processed-gene-2.117-mRNA-1",0.297637313604355
"augustus_masked-SAKL0A-processed-gene-2.25-mRNA-1",0.420050919055939
"augustus_masked-SAKL0A-processed-gene-3.1-mRNA-1",0.283931881189346
"augustus_masked-SAKL0A-processed-gene-3.2-mRNA-1",0.200234651565552
"augustus_masked-SAKL0A-processed-gene-3.3-mRNA-1",0.262652575969696
"augustus_masked-SAKL0A-processed-gene-3.4-mRNA-1",0.781559467315674
"augustus_masked-SAKL0A-processed-gene-3.5-mRNA-1",0.233656004071236
"maker-SAKL0A-augustus-gene-3.0-mRNA-1",0.346252501010895
"augustus_masked-SAKL0A-processed-gene-3.27-mRNA-1",0.0929793938994408
"snap_masked-SAKL0A-processed-gene-3.113-mRNA-1",0.738098680973053
"augustus_masked-SAKL0A-processed-gene-3.8-mRNA-1",0.738938689231873
"augustus_masked-SAKL0A-processed-gene-3.29-mRNA-1",0.163719400763512
"augustus_masked-SAKL0A-processed-gene-3.9-mRNA-1",0.348877638578415
"augustus_masked-SAKL0A-processed-gene-3.10-mRNA-1",1.05162847042084
"augustus_masked-SAKL0A-processed-gene-3.11-mRNA-1",0.492333203554153
"augustus_masked-SAKL0A-processed-gene-3.12-mRNA-1",1.77407240867615
"augustus_masked-SAKL0A-processed-gene-3.13-mRNA-1",1.32482039928436
"augustus_masked-SAKL0A-processed-gene-3.14-mRNA-1",1.54210007190704
"augustus_masked-SAKL0A-processed-gene-3.30-mRNA-1",0.246493369340897
"snap_masked-SAKL0A-processed-gene-3.97-mRNA-1",0.349668711423874
"augustus_masked-SAKL0A-processed-gene-3.31-mRNA-1",0.890617668628693
"augustus_masked-SAKL0A-processed-gene-3.15-mRNA-1",0.528266191482544
"augustus_masked-SAKL0A-processed-gene-3.32-mRNA-1",0.509490132331848
"augustus_masked-SAKL0A-processed-gene-3.16-mRNA-1",0.317381262779236
"augustus_masked-SAKL0A-processed-gene-3.33-mRNA-1",0.0926900953054428
"augustus_masked-SAKL0A-processed-gene-3.34-mRNA-1",0.296035647392273
"augustus_masked-SAKL0A-processed-gene-3.35-mRNA-1",0.548282504081726
"augustus_masked-SAKL0A-processed-gene-3.36-mRNA-1",0.960862159729004
"genemark-SAKL0A-processed-gene-3.78-mRNA-1",0.495587378740311
"genemark-SAKL0A-processed-gene-3.59-mRNA-1",0.19277036190033
"snap_masked-SAKL0A-processed-gene-3.101-mRNA-1",0.230658084154129
"snap_masked-SAKL0A-processed-gene-3.102-mRNA-1",0.892466187477112
"snap_masked-SAKL0A-processed-gene-3.103-mRNA-1",0.934887945652008
"augustus_masked-SAKL0A-processed-gene-3.38-mRNA-1",0.132614627480507
"augustus_masked-SAKL0A-processed-gene-3.19-mRNA-1",0.175382301211357
"augustus_masked-SAKL0A-processed-gene-3.39-mRNA-1",0.405603557825089
"augustus_masked-SAKL0A-processed-gene-3.20-mRNA-1",1.34823513031006
"augustus_masked-SAKL0A-processed-gene-3.21-mRNA-1",0.740863442420959
"augustus_masked-SAKL0A-processed-gene-3.22-mRNA-1",0.167493045330048
"augustus_masked-SAKL0A-processed-gene-3.40-mRNA-1",0.110997423529625
"augustus_masked-SAKL0A-processed-gene-3.23-mRNA-1",0.387792825698853
"augustus_masked-SAKL0A-processed-gene-3.24-mRNA-1",0.085383415222168
"augustus_masked-SAKL0A-processed-gene-3.41-mRNA-1",0.177439048886299
"augustus_masked-SAKL0A-processed-gene-3.25-mRNA-1",0.285270482301712
"augustus_masked-SAKL0A-processed-gene-3.42-mRNA-1",0.0907220169901848
"augustus_masked-SAKL0A-processed-gene-3.26-mRNA-1",0.0636871829628944
"augustus_masked-SAKL0A-processed-gene-4.4-mRNA-1",0.184678509831429
"maker-SAKL0A-augustus-gene-4.53-mRNA-1",0.300606101751328
"augustus_masked-SAKL0A-processed-gene-4.0-mRNA-1",0.0874645337462425
"augustus_masked-SAKL0A-processed-gene-4.6-mRNA-1",0.244539692997932
"snap_masked-SAKL0A-processed-gene-4.58-mRNA-1",0.209056451916695
"augustus_masked-SAKL0A-processed-gene-4.7-mRNA-1",0.284425139427185
"augustus_masked-SAKL0A-processed-gene-4.2-mRNA-1",0.852121829986572
"snap_masked-SAKL0A-processed-gene-4.60-mRNA-1",0.272566825151443
"snap_masked-SAKL0A-processed-gene-4.84-mRNA-1",0.255931347608566
"augustus_masked-SAKL0A-processed-gene-4.8-mRNA-1",0.114079497754574
"augustus_masked-SAKL0A-processed-gene-4.29-mRNA-1",0.356717318296432
"augustus_masked-SAKL0A-processed-gene-4.30-mRNA-1",1.32184672355652
"augustus_masked-SAKL0A-processed-gene-4.31-mRNA-1",0.756804227828979
"augustus_masked-SAKL0A-processed-gene-4.32-mRNA-1",0.792060077190399
"maker-SAKL0A-snap-gene-4.54-mRNA-1",0.704056918621063
"augustus_masked-SAKL0A-processed-gene-4.33-mRNA-1",0.8691446185112
"augustus_masked-SAKL0A-processed-gene-4.11-mRNA-1",0.960665285587311
"snap_masked-SAKL0A-processed-gene-4.90-mRNA-1",0.621651768684387
"snap_masked-SAKL0A-processed-gene-4.91-mRNA-1",1.26137435436249
"augustus_masked-SAKL0A-processed-gene-4.35-mRNA-1",0.973991870880127
"augustus_masked-SAKL0A-processed-gene-4.12-mRNA-1",0.196419805288315
"augustus_masked-SAKL0A-processed-gene-4.13-mRNA-1",0.0480377860367298
"augustus_masked-SAKL0A-processed-gene-4.36-mRNA-1",0.22566545009613
"augustus_masked-SAKL0A-processed-gene-4.14-mRNA-1",0.363857477903366
"augustus_masked-SAKL0A-processed-gene-4.15-mRNA-1",0.463860809803009
"augustus_masked-SAKL0A-processed-gene-4.16-mRNA-1",0.23273403942585
"augustus_masked-SAKL0A-processed-gene-4.17-mRNA-1",0.597883462905884
"augustus_masked-SAKL0A-processed-gene-4.18-mRNA-1",0.953406095504761
"snap_masked-SAKL0A-processed-gene-4.94-mRNA-1",1.58464050292969
"augustus_masked-SAKL0A-processed-gene-4.19-mRNA-1",0.281822323799133
"augustus_masked-SAKL0A-processed-gene-4.38-mRNA-1",0.713438272476196
"augustus_masked-SAKL0A-processed-gene-4.39-mRNA-1",0.771564185619354
"snap_masked-SAKL0A-processed-gene-4.77-mRNA-1",0.102228060364723
"snap_masked-SAKL0A-processed-gene-4.97-mRNA-1",0.411431401968002
"snap_masked-SAKL0A-processed-gene-4.98-mRNA-1",0.609692335128784
"augustus_masked-SAKL0A-processed-gene-4.42-mRNA-1",0.282133728265762
"augustus_masked-SAKL0A-processed-gene-4.43-mRNA-1",0.083624005317688
"augustus_masked-SAKL0A-processed-gene-4.44-mRNA-1",0.278220057487488
"snap_masked-SAKL0A-processed-gene-4.102-mRNA-1",0.18280528485775
"snap_masked-SAKL0A-processed-gene-4.103-mRNA-1",1.82747340202332
"augustus_masked-SAKL0A-processed-gene-4.45-mRNA-1",0.452149093151093
"augustus_masked-SAKL0A-processed-gene-4.21-mRNA-1",0.702992737293243
"augustus_masked-SAKL0A-processed-gene-4.22-mRNA-1",0.07851642370224
"augustus_masked-SAKL0A-processed-gene-4.46-mRNA-1",0.617517352104187
"snap_masked-SAKL0A-processed-gene-4.80-mRNA-1",0.62096631526947
"augustus_masked-SAKL0A-processed-gene-4.24-mRNA-1",0.44207638502121
"augustus_masked-SAKL0A-processed-gene-4.25-mRNA-1",0.960198879241943
"snap_masked-SAKL0A-processed-gene-4.106-mRNA-1",0.372119694948196
"augustus_masked-SAKL0A-processed-gene-4.48-mRNA-1",0.829542398452759
"snap_masked-SAKL0A-processed-gene-4.108-mRNA-1",0.376517057418823
"augustus_masked-SAKL0A-processed-gene-4.26-mRNA-1",0.11831509321928
"augustus_masked-SAKL0A-processed-gene-4.50-mRNA-1",0.10128528624773
"snap_masked-SAKL0A-processed-gene-4.110-mRNA-1",0.193153858184814
"augustus_masked-SAKL0A-processed-gene-4.27-mRNA-1",0.588110983371735
"augustus_masked-SAKL0A-processed-gene-5.7-mRNA-1",0.196623027324677
"genemark-SAKL0A-processed-gene-5.50-mRNA-1",0.234608888626099
"snap_masked-SAKL0A-processed-gene-5.100-mRNA-1",0.0872449725866318
"augustus_masked-SAKL0A-processed-gene-5.6-mRNA-1",0.580631911754608
"augustus_masked-SAKL0A-processed-gene-5.30-mRNA-1",0.248745799064636
"augustus_masked-SAKL0A-processed-gene-5.9-mRNA-1",0.201896190643311
"augustus_masked-SAKL0A-processed-gene-5.10-mRNA-1",0.142444938421249
"augustus_masked-SAKL0A-processed-gene-5.31-mRNA-1",0.71012932062149
"snap_masked-SAKL0A-processed-gene-5.103-mRNA-1",0.334278017282486
"augustus_masked-SAKL0A-processed-gene-5.32-mRNA-1",2.42029619216919
"augustus_masked-SAKL0A-processed-gene-5.12-mRNA-1",0.723638534545898
"augustus_masked-SAKL0A-processed-gene-5.13-mRNA-1",1.79043567180634
"augustus_masked-SAKL0A-processed-gene-5.14-mRNA-1",0.338320970535278
"augustus_masked-SAKL0A-processed-gene-5.33-mRNA-1",0.0947459414601326
"augustus_masked-SAKL0A-processed-gene-5.15-mRNA-1",0.518847048282623
"augustus_masked-SAKL0A-processed-gene-5.16-mRNA-1",0.147306054830551
"augustus_masked-SAKL0A-processed-gene-5.34-mRNA-1",0.119427859783173
"augustus_masked-SAKL0A-processed-gene-5.17-mRNA-1",0.487163603305817
"maker-SAKL0A-augustus-gene-5.1-mRNA-1",0.465474396944046
"augustus_masked-SAKL0A-processed-gene-5.18-mRNA-1",0.510875284671783
"augustus_masked-SAKL0A-processed-gene-5.36-mRNA-1",0.437913507223129
"augustus_masked-SAKL0A-processed-gene-5.37-mRNA-1",0.730741500854492
"augustus_masked-SAKL0A-processed-gene-5.19-mRNA-1",0.850592195987701
"augustus_masked-SAKL0A-processed-gene-5.38-mRNA-1",0.599434971809387
"augustus_masked-SAKL0A-processed-gene-5.39-mRNA-1",0.981408476829529
"augustus_masked-SAKL0A-processed-gene-5.20-mRNA-1",1.3919929265976
"snap_masked-SAKL0A-processed-gene-5.115-mRNA-1",1.96866631507874
"augustus_masked-SAKL0A-processed-gene-5.40-mRNA-1",0.775607228279114
"augustus_masked-SAKL0A-processed-gene-5.22-mRNA-1",0.988011121749878
"augustus_masked-SAKL0A-processed-gene-5.41-mRNA-1",0.651279151439667
"augustus_masked-SAKL0A-processed-gene-5.23-mRNA-1",1.36455845832825
"snap_masked-SAKL0A-processed-gene-5.118-mRNA-1",0.616350471973419
"augustus_masked-SAKL0A-processed-gene-5.42-mRNA-1",0.146986663341522
"augustus_masked-SAKL0A-processed-gene-5.25-mRNA-1",0.112258210778236
"augustus_masked-SAKL0A-processed-gene-5.43-mRNA-1",0.449348926544189
"augustus_masked-SAKL0A-processed-gene-5.26-mRNA-1",0.2833391726017
"augustus_masked-SAKL0A-processed-gene-5.44-mRNA-1",0.084675632417202
"augustus_masked-SAKL0A-processed-gene-5.27-mRNA-1",0.872463405132294
"augustus_masked-SAKL0A-processed-gene-5.45-mRNA-1",1.55581820011139
"augustus_masked-SAKL0A-processed-gene-5.28-mRNA-1",0.359182953834534
"snap_masked-SAKL0A-processed-gene-5.140-mRNA-1",0.0797333791851997
"augustus_masked-SAKL0A-processed-gene-5.47-mRNA-1",0.11404699832201
"augustus_masked-SAKL0A-processed-gene-5.29-mRNA-1",0.361576288938522
"maker-SAKL0A-augustus-gene-5.2-mRNA-1",0.396215200424194
"snap_masked-SAKL0A-processed-gene-5.144-mRNA-1",0.591125726699829
"augustus_masked-SAKL0A-processed-gene-6.109-mRNA-1",0.990723311901093
"snap_masked-SAKL0A-processed-gene-6.54-mRNA-1",0.225077956914902
"augustus_masked-SAKL0A-processed-gene-6.105-mRNA-1",0.053378764539957
"augustus_masked-SAKL0A-processed-gene-6.111-mRNA-1",0.317431777715683
"augustus_masked-SAKL0A-processed-gene-6.106-mRNA-1",0.386461764574051
"augustus_masked-SAKL0A-processed-gene-6.107-mRNA-1",0.0557150654494762
"augustus_masked-SAKL0A-processed-gene-6.108-mRNA-1",0.382532984018326
"augustus_masked-SAKL0A-processed-gene-6.132-mRNA-1",0.843304455280304
"augustus_masked-SAKL0A-processed-gene-6.112-mRNA-1",1.36419272422791
"augustus_masked-SAKL0A-processed-gene-6.113-mRNA-1",0.461703211069107
"augustus_masked-SAKL0A-processed-gene-6.133-mRNA-1",0.0811085775494576
"augustus_masked-SAKL0A-processed-gene-6.114-mRNA-1",0.0454280935227871
"augustus_masked-SAKL0A-processed-gene-6.134-mRNA-1",0.56805944442749
"augustus_masked-SAKL0A-processed-gene-6.115-mRNA-1",0.0340771488845348
"augustus_masked-SAKL0A-processed-gene-6.135-mRNA-1",0.940625786781311
"augustus_masked-SAKL0A-processed-gene-6.136-mRNA-1",1.79635667800903
"augustus_masked-SAKL0A-processed-gene-6.116-mRNA-1",0.813363909721375
"augustus_masked-SAKL0A-processed-gene-6.117-mRNA-1",0.54167103767395
"augustus_masked-SAKL0A-processed-gene-6.118-mRNA-1",0.147102698683739
"augustus_masked-SAKL0A-processed-gene-6.119-mRNA-1",0.228101283311844
"augustus_masked-SAKL0A-processed-gene-6.137-mRNA-1",0.208709552884102
"augustus_masked-SAKL0A-processed-gene-6.120-mRNA-1",0.9308220744133
"augustus_masked-SAKL0A-processed-gene-6.121-mRNA-1",0.278417974710464
"augustus_masked-SAKL0A-processed-gene-6.122-mRNA-1",0.660198032855988
"augustus_masked-SAKL0A-processed-gene-6.138-mRNA-1",0.419282287359238
"augustus_masked-SAKL0A-processed-gene-6.139-mRNA-1",0.409997969865799
"augustus_masked-SAKL0A-processed-gene-6.123-mRNA-1",0.4211385846138
"snap_masked-SAKL0A-processed-gene-6.82-mRNA-1",0.257797122001648
"augustus_masked-SAKL0A-processed-gene-6.124-mRNA-1",0.395839959383011
"maker-SAKL0A-augustus-gene-6.99-mRNA-1",0.475305467844009
"augustus_masked-SAKL0A-processed-gene-6.141-mRNA-1",0.321964144706726
"augustus_masked-SAKL0A-processed-gene-6.142-mRNA-1",0.947839379310608
"augustus_masked-SAKL0A-processed-gene-6.126-mRNA-1",1.12367427349091
"augustus_masked-SAKL0A-processed-gene-6.143-mRNA-1",0.776917994022369
"augustus_masked-SAKL0A-processed-gene-6.144-mRNA-1",1.08087706565857
"augustus_masked-SAKL0A-processed-gene-6.127-mRNA-1",1.4639265537262
"augustus_masked-SAKL0A-processed-gene-6.145-mRNA-1",0.687829971313477
"augustus_masked-SAKL0A-processed-gene-6.146-mRNA-1",0.906155347824097
"snap_masked-SAKL0A-processed-gene-6.89-mRNA-1",0.97921746969223
"augustus_masked-SAKL0A-processed-gene-6.147-mRNA-1",0.165790602564812
"augustus_masked-SAKL0A-processed-gene-6.148-mRNA-1",0.531184494495392
"augustus_masked-SAKL0A-processed-gene-6.149-mRNA-1",0.277057260274887
"augustus_masked-SAKL0A-processed-gene-6.150-mRNA-1",1.39016771316528
"augustus_masked-SAKL0A-processed-gene-6.151-mRNA-1",1.95952999591827
"augustus_masked-SAKL0A-processed-gene-6.152-mRNA-1",0.49033859372139
"augustus_masked-SAKL0A-processed-gene-6.153-mRNA-1",0.587081491947174
"augustus_masked-SAKL0A-processed-gene-6.154-mRNA-1",0.326906055212021
"augustus_masked-SAKL0A-processed-gene-6.128-mRNA-1",0.741632878780365
"snap_masked-SAKL0A-processed-gene-6.98-mRNA-1",0.719516932964325
"augustus_masked-SAKL0A-processed-gene-6.129-mRNA-1",0.33284929394722
"augustus_masked-SAKL0A-processed-gene-6.130-mRNA-1",0.235678091645241
"augustus_masked-SAKL0A-processed-gene-6.131-mRNA-1",0.742758095264435
"augustus_masked-SAKL0A-processed-gene-7.0-mRNA-1",0.608976006507874
"augustus_masked-SAKL0A-processed-gene-7.1-mRNA-1",0.478600770235062
"augustus_masked-SAKL0A-processed-gene-7.2-mRNA-1",0.315097779035568
"augustus_masked-SAKL0A-processed-gene-7.5-mRNA-1",0.196164891123772
"augustus_masked-SAKL0A-processed-gene-7.3-mRNA-1",0.23444664478302
"augustus_masked-SAKL0A-processed-gene-7.6-mRNA-1",0.0577382519841194
"snap_masked-SAKL0A-processed-gene-7.61-mRNA-1",0.769469678401947
"snap_masked-SAKL0A-processed-gene-7.64-mRNA-1",0.115611538290977
"maker-SAKL0A-snap-gene-7.54-mRNA-1",0.178139433264732
"augustus_masked-SAKL0A-processed-gene-7.8-mRNA-1",0.118296191096306
"augustus_masked-SAKL0A-processed-gene-7.27-mRNA-1",0.898775696754456
"augustus_masked-SAKL0A-processed-gene-7.9-mRNA-1",1.0915721654892
"augustus_masked-SAKL0A-processed-gene-7.28-mRNA-1",1.06339347362518
"augustus_masked-SAKL0A-processed-gene-7.10-mRNA-1",0.39044862985611
"maker-SAKL0A-augustus-gene-7.49-mRNA-1",0.112680584192276
"snap_masked-SAKL0A-processed-gene-7.89-mRNA-1",0.155450969934464
"snap_masked-SAKL0A-processed-gene-7.90-mRNA-1",0.376437723636627
"augustus_masked-SAKL0A-processed-gene-7.30-mRNA-1",3.15118932723999
"snap_masked-SAKL0A-processed-gene-7.71-mRNA-1",1.57238984107971
"snap_masked-SAKL0A-processed-gene-7.72-mRNA-1",0.153076961636543
"augustus_masked-SAKL0A-processed-gene-7.31-mRNA-1",0.134938582777977
"augustus_masked-SAKL0A-processed-gene-7.14-mRNA-1",0.431562811136246
"augustus_masked-SAKL0A-processed-gene-7.15-mRNA-1",0.545409858226776
"genemark-SAKL0A-processed-gene-7.142-mRNA-1",0.611489295959473
"augustus_masked-SAKL0A-processed-gene-7.16-mRNA-1",0.562596082687378
"augustus_masked-SAKL0A-processed-gene-7.33-mRNA-1",0.355679959058762
"snap_masked-SAKL0A-processed-gene-7.95-mRNA-1",0.0854697898030281
"augustus_masked-SAKL0A-processed-gene-7.35-mRNA-1",0.487642526626587
"augustus_masked-SAKL0A-processed-gene-7.36-mRNA-1",0.801961421966553
"augustus_masked-SAKL0A-processed-gene-7.17-mRNA-1",0.869931221008301
"snap_masked-SAKL0A-processed-gene-7.77-mRNA-1",0.487916588783264
"augustus_masked-SAKL0A-processed-gene-7.37-mRNA-1",0.134547755122185
"augustus_masked-SAKL0A-processed-gene-7.19-mRNA-1",0.261626780033112
"augustus_masked-SAKL0A-processed-gene-7.38-mRNA-1",0.48896187543869
"snap_masked-SAKL0A-processed-gene-7.100-mRNA-1",0.073343999683857
"snap_masked-SAKL0A-processed-gene-7.79-mRNA-1",0.0867304652929306
"augustus_masked-SAKL0A-processed-gene-7.40-mRNA-1",0.0429430305957794
"augustus_masked-SAKL0A-processed-gene-7.20-mRNA-1",0.172691822052002
"augustus_masked-SAKL0A-processed-gene-7.41-mRNA-1",0.182020723819733
"maker-SAKL0A-augustus-gene-7.50-mRNA-1",0.326546639204025
"snap_masked-SAKL0A-processed-gene-7.103-mRNA-1",0.335847705602646
"augustus_masked-SAKL0A-processed-gene-7.22-mRNA-1",0.395864546298981
"augustus_masked-SAKL0A-processed-gene-7.43-mRNA-1",0.632319331169128
"augustus_masked-SAKL0A-processed-gene-7.23-mRNA-1",0.10805769264698
"maker-SAKL0A-augustus-gene-7.51-mRNA-1",0.275343865156174
"augustus_masked-SAKL0A-processed-gene-7.45-mRNA-1",0.0890205726027489
"augustus_masked-SAKL0A-processed-gene-7.24-mRNA-1",0.221723049879074
"augustus_masked-SAKL0A-processed-gene-7.25-mRNA-1",0.462845653295517
"snap_masked-SAKL0A-processed-gene-7.107-mRNA-1",0.495912104845047
"augustus_masked-SAKL0A-processed-gene-7.47-mRNA-1",0.139471158385277
"augustus_masked-SAKL0A-processed-gene-8.0-mRNA-1",0.168700382113457
"augustus_masked-SAKL0A-processed-gene-8.4-mRNA-1",0.299330592155457
"augustus_masked-SAKL0A-processed-gene-8.1-mRNA-1",0.502488315105438
"augustus_masked-SAKL0A-processed-gene-8.2-mRNA-1",0.55396443605423
"augustus_masked-SAKL0A-processed-gene-8.3-mRNA-1",0.627663969993591
"augustus_masked-SAKL0A-processed-gene-8.5-mRNA-1",0.406744569540024
"maker-SAKL0A-augustus-gene-8.68-mRNA-1",1.15923285484314
"snap_masked-SAKL0A-processed-gene-8.92-mRNA-1",0.989691436290741
"augustus_masked-SAKL0A-processed-gene-8.6-mRNA-1",0.0597428716719151
"augustus_masked-SAKL0A-processed-gene-8.7-mRNA-1",0.184278383851051
"augustus_masked-SAKL0A-processed-gene-8.34-mRNA-1",0.411285609006882
"augustus_masked-SAKL0A-processed-gene-8.8-mRNA-1",0.764588832855225
"augustus_masked-SAKL0A-processed-gene-8.35-mRNA-1",0.509681463241577
"augustus_masked-SAKL0A-processed-gene-8.36-mRNA-1",1.67430114746094
"augustus_masked-SAKL0A-processed-gene-8.9-mRNA-1",1.17040467262268
"augustus_masked-SAKL0A-processed-gene-8.37-mRNA-1",0.344251871109009
"augustus_masked-SAKL0A-processed-gene-8.38-mRNA-1",0.407194763422012
"augustus_masked-SAKL0A-processed-gene-8.39-mRNA-1",0.88873952627182
"augustus_masked-SAKL0A-processed-gene-8.10-mRNA-1",1.05113625526428
"genemark-SAKL0A-processed-gene-8.168-mRNA-1",1.30541837215424
"maker-SAKL0A-augustus-gene-8.69-mRNA-1",0.366163849830627
"snap_masked-SAKL0A-processed-gene-8.99-mRNA-1",1.09547400474548
"snap_masked-SAKL0A-processed-gene-8.100-mRNA-1",0.83834844827652
"augustus_masked-SAKL0A-processed-gene-8.41-mRNA-1",0.463229358196259
"augustus_masked-SAKL0A-processed-gene-8.42-mRNA-1",0.854203701019287
"maker-SAKL0A-augustus-gene-8.70-mRNA-1",1.85552382469177
"augustus_masked-SAKL0A-processed-gene-8.13-mRNA-1",0.982647180557251
"augustus_masked-SAKL0A-processed-gene-8.44-mRNA-1",0.474367618560791
"maker-SAKL0A-augustus-gene-8.72-mRNA-1",0.845241129398346
"augustus_masked-SAKL0A-processed-gene-8.46-mRNA-1",0.771868467330933
"augustus_masked-SAKL0A-processed-gene-8.14-mRNA-1",1.36971938610077
"augustus_masked-SAKL0A-processed-gene-8.15-mRNA-1",1.15679287910461
"augustus_masked-SAKL0A-processed-gene-8.47-mRNA-1",0.262907117605209
"augustus_masked-SAKL0A-processed-gene-8.48-mRNA-1",0.599303364753723
"augustus_masked-SAKL0A-processed-gene-8.49-mRNA-1",1.13538873195648
"snap_masked-SAKL0A-processed-gene-8.139-mRNA-1",1.20868861675262
"augustus_masked-SAKL0A-processed-gene-8.16-mRNA-1",0.158079206943512
"augustus_masked-SAKL0A-processed-gene-8.17-mRNA-1",0.687247335910797
"augustus_masked-SAKL0A-processed-gene-8.51-mRNA-1",0.841321408748627
"augustus_masked-SAKL0A-processed-gene-8.18-mRNA-1",1.12589728832245
"augustus_masked-SAKL0A-processed-gene-8.19-mRNA-1",0.23156301677227
"augustus_masked-SAKL0A-processed-gene-8.52-mRNA-1",0.676003634929657
"snap_masked-SAKL0A-processed-gene-8.142-mRNA-1",0.690195679664612
"augustus_masked-SAKL0A-processed-gene-8.20-mRNA-1",0.836419999599457
"snap_masked-SAKL0A-processed-gene-8.143-mRNA-1",0.102323703467846
"augustus_masked-SAKL0A-processed-gene-8.53-mRNA-1",0.0733901038765907
"augustus_masked-SAKL0A-processed-gene-8.54-mRNA-1",0.42690846323967
"augustus_masked-SAKL0A-processed-gene-8.55-mRNA-1",0.647102892398834
"snap_masked-SAKL0A-processed-gene-8.109-mRNA-1",0.389626264572144
"augustus_masked-SAKL0A-processed-gene-8.56-mRNA-1",0.626456260681152
"augustus_masked-SAKL0A-processed-gene-8.22-mRNA-1",0.0343577973544598
"augustus_masked-SAKL0A-processed-gene-8.23-mRNA-1",0.89259535074234
"augustus_masked-SAKL0A-processed-gene-8.57-mRNA-1",0.659923851490021
"augustus_masked-SAKL0A-processed-gene-8.24-mRNA-1",0.313293427228928
"augustus_masked-SAKL0A-processed-gene-8.58-mRNA-1",0.389487326145172
"augustus_masked-SAKL0A-processed-gene-8.25-mRNA-1",0.609691977500916
"genemark-SAKL0A-processed-gene-8.183-mRNA-1",0.362151265144348
"augustus_masked-SAKL0A-processed-gene-8.59-mRNA-1",0.692349851131439
"snap_masked-SAKL0A-processed-gene-8.114-mRNA-1",0.433973729610443
"snap_masked-SAKL0A-processed-gene-8.115-mRNA-1",0.0733782202005386
"augustus_masked-SAKL0A-processed-gene-8.28-mRNA-1",0.127655595541
"augustus_masked-SAKL0A-processed-gene-8.60-mRNA-1",2.10505843162537
"augustus_masked-SAKL0A-processed-gene-8.61-mRNA-1",2.40256023406982
"augustus_masked-SAKL0A-processed-gene-8.29-mRNA-1",3.05795860290527
"augustus_masked-SAKL0A-processed-gene-8.62-mRNA-1",2.10749340057373
"snap_masked-SAKL0A-processed-gene-8.118-mRNA-1",1.74027490615845
"augustus_masked-SAKL0A-processed-gene-8.63-mRNA-1",3.62260174751282
"snap_masked-SAKL0A-processed-gene-8.119-mRNA-1",2.13583016395569
"augustus_masked-SAKL0A-processed-gene-8.30-mRNA-1",3.0939028263092
"genemark-SAKL0A-processed-gene-8.189-mRNA-1",2.31294393539429
"snap_masked-SAKL0A-processed-gene-8.154-mRNA-1",1.89631998538971
"genemark-SAKL0A-processed-gene-8.190-mRNA-1",2.16604828834534
"maker-SAKL0A-augustus-gene-8.66-mRNA-1",2.81979084014893
"maker-SAKL0A-snap-gene-8.77-mRNA-1",3.02036213874817
"snap_masked-SAKL0A-processed-gene-8.155-mRNA-1",2.1106641292572
"snap_masked-SAKL0A-processed-gene-8.156-mRNA-1",3.1362316608429
"augustus_masked-SAKL0B-processed-gene-0.100-mRNA-1",0.841707170009613
"augustus_masked-SAKL0B-processed-gene-0.101-mRNA-1",0.753671407699585
"augustus_masked-SAKL0B-processed-gene-0.102-mRNA-1",1.44202816486359
"augustus_masked-SAKL0B-processed-gene-0.84-mRNA-1",0.139658972620964
"augustus_masked-SAKL0B-processed-gene-0.85-mRNA-1",0.10010601580143
"genemark-SAKL0B-processed-gene-0.19-mRNA-1",0.457304567098618
"augustus_masked-SAKL0B-processed-gene-0.103-mRNA-1",0.22941891849041
"maker-SAKL0B-snap-gene-0.78-mRNA-1",0.381097763776779
"maker-SAKL0B-snap-gene-0.77-mRNA-1",0.178913608193398
"maker-SAKL0B-snap-gene-0.76-mRNA-1",0.0527712851762772
"maker-SAKL0B-snap-gene-0.75-mRNA-1",0.143214404582977
"augustus_masked-SAKL0B-processed-gene-0.86-mRNA-1",0.105265319347382
"snap_masked-SAKL0B-processed-gene-0.63-mRNA-1",0.323353588581085
"augustus_masked-SAKL0B-processed-gene-0.106-mRNA-1",0.0967872738838196
"genemark-SAKL0B-processed-gene-0.25-mRNA-1",0.144081324338913
"snap_masked-SAKL0B-processed-gene-0.40-mRNA-1",0.362378597259521
"augustus_masked-SAKL0B-processed-gene-0.87-mRNA-1",0.133550509810448
"snap_masked-SAKL0B-processed-gene-0.43-mRNA-1",0.399983078241348
"maker-SAKL0B-augustus-gene-0.82-mRNA-1",0.448479741811752
"snap_masked-SAKL0B-processed-gene-0.44-mRNA-1",0.308208107948303
"augustus_masked-SAKL0B-processed-gene-0.109-mRNA-1",0.190649807453156
"augustus_masked-SAKL0B-processed-gene-0.90-mRNA-1",0.556660652160645
"augustus_masked-SAKL0B-processed-gene-0.110-mRNA-1",0.435662627220154
"augustus_masked-SAKL0B-processed-gene-0.91-mRNA-1",0.510705649852753
"augustus_masked-SAKL0B-processed-gene-0.111-mRNA-1",0.935856759548187
"augustus_masked-SAKL0B-processed-gene-0.112-mRNA-1",1.04671216011047
"augustus_masked-SAKL0B-processed-gene-0.92-mRNA-1",0.151503339409828
"augustus_masked-SAKL0B-processed-gene-0.113-mRNA-1",0.549151480197906
"augustus_masked-SAKL0B-processed-gene-0.93-mRNA-1",0.156925663352013
"augustus_masked-SAKL0B-processed-gene-0.114-mRNA-1",0.525076329708099
"augustus_masked-SAKL0B-processed-gene-0.94-mRNA-1",0.402710944414139
"augustus_masked-SAKL0B-processed-gene-0.95-mRNA-1",0.580254852771759
"augustus_masked-SAKL0B-processed-gene-0.96-mRNA-1",0.466311901807785
"augustus_masked-SAKL0B-processed-gene-0.97-mRNA-1",0.327251940965652
"augustus_masked-SAKL0B-processed-gene-0.115-mRNA-1",0.31132236123085
"augustus_masked-SAKL0B-processed-gene-0.98-mRNA-1",0.0901929214596748
"maker-SAKL0B-augustus-gene-0.83-mRNA-1",0.27597177028656
"augustus_masked-SAKL0B-processed-gene-0.99-mRNA-1",0.247699543833733
"snap_masked-SAKL0B-processed-gene-1.46-mRNA-1",0.397065401077271
"augustus_masked-SAKL0B-processed-gene-1.0-mRNA-1",0.898207545280457
"augustus_masked-SAKL0B-processed-gene-1.4-mRNA-1",0.11077830940485
"augustus_masked-SAKL0B-processed-gene-1.5-mRNA-1",0.401621490716934
"maker-SAKL0B-augustus-gene-1.39-mRNA-1",0.471630036830902
"augustus_masked-SAKL0B-processed-gene-1.2-mRNA-1",0.0454918183386326
"augustus_masked-SAKL0B-processed-gene-1.25-mRNA-1",0.362224847078323
"augustus_masked-SAKL0B-processed-gene-1.26-mRNA-1",1.84275925159454
"augustus_masked-SAKL0B-processed-gene-1.6-mRNA-1",0.186433926224709
"augustus_masked-SAKL0B-processed-gene-1.27-mRNA-1",0.123732686042786
"augustus_masked-SAKL0B-processed-gene-1.28-mRNA-1",0.276400983333588
"augustus_masked-SAKL0B-processed-gene-1.7-mRNA-1",1.21528553962708
"augustus_masked-SAKL0B-processed-gene-1.8-mRNA-1",1.1189911365509
"augustus_masked-SAKL0B-processed-gene-1.9-mRNA-1",0.829402387142181
"augustus_masked-SAKL0B-processed-gene-1.10-mRNA-1",1.45765900611877
"augustus_masked-SAKL0B-processed-gene-1.11-mRNA-1",0.908664643764496
"augustus_masked-SAKL0B-processed-gene-1.12-mRNA-1",1.67645943164825
"snap_masked-SAKL0B-processed-gene-1.75-mRNA-1",0.782718122005463
"augustus_masked-SAKL0B-processed-gene-1.13-mRNA-1",1.42385947704315
"augustus_masked-SAKL0B-processed-gene-1.14-mRNA-1",1.36086821556091
"augustus_masked-SAKL0B-processed-gene-1.15-mRNA-1",1.04326248168945
"snap_masked-SAKL0B-processed-gene-1.59-mRNA-1",0.302744537591934
"augustus_masked-SAKL0B-processed-gene-1.30-mRNA-1",0.050379566848278
"augustus_masked-SAKL0B-processed-gene-1.31-mRNA-1",0.601338863372803
"augustus_masked-SAKL0B-processed-gene-1.32-mRNA-1",0.449198216199875
"augustus_masked-SAKL0B-processed-gene-1.16-mRNA-1",0.280753195285797
"augustus_masked-SAKL0B-processed-gene-1.33-mRNA-1",0.513001561164856
"augustus_masked-SAKL0B-processed-gene-1.17-mRNA-1",0.281229645013809
"genemark-SAKL0B-processed-gene-1.119-mRNA-1",0.0377988591790199
"augustus_masked-SAKL0B-processed-gene-1.35-mRNA-1",0.527439475059509
"augustus_masked-SAKL0B-processed-gene-1.18-mRNA-1",0.546127915382385
"augustus_masked-SAKL0B-processed-gene-1.19-mRNA-1",0.339395999908447
"augustus_masked-SAKL0B-processed-gene-1.20-mRNA-1",0.209233269095421
"augustus_masked-SAKL0B-processed-gene-1.36-mRNA-1",0.812045812606812
"augustus_masked-SAKL0B-processed-gene-1.37-mRNA-1",0.433297574520111
"snap_masked-SAKL0B-processed-gene-1.84-mRNA-1",1.2825642824173
"augustus_masked-SAKL0B-processed-gene-1.21-mRNA-1",0.784268081188202
"augustus_masked-SAKL0B-processed-gene-1.22-mRNA-1",0.487610429525375
"augustus_masked-SAKL0B-processed-gene-1.23-mRNA-1",0.408050030469894
"augustus_masked-SAKL0B-processed-gene-1.24-mRNA-1",0.776950895786285
"augustus_masked-SAKL0B-processed-gene-2.4-mRNA-1",0.791998863220215
"augustus_masked-SAKL0B-processed-gene-2.3-mRNA-1",0.83591240644455
"augustus_masked-SAKL0B-processed-gene-2.5-mRNA-1",0.194383591413498
"augustus_masked-SAKL0B-processed-gene-2.6-mRNA-1",0.363989770412445
"augustus_masked-SAKL0B-processed-gene-2.7-mRNA-1",0.51440441608429
"augustus_masked-SAKL0B-processed-gene-2.8-mRNA-1",0.611937165260315
"augustus_masked-SAKL0B-processed-gene-2.9-mRNA-1",1.4954993724823
"augustus_masked-SAKL0B-processed-gene-2.33-mRNA-1",1.26401388645172
"snap_masked-SAKL0B-processed-gene-2.103-mRNA-1",0.423320680856705
"augustus_masked-SAKL0B-processed-gene-2.34-mRNA-1",0.550651609897614
"augustus_masked-SAKL0B-processed-gene-2.35-mRNA-1",0.0280103255063295
"snap_masked-SAKL0B-processed-gene-2.130-mRNA-1",0.428942888975143
"snap_masked-SAKL0B-processed-gene-2.131-mRNA-1",0.71373462677002
"augustus_masked-SAKL0B-processed-gene-2.11-mRNA-1",0.631576895713806
"snap_masked-SAKL0B-processed-gene-2.105-mRNA-1",0.65919691324234
"augustus_masked-SAKL0B-processed-gene-2.13-mRNA-1",0.454348832368851
"augustus_masked-SAKL0B-processed-gene-2.14-mRNA-1",0.116979047656059
"augustus_masked-SAKL0B-processed-gene-2.15-mRNA-1",0.351616054773331
"snap_masked-SAKL0B-processed-gene-2.109-mRNA-1",0.180162459611893
"augustus_masked-SAKL0B-processed-gene-2.17-mRNA-1",0.553990662097931
"augustus_masked-SAKL0B-processed-gene-2.18-mRNA-1",0.339061111211777
"snap_masked-SAKL0B-processed-gene-2.132-mRNA-1",0.136160373687744
"augustus_masked-SAKL0B-processed-gene-2.38-mRNA-1",0.478007733821869
"augustus_masked-SAKL0B-processed-gene-2.19-mRNA-1",0.270763516426086
"augustus_masked-SAKL0B-processed-gene-2.39-mRNA-1",0.618165373802185
"genemark-SAKL0B-processed-gene-2.65-mRNA-1",0.614421546459198
"augustus_masked-SAKL0B-processed-gene-2.40-mRNA-1",0.153240785002708
"augustus_masked-SAKL0B-processed-gene-2.21-mRNA-1",0.290269255638123
"augustus_masked-SAKL0B-processed-gene-2.41-mRNA-1",0.868072748184204
"snap_masked-SAKL0B-processed-gene-2.137-mRNA-1",0.808541357517242
"snap_masked-SAKL0B-processed-gene-2.115-mRNA-1",0.566878437995911
"snap_masked-SAKL0B-processed-gene-2.138-mRNA-1",0.457144886255264
"augustus_masked-SAKL0B-processed-gene-2.23-mRNA-1",0.318514496088028
"augustus_masked-SAKL0B-processed-gene-2.24-mRNA-1",0.175275221467018
"augustus_masked-SAKL0B-processed-gene-2.43-mRNA-1",0.150842219591141
"snap_masked-SAKL0B-processed-gene-2.118-mRNA-1",0.449296951293945
"augustus_masked-SAKL0B-processed-gene-2.44-mRNA-1",0.140632584691048
"augustus_masked-SAKL0B-processed-gene-2.26-mRNA-1",0.249785974621773
"augustus_masked-SAKL0B-processed-gene-2.45-mRNA-1",0.166999384760857
"augustus_masked-SAKL0B-processed-gene-2.27-mRNA-1",0.648205161094666
"augustus_masked-SAKL0B-processed-gene-2.28-mRNA-1",0.29951223731041
"genemark-SAKL0B-processed-gene-2.74-mRNA-1",0.28180119395256
"snap_masked-SAKL0B-processed-gene-2.123-mRNA-1",0.132956564426422
"augustus_masked-SAKL0B-processed-gene-2.30-mRNA-1",0.183776691555977
"augustus_masked-SAKL0B-processed-gene-2.46-mRNA-1",0.446300446987152
"augustus_masked-SAKL0B-processed-gene-2.31-mRNA-1",0.449207544326782
"augustus_masked-SAKL0B-processed-gene-2.47-mRNA-1",0.0554623045027256
"augustus_masked-SAKL0B-processed-gene-2.32-mRNA-1",0.0612053573131561
"genemark-SAKL0B-processed-gene-3.45-mRNA-1",0.0362982898950577
"augustus_masked-SAKL0B-processed-gene-3.89-mRNA-1",0.327030181884766
"augustus_masked-SAKL0B-processed-gene-3.87-mRNA-1",0.472571045160294
"snap_masked-SAKL0B-processed-gene-3.3-mRNA-1",0.488050937652588
"augustus_masked-SAKL0B-processed-gene-3.91-mRNA-1",0.488410353660583
"snap_masked-SAKL0B-processed-gene-3.5-mRNA-1",0.102652214467525
"augustus_masked-SAKL0B-processed-gene-3.93-mRNA-1",0.304960072040558
"augustus_masked-SAKL0B-processed-gene-3.94-mRNA-1",0.326286911964417
"augustus_masked-SAKL0B-processed-gene-3.95-mRNA-1",0.469761788845062
"augustus_masked-SAKL0B-processed-gene-3.111-mRNA-1",0.384955018758774
"snap_masked-SAKL0B-processed-gene-3.9-mRNA-1",0.534220933914185
"snap_masked-SAKL0B-processed-gene-3.30-mRNA-1",1.54282522201538
"augustus_masked-SAKL0B-processed-gene-3.97-mRNA-1",0.410202234983444
"augustus_masked-SAKL0B-processed-gene-3.113-mRNA-1",0.225677728652954
"augustus_masked-SAKL0B-processed-gene-3.114-mRNA-1",1.92432022094727
"augustus_masked-SAKL0B-processed-gene-3.98-mRNA-1",2.17446613311768
"augustus_masked-SAKL0B-processed-gene-3.99-mRNA-1",0.615515112876892
"snap_masked-SAKL0B-processed-gene-3.13-mRNA-1",0.897655785083771
"augustus_masked-SAKL0B-processed-gene-3.115-mRNA-1",1.34499382972717
"augustus_masked-SAKL0B-processed-gene-3.100-mRNA-1",0.518289268016815
"augustus_masked-SAKL0B-processed-gene-3.116-mRNA-1",1.19083034992218
"augustus_masked-SAKL0B-processed-gene-3.101-mRNA-1",0.226280704140663
"augustus_masked-SAKL0B-processed-gene-3.117-mRNA-1",0.303676247596741
"augustus_masked-SAKL0B-processed-gene-3.102-mRNA-1",0.256700724363327
"augustus_masked-SAKL0B-processed-gene-3.103-mRNA-1",0.571195542812347
"augustus_masked-SAKL0B-processed-gene-3.118-mRNA-1",0.0217455644160509
"snap_masked-SAKL0B-processed-gene-3.37-mRNA-1",0.170703858137131
"augustus_masked-SAKL0B-processed-gene-3.120-mRNA-1",0.140142634510994
"snap_masked-SAKL0B-processed-gene-3.18-mRNA-1",0.351868182420731
"snap_masked-SAKL0B-processed-gene-3.19-mRNA-1",0.182158052921295
"snap_masked-SAKL0B-processed-gene-3.39-mRNA-1",0.496320247650146
"augustus_masked-SAKL0B-processed-gene-3.104-mRNA-1",0.550601720809937
"snap_masked-SAKL0B-processed-gene-3.21-mRNA-1",0.167155429720879
"augustus_masked-SAKL0B-processed-gene-3.106-mRNA-1",1.44072794914246
"augustus_masked-SAKL0B-processed-gene-3.107-mRNA-1",0.276155740022659
"augustus_masked-SAKL0B-processed-gene-3.108-mRNA-1",0.120493717491627
"augustus_masked-SAKL0B-processed-gene-3.122-mRNA-1",0.31205752491951
"augustus_masked-SAKL0B-processed-gene-3.109-mRNA-1",0.464734226465225
"augustus_masked-SAKL0B-processed-gene-3.123-mRNA-1",0.808061718940735
"augustus_masked-SAKL0B-processed-gene-3.124-mRNA-1",0.684231817722321
"augustus_masked-SAKL0B-processed-gene-3.125-mRNA-1",0.45116850733757
"augustus_masked-SAKL0B-processed-gene-3.110-mRNA-1",0.398341625928879
"augustus_masked-SAKL0B-processed-gene-4.100-mRNA-1",0.619485318660736
"augustus_masked-SAKL0B-processed-gene-4.101-mRNA-1",1.06801199913025
"augustus_masked-SAKL0B-processed-gene-4.98-mRNA-1",0.659201204776764
"genemark-SAKL0B-processed-gene-4.50-mRNA-1",0.17330926656723
"augustus_masked-SAKL0B-processed-gene-4.127-mRNA-1",0.310011237859726
"augustus_masked-SAKL0B-processed-gene-4.102-mRNA-1",0.751071333885193
"augustus_masked-SAKL0B-processed-gene-4.103-mRNA-1",1.13767039775848
"augustus_masked-SAKL0B-processed-gene-4.128-mRNA-1",1.45019948482513
"augustus_masked-SAKL0B-processed-gene-4.129-mRNA-1",1.51633441448212
"augustus_masked-SAKL0B-processed-gene-4.130-mRNA-1",1.27648770809174
"augustus_masked-SAKL0B-processed-gene-4.131-mRNA-1",0.778281509876251
"augustus_masked-SAKL0B-processed-gene-4.132-mRNA-1",0.994075059890747
"augustus_masked-SAKL0B-processed-gene-4.104-mRNA-1",1.72813057899475
"snap_masked-SAKL0B-processed-gene-4.7-mRNA-1",2.16880583763123
"snap_masked-SAKL0B-processed-gene-4.36-mRNA-1",0.941033005714417
"augustus_masked-SAKL0B-processed-gene-4.106-mRNA-1",0.775467157363892
"snap_masked-SAKL0B-processed-gene-4.9-mRNA-1",1.05385673046112
"augustus_masked-SAKL0B-processed-gene-4.134-mRNA-1",0.820483088493347
"augustus_masked-SAKL0B-processed-gene-4.108-mRNA-1",0.87337464094162
"augustus_masked-SAKL0B-processed-gene-4.109-mRNA-1",1.22712206840515
"augustus_masked-SAKL0B-processed-gene-4.135-mRNA-1",0.548897981643677
"augustus_masked-SAKL0B-processed-gene-4.110-mRNA-1",0.402198761701584
"augustus_masked-SAKL0B-processed-gene-4.136-mRNA-1",0.399172931909561
"snap_masked-SAKL0B-processed-gene-4.40-mRNA-1",0.334182173013687
"snap_masked-SAKL0B-processed-gene-4.12-mRNA-1",0.54998379945755
"augustus_masked-SAKL0B-processed-gene-4.112-mRNA-1",0.291686445474625
"snap_masked-SAKL0B-processed-gene-4.14-mRNA-1",0.737946808338165
"augustus_masked-SAKL0B-processed-gene-4.114-mRNA-1",0.495174288749695
"augustus_masked-SAKL0B-processed-gene-4.115-mRNA-1",0.324794590473175
"snap_masked-SAKL0B-processed-gene-4.17-mRNA-1",0.517426013946533
"genemark-SAKL0B-processed-gene-4.91-mRNA-1",0.0564605705440044
"augustus_masked-SAKL0B-processed-gene-4.117-mRNA-1",0.0558456555008888
"snap_masked-SAKL0B-processed-gene-4.42-mRNA-1",0.215722993016243
"augustus_masked-SAKL0B-processed-gene-4.138-mRNA-1",0.147064715623856
"snap_masked-SAKL0B-processed-gene-4.19-mRNA-1",0.261897295713425
"augustus_masked-SAKL0B-processed-gene-4.139-mRNA-1",0.136113226413727
"augustus_masked-SAKL0B-processed-gene-4.140-mRNA-1",0.685811221599579
"augustus_masked-SAKL0B-processed-gene-4.119-mRNA-1",0.817886292934418
"maker-SAKL0B-augustus-gene-4.149-mRNA-1",0.535754561424255
"snap_masked-SAKL0B-processed-gene-4.22-mRNA-1",0.16535310447216
"snap_masked-SAKL0B-processed-gene-4.23-mRNA-1",0.771508097648621
"snap_masked-SAKL0B-processed-gene-4.24-mRNA-1",1.18154036998749
"snap_masked-SAKL0B-processed-gene-4.25-mRNA-1",0.811935603618622
"augustus_masked-SAKL0B-processed-gene-4.123-mRNA-1",0.497216761112213
"genemark-SAKL0B-processed-gene-4.78-mRNA-1",0.0703185349702835
"augustus_masked-SAKL0B-processed-gene-4.141-mRNA-1",0.416339486837387
"augustus_masked-SAKL0B-processed-gene-4.125-mRNA-1",0.196077153086662
"genemark-SAKL0B-processed-gene-4.97-mRNA-1",0.162653654813766
"augustus_masked-SAKL0B-processed-gene-4.126-mRNA-1",0.82172429561615
"augustus_masked-SAKL0B-processed-gene-5.87-mRNA-1",0.3618503510952
"augustus_masked-SAKL0B-processed-gene-5.86-mRNA-1",0.10551093518734
"augustus_masked-SAKL0B-processed-gene-5.88-mRNA-1",0.448527157306671
"snap_masked-SAKL0B-processed-gene-5.3-mRNA-1",0.16057975590229
"augustus_masked-SAKL0B-processed-gene-5.90-mRNA-1",0.548091173171997
"augustus_masked-SAKL0B-processed-gene-5.110-mRNA-1",0.804255187511444
"augustus_masked-SAKL0B-processed-gene-5.111-mRNA-1",1.02890300750732
"augustus_masked-SAKL0B-processed-gene-5.91-mRNA-1",1.22020876407623
"augustus_masked-SAKL0B-processed-gene-5.112-mRNA-1",0.590465903282166
"snap_masked-SAKL0B-processed-gene-5.6-mRNA-1",0.410988390445709
"augustus_masked-SAKL0B-processed-gene-5.113-mRNA-1",0.760776519775391
"augustus_masked-SAKL0B-processed-gene-5.93-mRNA-1",0.680624485015869
"augustus_masked-SAKL0B-processed-gene-5.114-mRNA-1",0.982266843318939
"augustus_masked-SAKL0B-processed-gene-5.115-mRNA-1",0.891186892986298
"augustus_masked-SAKL0B-processed-gene-5.94-mRNA-1",0.745668649673462
"augustus_masked-SAKL0B-processed-gene-5.116-mRNA-1",0.172866642475128
"snap_masked-SAKL0B-processed-gene-5.9-mRNA-1",0.451304495334625
"augustus_masked-SAKL0B-processed-gene-5.96-mRNA-1",0.14345295727253
"augustus_masked-SAKL0B-processed-gene-5.97-mRNA-1",0.305809408426285
"augustus_masked-SAKL0B-processed-gene-5.117-mRNA-1",0.490775674581528
"augustus_masked-SAKL0B-processed-gene-5.98-mRNA-1",1.00105035305023
"snap_masked-SAKL0B-processed-gene-5.13-mRNA-1",1.2392338514328
"snap_masked-SAKL0B-processed-gene-5.14-mRNA-1",1.72339868545532
"maker-SAKL0B-snap-gene-5.133-mRNA-1",0.0583843626081944
"augustus_masked-SAKL0B-processed-gene-5.120-mRNA-1",0.0642957538366318
"snap_masked-SAKL0B-processed-gene-5.36-mRNA-1",0.632275521755219
"snap_masked-SAKL0B-processed-gene-5.15-mRNA-1",0.282560408115387
"augustus_masked-SAKL0B-processed-gene-5.122-mRNA-1",0.414337247610092
"augustus_masked-SAKL0B-processed-gene-5.123-mRNA-1",0.52104514837265
"augustus_masked-SAKL0B-processed-gene-5.102-mRNA-1",1.20658957958221
"augustus_masked-SAKL0B-processed-gene-5.103-mRNA-1",0.700128197669983
"snap_masked-SAKL0B-processed-gene-5.18-mRNA-1",1.1299409866333
"augustus_masked-SAKL0B-processed-gene-5.105-mRNA-1",0.271787881851196
"snap_masked-SAKL0B-processed-gene-5.20-mRNA-1",0.864265859127045
"snap_masked-SAKL0B-processed-gene-5.39-mRNA-1",0.352554321289062
"augustus_masked-SAKL0B-processed-gene-5.107-mRNA-1",0.553555905818939
"augustus_masked-SAKL0B-processed-gene-5.125-mRNA-1",0.600312888622284
"snap_masked-SAKL0B-processed-gene-5.22-mRNA-1",1.49545812606812
"augustus_masked-SAKL0B-processed-gene-5.126-mRNA-1",0.916606843471527
"augustus_masked-SAKL0B-processed-gene-5.108-mRNA-1",0.715240597724915
"snap_masked-SAKL0B-processed-gene-5.42-mRNA-1",0.557400941848755
"augustus_masked-SAKL0B-processed-gene-5.128-mRNA-1",0.893920660018921
"augustus_masked-SAKL0B-processed-gene-5.109-mRNA-1",1.18564343452454
"genemark-SAKL0B-processed-gene-6.2-mRNA-1",1.23512935638428
"augustus_masked-SAKL0B-processed-gene-6.105-mRNA-1",0.564773797988892
"augustus_masked-SAKL0B-processed-gene-6.106-mRNA-1",0.22321905195713
"augustus_masked-SAKL0B-processed-gene-6.108-mRNA-1",0.682314157485962
"augustus_masked-SAKL0B-processed-gene-6.109-mRNA-1",0.219114318490028
"augustus_masked-SAKL0B-processed-gene-6.130-mRNA-1",0.68072909116745
"augustus_masked-SAKL0B-processed-gene-6.110-mRNA-1",0.695113122463226
"snap_masked-SAKL0B-processed-gene-6.77-mRNA-1",0.246514096856117
"maker-SAKL0B-snap-gene-6.98-mRNA-1",0.166871443390846
"augustus_masked-SAKL0B-processed-gene-6.132-mRNA-1",0.577752411365509
"snap_masked-SAKL0B-processed-gene-6.57-mRNA-1",0.845665454864502
"maker-SAKL0B-augustus-gene-6.104-mRNA-1",0.646626830101013
"augustus_masked-SAKL0B-processed-gene-6.134-mRNA-1",0.746163725852966
"augustus_masked-SAKL0B-processed-gene-6.135-mRNA-1",0.360217273235321
"augustus_masked-SAKL0B-processed-gene-6.113-mRNA-1",0.767386436462402
"augustus_masked-SAKL0B-processed-gene-6.136-mRNA-1",0.398031890392303
"augustus_masked-SAKL0B-processed-gene-6.114-mRNA-1",0.613775968551636
"genemark-SAKL0B-processed-gene-6.11-mRNA-1",0.0539930909872055
"snap_masked-SAKL0B-processed-gene-6.61-mRNA-1",0.255449950695038
"augustus_masked-SAKL0B-processed-gene-6.116-mRNA-1",0.338647991418839
"augustus_masked-SAKL0B-processed-gene-6.137-mRNA-1",0.0881593450903893
"augustus_masked-SAKL0B-processed-gene-6.117-mRNA-1",0.067061148583889
"augustus_masked-SAKL0B-processed-gene-6.138-mRNA-1",0.411905229091644
"augustus_masked-SAKL0B-processed-gene-6.118-mRNA-1",0.531189262866974
"augustus_masked-SAKL0B-processed-gene-6.119-mRNA-1",0.342412680387497
"snap_masked-SAKL0B-processed-gene-6.65-mRNA-1",0.14748577773571
"snap_masked-SAKL0B-processed-gene-6.66-mRNA-1",0.368309259414673
"augustus_masked-SAKL0B-processed-gene-6.139-mRNA-1",1.30696702003479
"augustus_masked-SAKL0B-processed-gene-6.140-mRNA-1",0.162954345345497
"augustus_masked-SAKL0B-processed-gene-6.121-mRNA-1",0.668088436126709
"augustus_masked-SAKL0B-processed-gene-6.141-mRNA-1",0.674691021442413
"augustus_masked-SAKL0B-processed-gene-6.142-mRNA-1",0.546821177005768
"augustus_masked-SAKL0B-processed-gene-6.122-mRNA-1",1.25755906105042
"augustus_masked-SAKL0B-processed-gene-6.143-mRNA-1",1.16934525966644
"augustus_masked-SAKL0B-processed-gene-6.123-mRNA-1",1.08185565471649
"snap_masked-SAKL0B-processed-gene-6.70-mRNA-1",0.384182512760162
"snap_masked-SAKL0B-processed-gene-6.71-mRNA-1",0.483170747756958
"augustus_masked-SAKL0B-processed-gene-6.144-mRNA-1",0.0492940545082092
"snap_masked-SAKL0B-processed-gene-6.91-mRNA-1",1.25196290016174
"augustus_masked-SAKL0B-processed-gene-6.125-mRNA-1",0.292364925146103
"augustus_masked-SAKL0B-processed-gene-6.145-mRNA-1",0.407505393028259
"augustus_masked-SAKL0B-processed-gene-6.126-mRNA-1",0.0884693637490273
"genemark-SAKL0B-processed-gene-6.45-mRNA-1",0.160127237439156
"augustus_masked-SAKL0B-processed-gene-6.147-mRNA-1",0.700689673423767
"augustus_masked-SAKL0B-processed-gene-6.127-mRNA-1",0.346111208200455
"augustus_masked-SAKL0B-processed-gene-6.148-mRNA-1",0.156967252492905
"maker-SAKL0B-augustus-gene-6.103-mRNA-1",0.0772404819726944
"augustus_masked-SAKL0B-processed-gene-6.149-mRNA-1",0.133849576115608
"augustus_masked-SAKL0B-processed-gene-6.129-mRNA-1",0.459176182746887
"augustus_masked-SAKL0B-processed-gene-6.150-mRNA-1",0.454271852970123
"augustus_masked-SAKL0B-processed-gene-7.0-mRNA-1",0.803117632865906
"maker-SAKL0B-augustus-gene-7.48-mRNA-1",0.608006596565247
"augustus_masked-SAKL0B-processed-gene-7.5-mRNA-1",0.775429308414459
"augustus_masked-SAKL0B-processed-gene-7.1-mRNA-1",1.29212939739227
"augustus_masked-SAKL0B-processed-gene-7.2-mRNA-1",0.92684018611908
"snap_masked-SAKL0B-processed-gene-7.77-mRNA-1",0.228133216500282
"maker-SAKL0B-snap-gene-7.50-mRNA-1",1.12941479682922
"augustus_masked-SAKL0B-processed-gene-7.8-mRNA-1",0.390351414680481
"augustus_masked-SAKL0B-processed-gene-7.24-mRNA-1",0.551058530807495
"snap_masked-SAKL0B-processed-gene-7.79-mRNA-1",0.568178415298462
"snap_masked-SAKL0B-processed-gene-7.80-mRNA-1",0.110598541796207
"snap_masked-SAKL0B-processed-gene-7.81-mRNA-1",1.10272908210754
"augustus_masked-SAKL0B-processed-gene-7.26-mRNA-1",0.170386716723442
"augustus_masked-SAKL0B-processed-gene-7.27-mRNA-1",0.352835565805435
"augustus_masked-SAKL0B-processed-gene-7.28-mRNA-1",0.122608065605164
"augustus_masked-SAKL0B-processed-gene-7.9-mRNA-1",0.15999947488308
"augustus_masked-SAKL0B-processed-gene-7.29-mRNA-1",0.0806557759642601
"augustus_masked-SAKL0B-processed-gene-7.30-mRNA-1",1.24912881851196
"maker-SAKL0B-snap-gene-7.51-mRNA-1",0.616780519485474
"augustus_masked-SAKL0B-processed-gene-7.31-mRNA-1",0.334412902593613
"augustus_masked-SAKL0B-processed-gene-7.32-mRNA-1",0.101151280105114
"genemark-SAKL0B-processed-gene-7.137-mRNA-1",0.0799433439970016
"augustus_masked-SAKL0B-processed-gene-7.34-mRNA-1",0.673298716545105
"augustus_masked-SAKL0B-processed-gene-7.11-mRNA-1",1.14983928203583
"augustus_masked-SAKL0B-processed-gene-7.35-mRNA-1",1.0159957408905
"augustus_masked-SAKL0B-processed-gene-7.12-mRNA-1",0.740687131881714
"augustus_masked-SAKL0B-processed-gene-7.36-mRNA-1",0.443694025278091
"augustus_masked-SAKL0B-processed-gene-7.13-mRNA-1",0.228543907403946
"augustus_masked-SAKL0B-processed-gene-7.37-mRNA-1",0.327812105417252
"augustus_masked-SAKL0B-processed-gene-7.14-mRNA-1",0.191131457686424
"augustus_masked-SAKL0B-processed-gene-7.15-mRNA-1",0.16086745262146
"augustus_masked-SAKL0B-processed-gene-7.38-mRNA-1",1.03705835342407
"augustus_masked-SAKL0B-processed-gene-7.16-mRNA-1",1.38658607006073
"augustus_masked-SAKL0B-processed-gene-7.17-mRNA-1",0.71468585729599
"snap_masked-SAKL0B-processed-gene-7.95-mRNA-1",0.210895493626595
"snap_masked-SAKL0B-processed-gene-7.72-mRNA-1",0.301440745592117
"augustus_masked-SAKL0B-processed-gene-7.40-mRNA-1",0.719846725463867
"maker-SAKL0B-snap-gene-7.52-mRNA-1",0.552940785884857
"augustus_masked-SAKL0B-processed-gene-7.41-mRNA-1",0.312216460704803
"augustus_masked-SAKL0B-processed-gene-7.19-mRNA-1",0.278473109006882
"maker-SAKL0B-augustus-gene-7.49-mRNA-1",0.308271408081055
"augustus_masked-SAKL0B-processed-gene-7.20-mRNA-1",0.550603330135345
"augustus_masked-SAKL0B-processed-gene-7.43-mRNA-1",0.552392601966858
"augustus_masked-SAKL0B-processed-gene-7.44-mRNA-1",0.524897575378418
"augustus_masked-SAKL0B-processed-gene-7.21-mRNA-1",0.937089085578918
"augustus_masked-SAKL0B-processed-gene-7.45-mRNA-1",0.591369867324829
"augustus_masked-SAKL0B-processed-gene-7.22-mRNA-1",0.433629393577576
"augustus_masked-SAKL0B-processed-gene-8.1-mRNA-1",0.161010608077049
"augustus_masked-SAKL0B-processed-gene-8.2-mRNA-1",0.561037719249725
"augustus_masked-SAKL0B-processed-gene-8.3-mRNA-1",1.35635852813721
"augustus_masked-SAKL0B-processed-gene-8.0-mRNA-1",1.99713695049286
"augustus_masked-SAKL0B-processed-gene-8.4-mRNA-1",1.21394503116608
"augustus_masked-SAKL0B-processed-gene-8.5-mRNA-1",0.997689425945282
"augustus_masked-SAKL0B-processed-gene-8.6-mRNA-1",0.266095280647278
"augustus_masked-SAKL0B-processed-gene-8.26-mRNA-1",1.19116365909576
"augustus_masked-SAKL0B-processed-gene-8.7-mRNA-1",0.665055155754089
"augustus_masked-SAKL0B-processed-gene-8.27-mRNA-1",0.194127976894379
"augustus_masked-SAKL0B-processed-gene-8.8-mRNA-1",0.0872604623436928
"augustus_masked-SAKL0B-processed-gene-8.9-mRNA-1",0.153908386826515
"augustus_masked-SAKL0B-processed-gene-8.10-mRNA-1",0.328770846128464
"maker-SAKL0B-augustus-gene-8.44-mRNA-1",0.718424260616302
"augustus_masked-SAKL0B-processed-gene-8.29-mRNA-1",0.156756848096848
"augustus_masked-SAKL0B-processed-gene-8.11-mRNA-1",0.752737879753113
"maker-SAKL0B-augustus-gene-8.45-mRNA-1",0.655286014080048
"augustus_masked-SAKL0B-processed-gene-8.12-mRNA-1",0.638858497142792
"augustus_masked-SAKL0B-processed-gene-8.13-mRNA-1",0.965833485126495
"snap_masked-SAKL0B-processed-gene-8.82-mRNA-1",0.0768698900938034
"augustus_masked-SAKL0B-processed-gene-8.32-mRNA-1",1.17553007602692
"augustus_masked-SAKL0B-processed-gene-8.14-mRNA-1",0.189346671104431
"snap_masked-SAKL0B-processed-gene-8.84-mRNA-1",0.235064819455147
"snap_masked-SAKL0B-processed-gene-8.85-mRNA-1",0.319303125143051
"augustus_masked-SAKL0B-processed-gene-8.34-mRNA-1",0.511385202407837
"snap_masked-SAKL0B-processed-gene-8.65-mRNA-1",0.659619271755219
"augustus_masked-SAKL0B-processed-gene-8.16-mRNA-1",0.44598975777626
"augustus_masked-SAKL0B-processed-gene-8.17-mRNA-1",0.252103060483932
"augustus_masked-SAKL0B-processed-gene-8.35-mRNA-1",0.812940537929535
"augustus_masked-SAKL0B-processed-gene-8.36-mRNA-1",0.203265771269798
"augustus_masked-SAKL0B-processed-gene-8.37-mRNA-1",0.946420788764954
"augustus_masked-SAKL0B-processed-gene-8.18-mRNA-1",0.985448658466339
"augustus_masked-SAKL0B-processed-gene-8.19-mRNA-1",0.547913908958435
"augustus_masked-SAKL0B-processed-gene-8.20-mRNA-1",1.19633448123932
"augustus_masked-SAKL0B-processed-gene-8.21-mRNA-1",0.485525906085968
"augustus_masked-SAKL0B-processed-gene-8.38-mRNA-1",0.369387775659561
"augustus_masked-SAKL0B-processed-gene-8.39-mRNA-1",1.48152816295624
"augustus_masked-SAKL0B-processed-gene-8.22-mRNA-1",0.920279026031494
"augustus_masked-SAKL0B-processed-gene-8.23-mRNA-1",0.236890345811844
"augustus_masked-SAKL0B-processed-gene-8.24-mRNA-1",0.217882454395294
"augustus_masked-SAKL0B-processed-gene-8.40-mRNA-1",0.312855839729309
"augustus_masked-SAKL0B-processed-gene-8.41-mRNA-1",0.256053745746613
"snap_masked-SAKL0B-processed-gene-8.93-mRNA-1",0.396914422512054
"augustus_masked-SAKL0B-processed-gene-8.25-mRNA-1",0.251625180244446
"maker-SAKL0B-augustus-gene-8.46-mRNA-1",0.302558779716492
"augustus_masked-SAKL0B-processed-gene-9.90-mRNA-1",0.200204074382782
"augustus_masked-SAKL0B-processed-gene-9.86-mRNA-1",0.419561624526978
"snap_masked-SAKL0B-processed-gene-9.46-mRNA-1",0.609846234321594
"augustus_masked-SAKL0B-processed-gene-9.87-mRNA-1",0.976556658744812
"augustus_masked-SAKL0B-processed-gene-9.88-mRNA-1",0.765078544616699
"snap_masked-SAKL0B-processed-gene-9.44-mRNA-1",0.321271419525146
"snap_masked-SAKL0B-processed-gene-9.47-mRNA-1",0.211560666561127
"augustus_masked-SAKL0B-processed-gene-9.105-mRNA-1",0.114856816828251
"augustus_masked-SAKL0B-processed-gene-9.106-mRNA-1",0.24718901515007
"augustus_masked-SAKL0B-processed-gene-9.92-mRNA-1",0.251620024442673
"augustus_masked-SAKL0B-processed-gene-9.93-mRNA-1",1.39906644821167
"augustus_masked-SAKL0B-processed-gene-9.94-mRNA-1",0.858670592308044
"augustus_masked-SAKL0B-processed-gene-9.107-mRNA-1",1.22707867622375
"augustus_masked-SAKL0B-processed-gene-9.108-mRNA-1",0.44814321398735
"augustus_masked-SAKL0B-processed-gene-9.109-mRNA-1",0.819448173046112
"augustus_masked-SAKL0B-processed-gene-9.110-mRNA-1",0.849868655204773
"augustus_masked-SAKL0B-processed-gene-9.95-mRNA-1",0.242680668830872
"augustus_masked-SAKL0B-processed-gene-9.111-mRNA-1",0.129973784089088
"augustus_masked-SAKL0B-processed-gene-9.96-mRNA-1",0.115179404616356
"augustus_masked-SAKL0B-processed-gene-9.112-mRNA-1",0.419873714447021
"augustus_masked-SAKL0B-processed-gene-9.113-mRNA-1",1.0891033411026
"snap_masked-SAKL0B-processed-gene-9.53-mRNA-1",0.575241386890411
"augustus_masked-SAKL0B-processed-gene-9.114-mRNA-1",0.763518333435059
"augustus_masked-SAKL0B-processed-gene-9.115-mRNA-1",1.23022735118866
"augustus_masked-SAKL0B-processed-gene-9.98-mRNA-1",1.14866018295288
"snap_masked-SAKL0B-processed-gene-9.55-mRNA-1",0.0964714735746384
"augustus_masked-SAKL0B-processed-gene-9.116-mRNA-1",0.126636013388634
"augustus_masked-SAKL0B-processed-gene-9.117-mRNA-1",0.363026678562164
"augustus_masked-SAKL0B-processed-gene-9.100-mRNA-1",0.56495600938797
"augustus_masked-SAKL0B-processed-gene-9.118-mRNA-1",0.264197111129761
"augustus_masked-SAKL0B-processed-gene-9.101-mRNA-1",0.169038027524948
"augustus_masked-SAKL0B-processed-gene-9.119-mRNA-1",0.469064325094223
"augustus_masked-SAKL0B-processed-gene-9.120-mRNA-1",0.111251994967461
"augustus_masked-SAKL0B-processed-gene-9.102-mRNA-1",0.36504277586937
"augustus_masked-SAKL0B-processed-gene-9.121-mRNA-1",0.824227154254913
"augustus_masked-SAKL0B-processed-gene-9.103-mRNA-1",0.589738965034485
"augustus_masked-SAKL0B-processed-gene-9.122-mRNA-1",0.464412420988083
"augustus_masked-SAKL0B-processed-gene-9.104-mRNA-1",1.26494121551514
"snap_masked-SAKL0B-processed-gene-9.79-mRNA-1",0.297975867986679
"augustus_masked-SAKL0B-processed-gene-9.124-mRNA-1",0.104643829166889
"augustus_masked-SAKL0B-processed-gene-9.125-mRNA-1",0.894108951091766
"augustus_masked-SAKL0B-processed-gene-10.0-mRNA-1",0.282700508832932
"augustus_masked-SAKL0B-processed-gene-10.2-mRNA-1",1.11780881881714
"augustus_masked-SAKL0B-processed-gene-10.3-mRNA-1",0.596674501895905
"augustus_masked-SAKL0B-processed-gene-10.4-mRNA-1",1.01124680042267
"augustus_masked-SAKL0B-processed-gene-10.1-mRNA-1",0.646330893039703
"augustus_masked-SAKL0B-processed-gene-10.5-mRNA-1",0.40446525812149
"augustus_masked-SAKL0B-processed-gene-10.6-mRNA-1",1.02918517589569
"augustus_masked-SAKL0B-processed-gene-10.7-mRNA-1",0.20259116590023
"augustus_masked-SAKL0B-processed-gene-10.8-mRNA-1",0.0601203106343746
"snap_masked-SAKL0B-processed-gene-10.92-mRNA-1",0.175215974450111
"augustus_masked-SAKL0B-processed-gene-10.29-mRNA-1",0.929760277271271
"snap_masked-SAKL0B-processed-gene-10.94-mRNA-1",0.385684221982956
"augustus_masked-SAKL0B-processed-gene-10.9-mRNA-1",0.421018958091736
"augustus_masked-SAKL0B-processed-gene-10.31-mRNA-1",0.432676434516907
"augustus_masked-SAKL0B-processed-gene-10.32-mRNA-1",0.201175481081009
"augustus_masked-SAKL0B-processed-gene-10.33-mRNA-1",0.202496334910393
"augustus_masked-SAKL0B-processed-gene-10.10-mRNA-1",0.255195081233978
"augustus_masked-SAKL0B-processed-gene-10.34-mRNA-1",0.136983469128609
"genemark-SAKL0B-processed-gene-10.128-mRNA-1",0.135295778512955
"augustus_masked-SAKL0B-processed-gene-10.35-mRNA-1",0.237350761890411
"snap_masked-SAKL0B-processed-gene-10.73-mRNA-1",1.02414846420288
"genemark-SAKL0B-processed-gene-10.154-mRNA-1",2.28622841835022
"augustus_masked-SAKL0B-processed-gene-10.13-mRNA-1",2.38103437423706
"augustus_masked-SAKL0B-processed-gene-10.14-mRNA-1",0.28763023018837
"snap_masked-SAKL0B-processed-gene-10.101-mRNA-1",0.342474937438965
"snap_masked-SAKL0B-processed-gene-10.76-mRNA-1",0.314031690359116
"snap_masked-SAKL0B-processed-gene-10.102-mRNA-1",1.29612326622009
"augustus_masked-SAKL0B-processed-gene-10.15-mRNA-1",0.344659030437469
"augustus_masked-SAKL0B-processed-gene-10.38-mRNA-1",0.217786699533463
"augustus_masked-SAKL0B-processed-gene-10.16-mRNA-1",0.0756805390119553
"snap_masked-SAKL0B-processed-gene-10.104-mRNA-1",0.555776536464691
"augustus_masked-SAKL0B-processed-gene-10.17-mRNA-1",0.635899484157562
"augustus_masked-SAKL0B-processed-gene-10.40-mRNA-1",1.23604679107666
"augustus_masked-SAKL0B-processed-gene-10.18-mRNA-1",0.844381511211395
"genemark-SAKL0B-processed-gene-10.137-mRNA-1",0.600218117237091
"augustus_masked-SAKL0B-processed-gene-10.20-mRNA-1",0.478754311800003
"augustus_masked-SAKL0B-processed-gene-10.41-mRNA-1",0.027371559292078
"augustus_masked-SAKL0B-processed-gene-10.21-mRNA-1",1.28774440288544
"augustus_masked-SAKL0B-processed-gene-10.42-mRNA-1",2.74752712249756
"augustus_masked-SAKL0B-processed-gene-10.22-mRNA-1",1.16046667098999
"augustus_masked-SAKL0B-processed-gene-10.23-mRNA-1",0.523392140865326
"augustus_masked-SAKL0B-processed-gene-10.43-mRNA-1",0.0343546122312546
"augustus_masked-SAKL0B-processed-gene-10.44-mRNA-1",0.136393770575523
"augustus_masked-SAKL0B-processed-gene-10.24-mRNA-1",0.163063153624535
"augustus_masked-SAKL0B-processed-gene-10.25-mRNA-1",0.264382064342499
"augustus_masked-SAKL0B-processed-gene-10.45-mRNA-1",0.440787792205811
"snap_masked-SAKL0B-processed-gene-10.111-mRNA-1",0.499881893396378
"augustus_masked-SAKL0B-processed-gene-10.46-mRNA-1",0.857442378997803
"augustus_masked-SAKL0B-processed-gene-10.47-mRNA-1",1.09470152854919
"augustus_masked-SAKL0B-processed-gene-10.26-mRNA-1",1.18325865268707
"snap_masked-SAKL0B-processed-gene-10.88-mRNA-1",0.339332610368729
"snap_masked-SAKL0B-processed-gene-10.89-mRNA-1",1.73742532730103
"snap_masked-SAKL0B-processed-gene-10.90-mRNA-1",0.591375529766083
"maker-SAKL0B-snap-gene-10.54-mRNA-1",0.151542216539383
"snap_masked-SAKL0B-processed-gene-10.114-mRNA-1",1.38057792186737
"augustus_masked-SAKL0B-processed-gene-10.49-mRNA-1",0.109790094196796
"augustus_masked-SAKL0C-processed-gene-0.0-mRNA-1",2.48806214332581
"augustus_masked-SAKL0C-processed-gene-0.17-mRNA-1",2.72022891044617
"augustus_masked-SAKL0C-processed-gene-0.1-mRNA-1",3.45741367340088
"snap_masked-SAKL0C-processed-gene-0.56-mRNA-1",1.37385964393616
"augustus_masked-SAKL0C-processed-gene-0.2-mRNA-1",1.46215891838074
"augustus_masked-SAKL0C-processed-gene-0.3-mRNA-1",2.6583685874939
"augustus_masked-SAKL0C-processed-gene-0.18-mRNA-1",1.76528489589691
"snap_masked-SAKL0C-processed-gene-0.40-mRNA-1",2.87475562095642
"augustus_masked-SAKL0C-processed-gene-0.19-mRNA-1",2.31594061851501
"augustus_masked-SAKL0C-processed-gene-0.20-mRNA-1",0.798731625080109
"augustus_masked-SAKL0C-processed-gene-0.21-mRNA-1",1.7244371175766
"augustus_masked-SAKL0C-processed-gene-0.22-mRNA-1",1.69892644882202
"augustus_masked-SAKL0C-processed-gene-0.23-mRNA-1",2.35291337966919
"augustus_masked-SAKL0C-processed-gene-0.5-mRNA-1",3.43256115913391
"augustus_masked-SAKL0C-processed-gene-0.24-mRNA-1",2.01410818099976
"augustus_masked-SAKL0C-processed-gene-0.25-mRNA-1",3.43568348884583
"augustus_masked-SAKL0C-processed-gene-0.6-mRNA-1",2.36274433135986
"snap_masked-SAKL0C-processed-gene-0.43-mRNA-1",1.14575922489166
"augustus_masked-SAKL0C-processed-gene-0.26-mRNA-1",0.307112097740173
"augustus_masked-SAKL0C-processed-gene-0.7-mRNA-1",3.51179718971252
"augustus_masked-SAKL0C-processed-gene-0.27-mRNA-1",3.59013938903809
"augustus_masked-SAKL0C-processed-gene-0.8-mRNA-1",2.25681233406067
"snap_masked-SAKL0C-processed-gene-0.46-mRNA-1",3.50036263465881
"snap_masked-SAKL0C-processed-gene-0.66-mRNA-1",2.09002757072449
"augustus_masked-SAKL0C-processed-gene-0.10-mRNA-1",3.35237050056458
"augustus_masked-SAKL0C-processed-gene-0.29-mRNA-1",3.67152881622314
"augustus_masked-SAKL0C-processed-gene-0.11-mRNA-1",3.42311716079712
"augustus_masked-SAKL0C-processed-gene-0.30-mRNA-1",2.8763632774353
"augustus_masked-SAKL0C-processed-gene-0.12-mRNA-1",2.40566182136536
"augustus_masked-SAKL0C-processed-gene-0.31-mRNA-1",1.3669935464859
"augustus_masked-SAKL0C-processed-gene-0.32-mRNA-1",2.75912022590637
"augustus_masked-SAKL0C-processed-gene-0.13-mRNA-1",3.80218577384949
"augustus_masked-SAKL0C-processed-gene-0.33-mRNA-1",2.74388408660889
"augustus_masked-SAKL0C-processed-gene-0.34-mRNA-1",3.00067734718323
"snap_masked-SAKL0C-processed-gene-0.73-mRNA-1",1.55824756622314
"augustus_masked-SAKL0C-processed-gene-0.35-mRNA-1",3.8671133518219
"snap_masked-SAKL0C-processed-gene-0.51-mRNA-1",1.64495348930359
"snap_masked-SAKL0C-processed-gene-0.52-mRNA-1",4.04822969436646
"augustus_masked-SAKL0C-processed-gene-0.15-mRNA-1",1.84622311592102
"augustus_masked-SAKL0C-processed-gene-0.16-mRNA-1",3.26904892921448
"augustus_masked-SAKL0C-processed-gene-1.88-mRNA-1",3.46813702583313
"augustus_masked-SAKL0C-processed-gene-1.89-mRNA-1",2.80769467353821
"augustus_masked-SAKL0C-processed-gene-1.90-mRNA-1",3.3514199256897
"augustus_masked-SAKL0C-processed-gene-1.91-mRNA-1",3.07482123374939
"augustus_masked-SAKL0C-processed-gene-1.92-mRNA-1",2.85165357589722
"augustus_masked-SAKL0C-processed-gene-1.110-mRNA-1",2.87459373474121
"snap_masked-SAKL0C-processed-gene-1.6-mRNA-1",3.90270018577576
"snap_masked-SAKL0C-processed-gene-1.7-mRNA-1",4.48731327056885
"augustus_masked-SAKL0C-processed-gene-1.111-mRNA-1",3.80934906005859
"augustus_masked-SAKL0C-processed-gene-1.95-mRNA-1",2.59253525733948
"augustus_masked-SAKL0C-processed-gene-1.112-mRNA-1",1.29610109329224
"augustus_masked-SAKL0C-processed-gene-1.96-mRNA-1",4.19180011749268
"snap_masked-SAKL0C-processed-gene-1.10-mRNA-1",1.70338678359985
"augustus_masked-SAKL0C-processed-gene-1.113-mRNA-1",1.30163586139679
"augustus_masked-SAKL0C-processed-gene-1.98-mRNA-1",4.16054582595825
"augustus_masked-SAKL0C-processed-gene-1.114-mRNA-1",3.3895480632782
"maker-SAKL0C-augustus-gene-1.131-mRNA-1",3.64966320991516
"augustus_masked-SAKL0C-processed-gene-1.115-mRNA-1",3.7744996547699
"augustus_masked-SAKL0C-processed-gene-1.116-mRNA-1",3.8827657699585
"augustus_masked-SAKL0C-processed-gene-1.117-mRNA-1",2.88547801971436
"augustus_masked-SAKL0C-processed-gene-1.100-mRNA-1",2.67517161369324
"augustus_masked-SAKL0C-processed-gene-1.118-mRNA-1",1.50651097297668
"snap_masked-SAKL0C-processed-gene-1.31-mRNA-1",0.700204372406006
"augustus_masked-SAKL0C-processed-gene-1.101-mRNA-1",2.80672025680542
"snap_masked-SAKL0C-processed-gene-1.32-mRNA-1",3.20312285423279
"augustus_masked-SAKL0C-processed-gene-1.119-mRNA-1",3.10078239440918
"augustus_masked-SAKL0C-processed-gene-1.120-mRNA-1",2.68805360794067
"augustus_masked-SAKL0C-processed-gene-1.102-mRNA-1",2.33623266220093
"augustus_masked-SAKL0C-processed-gene-1.103-mRNA-1",3.24838042259216
"augustus_masked-SAKL0C-processed-gene-1.121-mRNA-1",3.58320927619934
"augustus_masked-SAKL0C-processed-gene-1.122-mRNA-1",2.70726013183594
"augustus_masked-SAKL0C-processed-gene-1.104-mRNA-1",2.15977120399475
"augustus_masked-SAKL0C-processed-gene-1.123-mRNA-1",2.84943795204163
"genemark-SAKL0C-processed-gene-1.62-mRNA-1",3.08380913734436
"snap_masked-SAKL0C-processed-gene-1.37-mRNA-1",3.39560198783875
"augustus_masked-SAKL0C-processed-gene-1.106-mRNA-1",2.4508490562439
"augustus_masked-SAKL0C-processed-gene-1.124-mRNA-1",2.84727883338928
"augustus_masked-SAKL0C-processed-gene-1.107-mRNA-1",3.78002071380615
"maker-SAKL0C-snap-gene-1.133-mRNA-1",3.02096652984619
"augustus_masked-SAKL0C-processed-gene-1.108-mRNA-1",0.906938910484314
"snap_masked-SAKL0C-processed-gene-1.40-mRNA-1",4.49291753768921
"augustus_masked-SAKL0C-processed-gene-1.109-mRNA-1",3.07319927215576
"snap_masked-SAKL0C-processed-gene-1.41-mRNA-1",3.63390827178955
"snap_masked-SAKL0C-processed-gene-1.42-mRNA-1",1.71010994911194
"augustus_masked-SAKL0C-processed-gene-1.129-mRNA-1",2.59886980056763
"augustus_masked-SAKL0C-processed-gene-1.130-mRNA-1",2.88633489608765
"augustus_masked-SAKL0C-processed-gene-2.71-mRNA-1",2.99612283706665
"augustus_masked-SAKL0C-processed-gene-2.74-mRNA-1",3.11415576934814
"augustus_masked-SAKL0C-processed-gene-2.72-mRNA-1",3.86237573623657
"augustus_masked-SAKL0C-processed-gene-2.73-mRNA-1",3.1584804058075
"augustus_masked-SAKL0C-processed-gene-2.75-mRNA-1",3.94973659515381
"augustus_masked-SAKL0C-processed-gene-2.76-mRNA-1",3.70916652679443
"augustus_masked-SAKL0C-processed-gene-2.87-mRNA-1",3.52883338928223
"augustus_masked-SAKL0C-processed-gene-2.88-mRNA-1",3.64399766921997
"augustus_masked-SAKL0C-processed-gene-2.77-mRNA-1",4.30690050125122
"augustus_masked-SAKL0C-processed-gene-2.78-mRNA-1",2.9164252281189
"augustus_masked-SAKL0C-processed-gene-2.89-mRNA-1",3.73074316978455
"augustus_masked-SAKL0C-processed-gene-2.79-mRNA-1",4.09817504882812
"augustus_masked-SAKL0C-processed-gene-2.80-mRNA-1",3.5395200252533
"augustus_masked-SAKL0C-processed-gene-2.90-mRNA-1",2.82395076751709
"snap_masked-SAKL0C-processed-gene-2.12-mRNA-1",1.85957431793213
"augustus_masked-SAKL0C-processed-gene-2.91-mRNA-1",2.34951734542847
"augustus_masked-SAKL0C-processed-gene-2.81-mRNA-1",4.21945381164551
"augustus_masked-SAKL0C-processed-gene-2.92-mRNA-1",4.79394912719727
"augustus_masked-SAKL0C-processed-gene-2.93-mRNA-1",4.03811073303223
"augustus_masked-SAKL0C-processed-gene-2.94-mRNA-1",3.73344278335571
"maker-SAKL0C-snap-gene-2.105-mRNA-1",3.15602779388428
"snap_masked-SAKL0C-processed-gene-2.14-mRNA-1",3.53299331665039
"snap_masked-SAKL0C-processed-gene-2.15-mRNA-1",5.24977874755859
"augustus_masked-SAKL0C-processed-gene-2.83-mRNA-1",4.44430732727051
"augustus_masked-SAKL0C-processed-gene-2.98-mRNA-1",3.52609300613403
"augustus_masked-SAKL0C-processed-gene-2.99-mRNA-1",4.38020610809326
"augustus_masked-SAKL0C-processed-gene-2.84-mRNA-1",2.86805772781372
"augustus_masked-SAKL0C-processed-gene-2.100-mRNA-1",4.6880841255188
"snap_masked-SAKL0C-processed-gene-2.18-mRNA-1",0.702876925468445
"augustus_masked-SAKL0C-processed-gene-2.101-mRNA-1",4.52611827850342
"snap_masked-SAKL0C-processed-gene-2.34-mRNA-1",3.71491003036499
"snap_masked-SAKL0C-processed-gene-2.35-mRNA-1",4.23561763763428
"augustus_masked-SAKL0C-processed-gene-2.85-mRNA-1",5.68674182891846
"snap_masked-SAKL0C-processed-gene-2.36-mRNA-1",1.38481974601746
"augustus_masked-SAKL0C-processed-gene-2.86-mRNA-1",1.66332626342773
"augustus_masked-SAKL0C-processed-gene-3.0-mRNA-1",3.64135909080505
"augustus_masked-SAKL0C-processed-gene-3.1-mRNA-1",3.70259690284729
"augustus_masked-SAKL0C-processed-gene-3.2-mRNA-1",2.3595016002655
"augustus_masked-SAKL0C-processed-gene-3.3-mRNA-1",3.39109683036804
"augustus_masked-SAKL0C-processed-gene-3.4-mRNA-1",2.42302346229553
"augustus_masked-SAKL0C-processed-gene-3.5-mRNA-1",3.30587935447693
"augustus_masked-SAKL0C-processed-gene-3.6-mRNA-1",3.74618029594421
"augustus_masked-SAKL0C-processed-gene-3.23-mRNA-1",4.42447519302368
"snap_masked-SAKL0C-processed-gene-3.74-mRNA-1",5.47228813171387
"snap_masked-SAKL0C-processed-gene-3.75-mRNA-1",4.06538343429565
"augustus_masked-SAKL0C-processed-gene-3.25-mRNA-1",5.0855827331543
"augustus_masked-SAKL0C-processed-gene-3.7-mRNA-1",4.71507930755615
"augustus_masked-SAKL0C-processed-gene-3.26-mRNA-1",2.95392990112305
"augustus_masked-SAKL0C-processed-gene-3.27-mRNA-1",3.55745196342468
"augustus_masked-SAKL0C-processed-gene-3.8-mRNA-1",4.06385898590088
"augustus_masked-SAKL0C-processed-gene-3.28-mRNA-1",3.34855532646179
"augustus_masked-SAKL0C-processed-gene-3.29-mRNA-1",3.14149808883667
"augustus_masked-SAKL0C-processed-gene-3.9-mRNA-1",4.656822681427
"augustus_masked-SAKL0C-processed-gene-3.30-mRNA-1",3.59944367408752
"snap_masked-SAKL0C-processed-gene-3.55-mRNA-1",3.06713199615479
"augustus_masked-SAKL0C-processed-gene-3.31-mRNA-1",3.66958546638489
"augustus_masked-SAKL0C-processed-gene-3.10-mRNA-1",4.2795090675354
"augustus_masked-SAKL0C-processed-gene-3.32-mRNA-1",3.59659910202026
"augustus_masked-SAKL0C-processed-gene-3.11-mRNA-1",4.95776700973511
"maker-SAKL0C-augustus-gene-3.41-mRNA-1",5.09923315048218
"augustus_masked-SAKL0C-processed-gene-3.33-mRNA-1",2.75752902030945
"snap_masked-SAKL0C-processed-gene-3.83-mRNA-1",1.85182583332062
"augustus_masked-SAKL0C-processed-gene-3.13-mRNA-1",2.85680937767029
"augustus_masked-SAKL0C-processed-gene-3.14-mRNA-1",3.97907280921936
"augustus_masked-SAKL0C-processed-gene-3.34-mRNA-1",1.80733346939087
"augustus_masked-SAKL0C-processed-gene-3.15-mRNA-1",3.98316645622253
"augustus_masked-SAKL0C-processed-gene-3.16-mRNA-1",1.0475754737854
"augustus_masked-SAKL0C-processed-gene-3.17-mRNA-1",3.63242030143738
"augustus_masked-SAKL0C-processed-gene-3.35-mRNA-1",3.88501811027527
"snap_masked-SAKL0C-processed-gene-3.64-mRNA-1",3.49260878562927
"snap_masked-SAKL0C-processed-gene-3.65-mRNA-1",3.058513879776
"snap_masked-SAKL0C-processed-gene-3.85-mRNA-1",3.86209630966187
"maker-SAKL0C-augustus-gene-3.42-mRNA-1",3.97226881980896
"snap_masked-SAKL0C-processed-gene-3.66-mRNA-1",2.93217921257019
"snap_masked-SAKL0C-processed-gene-3.67-mRNA-1",1.0307811498642
"snap_masked-SAKL0C-processed-gene-3.68-mRNA-1",2.44155192375183
"genemark-SAKL0C-processed-gene-3.131-mRNA-1",4.15543174743652
"snap_masked-SAKL0C-processed-gene-3.69-mRNA-1",3.05444073677063
"augustus_masked-SAKL0C-processed-gene-3.20-mRNA-1",4.10151290893555
"augustus_masked-SAKL0C-processed-gene-3.38-mRNA-1",3.19967174530029
"augustus_masked-SAKL0C-processed-gene-3.21-mRNA-1",3.73846364021301
"augustus_masked-SAKL0C-processed-gene-3.39-mRNA-1",5.12523555755615
"augustus_masked-SAKL0C-processed-gene-3.22-mRNA-1",2.98796558380127
"augustus_masked-SAKL0C-processed-gene-4.0-mRNA-1",1.5109828710556
"augustus_masked-SAKL0C-processed-gene-4.1-mRNA-1",3.64509057998657
"maker-SAKL0C-snap-gene-4.46-mRNA-1",4.02149629592896
"augustus_masked-SAKL0C-processed-gene-4.3-mRNA-1",3.43960285186768
"snap_masked-SAKL0C-processed-gene-4.80-mRNA-1",3.2865264415741
"augustus_masked-SAKL0C-processed-gene-4.20-mRNA-1",4.32468032836914
"augustus_masked-SAKL0C-processed-gene-4.4-mRNA-1",4.26001930236816
"maker-SAKL0C-snap-gene-4.47-mRNA-1",4.03790760040283
"augustus_masked-SAKL0C-processed-gene-4.21-mRNA-1",2.99021148681641
"augustus_masked-SAKL0C-processed-gene-4.6-mRNA-1",3.35994243621826
"genemark-SAKL0C-processed-gene-4.125-mRNA-1",3.84339666366577
"genemark-SAKL0C-processed-gene-4.126-mRNA-1",3.04960799217224
"snap_masked-SAKL0C-processed-gene-4.63-mRNA-1",1.89285659790039
"augustus_masked-SAKL0C-processed-gene-4.23-mRNA-1",4.16006183624268
"snap_masked-SAKL0C-processed-gene-4.64-mRNA-1",3.40775489807129
"snap_masked-SAKL0C-processed-gene-4.65-mRNA-1",3.51732206344604
"augustus_masked-SAKL0C-processed-gene-4.7-mRNA-1",4.86580991744995
"maker-SAKL0C-augustus-gene-4.39-mRNA-1",4.23942518234253
"augustus_masked-SAKL0C-processed-gene-4.24-mRNA-1",4.47379493713379
"snap_masked-SAKL0C-processed-gene-4.68-mRNA-1",3.81506872177124
"snap_masked-SAKL0C-processed-gene-4.69-mRNA-1",3.72236490249634
"snap_masked-SAKL0C-processed-gene-4.70-mRNA-1",2.04515910148621
"augustus_masked-SAKL0C-processed-gene-4.25-mRNA-1",2.9109308719635
"augustus_masked-SAKL0C-processed-gene-4.9-mRNA-1",0.354955822229385
"augustus_masked-SAKL0C-processed-gene-4.26-mRNA-1",1.3384850025177
"genemark-SAKL0C-processed-gene-4.109-mRNA-1",0.790119767189026
"augustus_masked-SAKL0C-processed-gene-4.27-mRNA-1",3.89839625358582
"augustus_masked-SAKL0C-processed-gene-4.10-mRNA-1",4.45387935638428
"augustus_masked-SAKL0C-processed-gene-4.11-mRNA-1",4.28277730941772
"augustus_masked-SAKL0C-processed-gene-4.28-mRNA-1",3.99028754234314
"maker-SAKL0C-augustus-gene-4.40-mRNA-1",2.54556274414062
"maker-SAKL0C-augustus-gene-4.41-mRNA-1",4.16573619842529
"snap_masked-SAKL0C-processed-gene-4.87-mRNA-1",5.68546533584595
"snap_masked-SAKL0C-processed-gene-4.75-mRNA-1",3.98403882980347
"genemark-SAKL0C-processed-gene-4.116-mRNA-1",4.26782417297363
"snap_masked-SAKL0C-processed-gene-4.88-mRNA-1",4.19225883483887
"augustus_masked-SAKL0C-processed-gene-4.29-mRNA-1",3.65272974967957
"augustus_masked-SAKL0C-processed-gene-4.14-mRNA-1",2.73352217674255
"augustus_masked-SAKL0C-processed-gene-4.30-mRNA-1",3.44919514656067
"augustus_masked-SAKL0C-processed-gene-4.15-mRNA-1",0.290982186794281
"augustus_masked-SAKL0C-processed-gene-4.31-mRNA-1",4.33822107315063
"augustus_masked-SAKL0C-processed-gene-4.32-mRNA-1",2.66902446746826
"snap_masked-SAKL0C-processed-gene-4.93-mRNA-1",1.39367640018463
"augustus_masked-SAKL0C-processed-gene-4.16-mRNA-1",4.03650760650635
"augustus_masked-SAKL0C-processed-gene-4.33-mRNA-1",3.35330271720886
"augustus_masked-SAKL0C-processed-gene-4.17-mRNA-1",4.07297134399414
"snap_masked-SAKL0C-processed-gene-4.95-mRNA-1",4.29825448989868
"maker-SAKL0C-augustus-gene-4.43-mRNA-1",2.6858286857605
"snap_masked-SAKL0C-processed-gene-4.97-mRNA-1",3.50697946548462
"maker-SAKL0C-snap-gene-4.53-mRNA-1",3.95010828971863
"maker-SAKL0C-snap-gene-4.52-mRNA-1",4.20515823364258
"snap_masked-SAKL0C-processed-gene-4.78-mRNA-1",4.15661478042603
"augustus_masked-SAKL0C-processed-gene-4.18-mRNA-1",4.28238677978516
"augustus_masked-SAKL0C-processed-gene-5.5-mRNA-1",5.55584716796875
"snap_masked-SAKL0C-processed-gene-5.54-mRNA-1",4.32602739334106
"maker-SAKL0C-augustus-gene-5.45-mRNA-1",3.83448171615601
"augustus_masked-SAKL0C-processed-gene-5.1-mRNA-1",3.10755276679993
"genemark-SAKL0C-processed-gene-5.101-mRNA-1",2.92804145812988
"maker-SAKL0C-snap-gene-5.51-mRNA-1",3.84749174118042
"augustus_masked-SAKL0C-processed-gene-5.6-mRNA-1",2.56447100639343
"maker-SAKL0C-snap-gene-5.52-mRNA-1",3.93987083435059
"snap_masked-SAKL0C-processed-gene-5.61-mRNA-1",1.27354419231415
"snap_masked-SAKL0C-processed-gene-5.62-mRNA-1",1.75268077850342
"augustus_masked-SAKL0C-processed-gene-5.23-mRNA-1",2.10868763923645
"augustus_masked-SAKL0C-processed-gene-5.24-mRNA-1",3.8943018913269
"augustus_masked-SAKL0C-processed-gene-5.25-mRNA-1",5.20721435546875
"augustus_masked-SAKL0C-processed-gene-5.26-mRNA-1",3.12773489952087
"augustus_masked-SAKL0C-processed-gene-5.7-mRNA-1",3.07576632499695
"augustus_masked-SAKL0C-processed-gene-5.27-mRNA-1",0.622165203094482
"augustus_masked-SAKL0C-processed-gene-5.8-mRNA-1",0.846465110778809
"genemark-SAKL0C-processed-gene-5.107-mRNA-1",2.67303919792175
"snap_masked-SAKL0C-processed-gene-5.85-mRNA-1",3.29732990264893
"snap_masked-SAKL0C-processed-gene-5.86-mRNA-1",3.21304082870483
"snap_masked-SAKL0C-processed-gene-5.87-mRNA-1",2.744460105896
"augustus_masked-SAKL0C-processed-gene-5.29-mRNA-1",1.74773144721985
"augustus_masked-SAKL0C-processed-gene-5.30-mRNA-1",2.14620494842529
"augustus_masked-SAKL0C-processed-gene-5.31-mRNA-1",2.80566000938416
"snap_masked-SAKL0C-processed-gene-5.65-mRNA-1",1.36277198791504
"augustus_masked-SAKL0C-processed-gene-5.32-mRNA-1",3.91573357582092
"genemark-SAKL0C-processed-gene-5.133-mRNA-1",3.99723172187805
"augustus_masked-SAKL0C-processed-gene-5.10-mRNA-1",3.0757782459259
"augustus_masked-SAKL0C-processed-gene-5.11-mRNA-1",2.88755679130554
"augustus_masked-SAKL0C-processed-gene-5.34-mRNA-1",2.66912436485291
"snap_masked-SAKL0C-processed-gene-5.94-mRNA-1",3.46245217323303
"augustus_masked-SAKL0C-processed-gene-5.12-mRNA-1",4.55108451843262
"augustus_masked-SAKL0C-processed-gene-5.35-mRNA-1",3.48196220397949
"augustus_masked-SAKL0C-processed-gene-5.13-mRNA-1",3.83625864982605
"augustus_masked-SAKL0C-processed-gene-5.14-mRNA-1",3.46203899383545
"augustus_masked-SAKL0C-processed-gene-5.36-mRNA-1",3.92327499389648
"augustus_masked-SAKL0C-processed-gene-5.37-mRNA-1",3.73596501350403
"augustus_masked-SAKL0C-processed-gene-5.15-mRNA-1",4.07559585571289
"augustus_masked-SAKL0C-processed-gene-5.16-mRNA-1",3.67539215087891
"augustus_masked-SAKL0C-processed-gene-5.38-mRNA-1",2.75491070747375
"snap_masked-SAKL0C-processed-gene-5.73-mRNA-1",2.03606057167053
"augustus_masked-SAKL0C-processed-gene-5.39-mRNA-1",4.36879730224609
"snap_masked-SAKL0C-processed-gene-5.74-mRNA-1",3.82241249084473
"augustus_masked-SAKL0C-processed-gene-5.18-mRNA-1",1.53219771385193
"augustus_masked-SAKL0C-processed-gene-5.40-mRNA-1",3.91429305076599
"augustus_masked-SAKL0C-processed-gene-5.19-mRNA-1",3.53606653213501
"augustus_masked-SAKL0C-processed-gene-6.5-mRNA-1",3.95954275131226
"snap_masked-SAKL0C-processed-gene-6.95-mRNA-1",4.61413812637329
"augustus_masked-SAKL0C-processed-gene-6.7-mRNA-1",2.12012219429016
"snap_masked-SAKL0C-processed-gene-6.97-mRNA-1",3.06852507591248
"augustus_masked-SAKL0C-processed-gene-6.9-mRNA-1",4.22123861312866
"augustus_masked-SAKL0C-processed-gene-6.4-mRNA-1",4.40775346755981
"augustus_masked-SAKL0C-processed-gene-6.10-mRNA-1",4.90786361694336
"augustus_masked-SAKL0C-processed-gene-6.28-mRNA-1",2.38866662979126
"augustus_masked-SAKL0C-processed-gene-6.11-mRNA-1",3.45805239677429
"augustus_masked-SAKL0C-processed-gene-6.29-mRNA-1",4.70201969146729
"snap_masked-SAKL0C-processed-gene-6.103-mRNA-1",3.54313206672668
"augustus_masked-SAKL0C-processed-gene-6.12-mRNA-1",3.78915500640869
"augustus_masked-SAKL0C-processed-gene-6.30-mRNA-1",3.74933671951294
"augustus_masked-SAKL0C-processed-gene-6.31-mRNA-1",4.6555495262146
"augustus_masked-SAKL0C-processed-gene-6.32-mRNA-1",3.95035076141357
"augustus_masked-SAKL0C-processed-gene-6.33-mRNA-1",3.51432180404663
"snap_masked-SAKL0C-processed-gene-6.105-mRNA-1",3.90488004684448
"augustus_masked-SAKL0C-processed-gene-6.34-mRNA-1",3.70772433280945
"augustus_masked-SAKL0C-processed-gene-6.14-mRNA-1",3.97824454307556
"augustus_masked-SAKL0C-processed-gene-6.35-mRNA-1",4.82246398925781
"snap_masked-SAKL0C-processed-gene-6.107-mRNA-1",3.79759979248047
"augustus_masked-SAKL0C-processed-gene-6.36-mRNA-1",2.78187823295593
"augustus_masked-SAKL0C-processed-gene-6.16-mRNA-1",4.01494741439819
"augustus_masked-SAKL0C-processed-gene-6.37-mRNA-1",3.22903561592102
"augustus_masked-SAKL0C-processed-gene-6.17-mRNA-1",2.7774920463562
"augustus_masked-SAKL0C-processed-gene-6.38-mRNA-1",3.16004228591919
"augustus_masked-SAKL0C-processed-gene-6.39-mRNA-1",4.28425931930542
"augustus_masked-SAKL0C-processed-gene-6.40-mRNA-1",5.25545883178711
"augustus_masked-SAKL0C-processed-gene-6.18-mRNA-1",1.98447322845459
"augustus_masked-SAKL0C-processed-gene-6.19-mRNA-1",2.6911678314209
"snap_masked-SAKL0C-processed-gene-6.111-mRNA-1",3.14457392692566
"augustus_masked-SAKL0C-processed-gene-6.41-mRNA-1",3.45323443412781
"augustus_masked-SAKL0C-processed-gene-6.21-mRNA-1",3.84594893455505
"augustus_masked-SAKL0C-processed-gene-6.42-mRNA-1",4.06568670272827
"augustus_masked-SAKL0C-processed-gene-6.22-mRNA-1",3.47554111480713
"snap_masked-SAKL0C-processed-gene-6.114-mRNA-1",3.36055064201355
"augustus_masked-SAKL0C-processed-gene-6.43-mRNA-1",2.17815136909485
"augustus_masked-SAKL0C-processed-gene-6.24-mRNA-1",4.99955797195435
"augustus_masked-SAKL0C-processed-gene-6.25-mRNA-1",1.70195317268372
"snap_masked-SAKL0C-processed-gene-6.135-mRNA-1",2.18732094764709
"snap_masked-SAKL0C-processed-gene-6.136-mRNA-1",3.31405830383301
"snap_masked-SAKL0C-processed-gene-6.137-mRNA-1",5.07524919509888
"snap_masked-SAKL0C-processed-gene-6.117-mRNA-1",3.49045014381409
"augustus_masked-SAKL0C-processed-gene-6.45-mRNA-1",3.79051733016968
"snap_masked-SAKL0C-processed-gene-6.139-mRNA-1",3.10056257247925
"snap_masked-SAKL0C-processed-gene-6.140-mRNA-1",5.32787561416626
"augustus_masked-SAKL0C-processed-gene-6.27-mRNA-1",4.95772504806519
"augustus_masked-SAKL0C-processed-gene-7.9-mRNA-1",4.55444574356079
"augustus_masked-SAKL0C-processed-gene-7.10-mRNA-1",3.65432143211365
"augustus_masked-SAKL0C-processed-gene-7.6-mRNA-1",2.20334458351135
"augustus_masked-SAKL0C-processed-gene-7.11-mRNA-1",3.33928370475769
"augustus_masked-SAKL0C-processed-gene-7.7-mRNA-1",2.79750442504883
"snap_masked-SAKL0C-processed-gene-7.104-mRNA-1",4.62335205078125
"augustus_masked-SAKL0C-processed-gene-7.12-mRNA-1",4.40780639648438
"augustus_masked-SAKL0C-processed-gene-7.34-mRNA-1",3.07084321975708
"augustus_masked-SAKL0C-processed-gene-7.35-mRNA-1",3.95400381088257
"augustus_masked-SAKL0C-processed-gene-7.13-mRNA-1",3.65988612174988
"augustus_masked-SAKL0C-processed-gene-7.36-mRNA-1",3.36280345916748
"augustus_masked-SAKL0C-processed-gene-7.37-mRNA-1",4.45330381393433
"maker-SAKL0C-snap-gene-7.4-mRNA-1",4.61061191558838
"augustus_masked-SAKL0C-processed-gene-7.38-mRNA-1",3.74866628646851
"augustus_masked-SAKL0C-processed-gene-7.16-mRNA-1",2.67608857154846
"augustus_masked-SAKL0C-processed-gene-7.17-mRNA-1",4.54547739028931
"augustus_masked-SAKL0C-processed-gene-7.18-mRNA-1",4.25415897369385
"augustus_masked-SAKL0C-processed-gene-7.39-mRNA-1",3.86556243896484
"augustus_masked-SAKL0C-processed-gene-7.19-mRNA-1",4.38713407516479
"genemark-SAKL0C-processed-gene-7.87-mRNA-1",3.48891854286194
"snap_masked-SAKL0C-processed-gene-7.116-mRNA-1",1.43132185935974
"snap_masked-SAKL0C-processed-gene-7.141-mRNA-1",4.03735113143921
"augustus_masked-SAKL0C-processed-gene-7.20-mRNA-1",1.21448802947998
"maker-SAKL0C-augustus-gene-7.0-mRNA-1",3.37518382072449
"genemark-SAKL0C-processed-gene-7.89-mRNA-1",2.91870093345642
"snap_masked-SAKL0C-processed-gene-7.120-mRNA-1",3.30659103393555
"maker-SAKL0C-augustus-gene-7.2-mRNA-1",4.30503129959106
"augustus_masked-SAKL0C-processed-gene-7.23-mRNA-1",3.62566781044006
"augustus_masked-SAKL0C-processed-gene-7.43-mRNA-1",4.22526216506958
"snap_masked-SAKL0C-processed-gene-7.122-mRNA-1",3.80425524711609
"snap_masked-SAKL0C-processed-gene-7.123-mRNA-1",2.29932045936584
"augustus_masked-SAKL0C-processed-gene-7.25-mRNA-1",4.04423809051514
"augustus_masked-SAKL0C-processed-gene-7.44-mRNA-1",1.94345581531525
"snap_masked-SAKL0C-processed-gene-7.125-mRNA-1",0.187408402562141
"snap_masked-SAKL0C-processed-gene-7.126-mRNA-1",0.04292868450284
"snap_masked-SAKL0C-processed-gene-7.127-mRNA-1",2.38700485229492
"augustus_masked-SAKL0C-processed-gene-7.45-mRNA-1",2.11500024795532
"augustus_masked-SAKL0C-processed-gene-7.29-mRNA-1",3.58214569091797
"augustus_masked-SAKL0C-processed-gene-7.30-mRNA-1",3.37891936302185
"augustus_masked-SAKL0C-processed-gene-7.31-mRNA-1",2.28454756736755
"snap_masked-SAKL0C-processed-gene-7.131-mRNA-1",2.45791459083557
"snap_masked-SAKL0C-processed-gene-7.132-mRNA-1",2.3966269493103
"augustus_masked-SAKL0C-processed-gene-7.46-mRNA-1",4.13343143463135
"snap_masked-SAKL0C-processed-gene-7.148-mRNA-1",3.76574420928955
"snap_masked-SAKL0C-processed-gene-7.149-mRNA-1",2.83035516738892
"snap_masked-SAKL0C-processed-gene-7.150-mRNA-1",4.1378321647644
"augustus_masked-SAKL0C-processed-gene-7.33-mRNA-1",4.09915828704834
"maker-SAKL0C-augustus-gene-7.3-mRNA-1",3.70308494567871
"snap_masked-SAKL0C-processed-gene-7.134-mRNA-1",4.390465259552
"augustus_masked-SAKL0C-processed-gene-8.18-mRNA-1",3.44662165641785
"augustus_masked-SAKL0C-processed-gene-8.19-mRNA-1",3.97946262359619
"maker-SAKL0C-augustus-gene-8.15-mRNA-1",3.6342031955719
"augustus_masked-SAKL0C-processed-gene-8.21-mRNA-1",3.21819615364075
"genemark-SAKL0C-processed-gene-8.84-mRNA-1",3.83700108528137
"augustus_masked-SAKL0C-processed-gene-8.22-mRNA-1",3.5301353931427
"augustus_masked-SAKL0C-processed-gene-8.23-mRNA-1",3.66458606719971
"augustus_masked-SAKL0C-processed-gene-8.24-mRNA-1",4.43770694732666
"augustus_masked-SAKL0C-processed-gene-8.25-mRNA-1",3.52584195137024
"augustus_masked-SAKL0C-processed-gene-8.40-mRNA-1",2.7916247844696
"snap_masked-SAKL0C-processed-gene-8.113-mRNA-1",3.92918682098389
"snap_masked-SAKL0C-processed-gene-8.114-mRNA-1",4.41621971130371
"snap_masked-SAKL0C-processed-gene-8.115-mRNA-1",3.49384760856628
"snap_masked-SAKL0C-processed-gene-8.133-mRNA-1",1.26443719863892
"augustus_masked-SAKL0C-processed-gene-8.27-mRNA-1",3.11330342292786
"augustus_masked-SAKL0C-processed-gene-8.42-mRNA-1",2.8499755859375
"genemark-SAKL0C-processed-gene-8.88-mRNA-1",1.98802137374878
"augustus_masked-SAKL0C-processed-gene-8.28-mRNA-1",1.09433615207672
"snap_masked-SAKL0C-processed-gene-8.118-mRNA-1",3.97736549377441
"maker-SAKL0C-snap-gene-8.4-mRNA-1",1.66196954250336
"augustus_masked-SAKL0C-processed-gene-8.43-mRNA-1",3.26924514770508
"snap_masked-SAKL0C-processed-gene-8.120-mRNA-1",2.30832242965698
"snap_masked-SAKL0C-processed-gene-8.121-mRNA-1",4.33036613464355
"snap_masked-SAKL0C-processed-gene-8.122-mRNA-1",3.3491005897522
"snap_masked-SAKL0C-processed-gene-8.123-mRNA-1",3.50128841400146
"snap_masked-SAKL0C-processed-gene-8.124-mRNA-1",2.15393352508545
"augustus_masked-SAKL0C-processed-gene-8.44-mRNA-1",3.16234564781189
"augustus_masked-SAKL0C-processed-gene-8.45-mRNA-1",3.54808831214905
"augustus_masked-SAKL0C-processed-gene-8.46-mRNA-1",3.34168267250061
"augustus_masked-SAKL0C-processed-gene-8.47-mRNA-1",3.3205680847168
"augustus_masked-SAKL0C-processed-gene-8.32-mRNA-1",3.35012269020081
"augustus_masked-SAKL0C-processed-gene-8.33-mRNA-1",3.14868497848511
"augustus_masked-SAKL0C-processed-gene-8.48-mRNA-1",3.63814282417297
"augustus_masked-SAKL0C-processed-gene-8.49-mRNA-1",2.38304591178894
"maker-SAKL0C-augustus-gene-8.17-mRNA-1",1.69330823421478
"augustus_masked-SAKL0C-processed-gene-8.51-mRNA-1",4.03889083862305
"augustus_masked-SAKL0C-processed-gene-8.52-mRNA-1",4.66753530502319
"augustus_masked-SAKL0C-processed-gene-8.34-mRNA-1",2.70953154563904
"augustus_masked-SAKL0C-processed-gene-8.53-mRNA-1",3.88668489456177
"augustus_masked-SAKL0C-processed-gene-8.35-mRNA-1",3.974205493927
"augustus_masked-SAKL0C-processed-gene-8.54-mRNA-1",4.27498388290405
"augustus_masked-SAKL0C-processed-gene-8.36-mRNA-1",4.27414512634277
"augustus_masked-SAKL0C-processed-gene-8.55-mRNA-1",3.61685132980347
"augustus_masked-SAKL0C-processed-gene-8.37-mRNA-1",2.98942875862122
"augustus_masked-SAKL0C-processed-gene-8.56-mRNA-1",3.3222029209137
"augustus_masked-SAKL0C-processed-gene-8.57-mRNA-1",3.57307314872742
"augustus_masked-SAKL0C-processed-gene-8.58-mRNA-1",4.09824180603027
"augustus_masked-SAKL0C-processed-gene-9.5-mRNA-1",4.74334907531738
"augustus_masked-SAKL0C-processed-gene-9.6-mRNA-1",3.02767825126648
"snap_masked-SAKL0C-processed-gene-9.99-mRNA-1",2.70932531356812
"maker-SAKL0C-augustus-gene-9.1-mRNA-1",4.60990905761719
"snap_masked-SAKL0C-processed-gene-9.102-mRNA-1",3.79081583023071
"augustus_masked-SAKL0C-processed-gene-9.10-mRNA-1",2.78044295310974
"snap_masked-SAKL0C-processed-gene-9.130-mRNA-1",2.93581056594849
"snap_masked-SAKL0C-processed-gene-9.104-mRNA-1",2.02587032318115
"snap_masked-SAKL0C-processed-gene-9.105-mRNA-1",2.11769461631775
"augustus_masked-SAKL0C-processed-gene-9.13-mRNA-1",3.24431347846985
"augustus_masked-SAKL0C-processed-gene-9.35-mRNA-1",1.71143198013306
"snap_masked-SAKL0C-processed-gene-9.132-mRNA-1",3.65224671363831
"augustus_masked-SAKL0C-processed-gene-9.14-mRNA-1",2.3246910572052
"maker-SAKL0C-augustus-gene-9.2-mRNA-1",2.46319961547852
"augustus_masked-SAKL0C-processed-gene-9.15-mRNA-1",1.6033308506012
"augustus_masked-SAKL0C-processed-gene-9.39-mRNA-1",3.03357934951782
"augustus_masked-SAKL0C-processed-gene-9.16-mRNA-1",2.97996544837952
"snap_masked-SAKL0C-processed-gene-9.109-mRNA-1",3.21868777275085
"augustus_masked-SAKL0C-processed-gene-9.18-mRNA-1",2.86827874183655
"augustus_masked-SAKL0C-processed-gene-9.40-mRNA-1",2.76301574707031
"augustus_masked-SAKL0C-processed-gene-9.19-mRNA-1",2.20202922821045
"snap_masked-SAKL0C-processed-gene-9.112-mRNA-1",3.94606471061707
"augustus_masked-SAKL0C-processed-gene-9.41-mRNA-1",2.71536374092102
"augustus_masked-SAKL0C-processed-gene-9.21-mRNA-1",2.90546488761902
"augustus_masked-SAKL0C-processed-gene-9.42-mRNA-1",4.00001811981201
"augustus_masked-SAKL0C-processed-gene-9.22-mRNA-1",0.378323644399643
"augustus_masked-SAKL0C-processed-gene-9.43-mRNA-1",2.3804874420166
"snap_masked-SAKL0C-processed-gene-9.115-mRNA-1",3.39347696304321
"snap_masked-SAKL0C-processed-gene-9.116-mRNA-1",4.079909324646
"snap_masked-SAKL0C-processed-gene-9.117-mRNA-1",2.73309373855591
"snap_masked-SAKL0C-processed-gene-9.118-mRNA-1",3.35502099990845
"augustus_masked-SAKL0C-processed-gene-9.26-mRNA-1",2.48675155639648
"augustus_masked-SAKL0C-processed-gene-9.44-mRNA-1",3.56436657905579
"augustus_masked-SAKL0C-processed-gene-9.27-mRNA-1",2.78418135643005
"augustus_masked-SAKL0C-processed-gene-9.28-mRNA-1",2.81510591506958
"snap_masked-SAKL0C-processed-gene-9.122-mRNA-1",2.05992197990417
"augustus_masked-SAKL0C-processed-gene-9.45-mRNA-1",1.7356321811676
"augustus_masked-SAKL0C-processed-gene-9.29-mRNA-1",0.769661247730255
"augustus_masked-SAKL0C-processed-gene-9.30-mRNA-1",2.79702544212341
"snap_masked-SAKL0C-processed-gene-9.125-mRNA-1",1.52604353427887
"snap_masked-SAKL0C-processed-gene-9.126-mRNA-1",1.59436178207397
"augustus_masked-SAKL0C-processed-gene-9.46-mRNA-1",3.05254364013672
"snap_masked-SAKL0C-processed-gene-9.127-mRNA-1",1.0337883234024
"augustus_masked-SAKL0C-processed-gene-9.47-mRNA-1",1.70671951770782
"snap_masked-SAKL0C-processed-gene-9.128-mRNA-1",1.67340338230133
"snap_masked-SAKL0C-processed-gene-9.129-mRNA-1",2.82872557640076
"snap_masked-SAKL0C-processed-gene-10.43-mRNA-1",0.651392936706543
"snap_masked-SAKL0C-processed-gene-10.47-mRNA-1",1.60871565341949
"snap_masked-SAKL0C-processed-gene-10.48-mRNA-1",0.378851532936096
"snap_masked-SAKL0C-processed-gene-10.44-mRNA-1",0.554405152797699
"snap_masked-SAKL0C-processed-gene-10.45-mRNA-1",0.124181479215622
"snap_masked-SAKL0C-processed-gene-10.46-mRNA-1",2.28564453125
"snap_masked-SAKL0C-processed-gene-10.49-mRNA-1",1.30538249015808
"snap_masked-SAKL0C-processed-gene-10.61-mRNA-1",0.783066034317017
"augustus_masked-SAKL0C-processed-gene-10.3-mRNA-1",0.783733725547791
"augustus_masked-SAKL0C-processed-gene-10.16-mRNA-1",0.438643366098404
"augustus_masked-SAKL0C-processed-gene-10.4-mRNA-1",0.669190645217896
"augustus_masked-SAKL0C-processed-gene-10.5-mRNA-1",0.153396040201187
"augustus_masked-SAKL0C-processed-gene-10.17-mRNA-1",0.443901300430298
"augustus_masked-SAKL0C-processed-gene-10.6-mRNA-1",0.185643330216408
"augustus_masked-SAKL0C-processed-gene-10.18-mRNA-1",0.445562303066254
"augustus_masked-SAKL0C-processed-gene-10.7-mRNA-1",0.551379561424255
"augustus_masked-SAKL0C-processed-gene-10.19-mRNA-1",0.302410244941711
"augustus_masked-SAKL0C-processed-gene-10.20-mRNA-1",0.244599983096123
"augustus_masked-SAKL0C-processed-gene-10.21-mRNA-1",0.23174586892128
"maker-SAKL0C-snap-gene-10.40-mRNA-1",0.419936239719391
"augustus_masked-SAKL0C-processed-gene-10.22-mRNA-1",0.118993781507015
"maker-SAKL0C-augustus-gene-10.41-mRNA-1",0.0848250612616539
"augustus_masked-SAKL0C-processed-gene-10.24-mRNA-1",0.352220505475998
"augustus_masked-SAKL0C-processed-gene-10.25-mRNA-1",0.469474375247955
"snap_masked-SAKL0C-processed-gene-10.56-mRNA-1",0.645980775356293
"augustus_masked-SAKL0C-processed-gene-10.26-mRNA-1",0.599768817424774
"augustus_masked-SAKL0C-processed-gene-10.27-mRNA-1",0.301714718341827
"augustus_masked-SAKL0C-processed-gene-10.28-mRNA-1",1.25994026660919
"snap_masked-SAKL0C-processed-gene-10.57-mRNA-1",0.200792163610458
"augustus_masked-SAKL0C-processed-gene-10.11-mRNA-1",0.137645289301872
"augustus_masked-SAKL0C-processed-gene-10.29-mRNA-1",0.841615319252014
"augustus_masked-SAKL0C-processed-gene-10.12-mRNA-1",1.03296196460724
"augustus_masked-SAKL0C-processed-gene-10.30-mRNA-1",0.21527424454689
"augustus_masked-SAKL0C-processed-gene-10.13-mRNA-1",0.0753277987241745
"augustus_masked-SAKL0C-processed-gene-10.31-mRNA-1",0.206865251064301
"augustus_masked-SAKL0C-processed-gene-10.32-mRNA-1",0.257145047187805
"maker-SAKL0C-augustus-gene-10.42-mRNA-1",0.470640659332275
"augustus_masked-SAKL0C-processed-gene-10.35-mRNA-1",1.05167007446289
"augustus_masked-SAKL0C-processed-gene-10.36-mRNA-1",0.896640658378601
"augustus_masked-SAKL0C-processed-gene-10.14-mRNA-1",0.401436984539032
"augustus_masked-SAKL0C-processed-gene-11.16-mRNA-1",0.0852134823799133
"augustus_masked-SAKL0C-processed-gene-11.13-mRNA-1",0.23463998734951
"maker-SAKL0C-augustus-gene-11.11-mRNA-1",0.417732775211334
"augustus_masked-SAKL0C-processed-gene-11.14-mRNA-1",0.40176922082901
"snap_masked-SAKL0C-processed-gene-11.172-mRNA-1",0.76349925994873
"augustus_masked-SAKL0C-processed-gene-11.15-mRNA-1",1.19567596912384
"augustus_masked-SAKL0C-processed-gene-11.19-mRNA-1",0.334966361522675
"augustus_masked-SAKL0C-processed-gene-11.20-mRNA-1",0.444016873836517
"augustus_masked-SAKL0C-processed-gene-11.57-mRNA-1",0.570628643035889
"snap_masked-SAKL0C-processed-gene-11.175-mRNA-1",0.559470236301422
"augustus_masked-SAKL0C-processed-gene-11.58-mRNA-1",0.468391180038452
"augustus_masked-SAKL0C-processed-gene-11.59-mRNA-1",0.121584832668304
"snap_masked-SAKL0C-processed-gene-11.218-mRNA-1",0.976960062980652
"snap_masked-SAKL0C-processed-gene-11.219-mRNA-1",0.490423291921616
"augustus_masked-SAKL0C-processed-gene-11.21-mRNA-1",0.484584182500839
"augustus_masked-SAKL0C-processed-gene-11.22-mRNA-1",0.647505164146423
"genemark-SAKL0C-processed-gene-11.100-mRNA-1",0.979140162467957
"augustus_masked-SAKL0C-processed-gene-11.25-mRNA-1",0.943145573139191
"augustus_masked-SAKL0C-processed-gene-11.62-mRNA-1",0.187236398458481
"augustus_masked-SAKL0C-processed-gene-11.26-mRNA-1",0.16301803290844
"augustus_masked-SAKL0C-processed-gene-11.63-mRNA-1",0.805956065654755
"augustus_masked-SAKL0C-processed-gene-11.64-mRNA-1",1.90552878379822
"augustus_masked-SAKL0C-processed-gene-11.27-mRNA-1",3.06420302391052
"augustus_masked-SAKL0C-processed-gene-11.28-mRNA-1",1.13883996009827
"augustus_masked-SAKL0C-processed-gene-11.65-mRNA-1",0.579703867435455
"augustus_masked-SAKL0C-processed-gene-11.66-mRNA-1",0.421220779418945
"augustus_masked-SAKL0C-processed-gene-11.29-mRNA-1",0.240483894944191
"augustus_masked-SAKL0C-processed-gene-11.67-mRNA-1",0.874532878398895
"augustus_masked-SAKL0C-processed-gene-11.30-mRNA-1",0.231131792068481
"augustus_masked-SAKL0C-processed-gene-11.68-mRNA-1",0.487282305955887
"augustus_masked-SAKL0C-processed-gene-11.69-mRNA-1",0.733516871929169
"augustus_masked-SAKL0C-processed-gene-11.31-mRNA-1",0.854823529720306
"augustus_masked-SAKL0C-processed-gene-11.32-mRNA-1",0.457619726657867
"genemark-SAKL0C-processed-gene-11.148-mRNA-1",0.318526118993759
"maker-SAKL0C-augustus-gene-11.12-mRNA-1",0.383478313684464
"augustus_masked-SAKL0C-processed-gene-11.33-mRNA-1",0.175277724862099
"snap_masked-SAKL0C-processed-gene-11.230-mRNA-1",0.0983344241976738
"snap_masked-SAKL0C-processed-gene-11.231-mRNA-1",0.352260649204254
"augustus_masked-SAKL0C-processed-gene-11.34-mRNA-1",0.441569000482559
"augustus_masked-SAKL0C-processed-gene-11.35-mRNA-1",0.0674334466457367
"augustus_masked-SAKL0C-processed-gene-11.73-mRNA-1",0.270943313837051
"augustus_masked-SAKL0C-processed-gene-11.36-mRNA-1",0.0732071772217751
"snap_masked-SAKL0C-processed-gene-11.192-mRNA-1",1.00993669033051
"augustus_masked-SAKL0C-processed-gene-11.38-mRNA-1",0.969888508319855
"augustus_masked-SAKL0C-processed-gene-11.74-mRNA-1",0.507575988769531
"augustus_masked-SAKL0C-processed-gene-11.75-mRNA-1",0.476575911045074
"augustus_masked-SAKL0C-processed-gene-11.39-mRNA-1",0.714200437068939
"augustus_masked-SAKL0C-processed-gene-11.40-mRNA-1",0.243955105543137
"augustus_masked-SAKL0C-processed-gene-11.76-mRNA-1",0.536101818084717
"augustus_masked-SAKL0C-processed-gene-11.41-mRNA-1",1.42974829673767
"augustus_masked-SAKL0C-processed-gene-11.77-mRNA-1",0.608165383338928
"augustus_masked-SAKL0C-processed-gene-11.42-mRNA-1",0.620706260204315
"augustus_masked-SAKL0C-processed-gene-11.78-mRNA-1",1.26358330249786
"augustus_masked-SAKL0C-processed-gene-11.79-mRNA-1",0.924447298049927
"augustus_masked-SAKL0C-processed-gene-11.43-mRNA-1",0.64504337310791
"augustus_masked-SAKL0C-processed-gene-11.80-mRNA-1",0.205431327223778
"augustus_masked-SAKL0C-processed-gene-11.44-mRNA-1",0.425116509199142
"augustus_masked-SAKL0C-processed-gene-11.81-mRNA-1",0.305725246667862
"augustus_masked-SAKL0C-processed-gene-11.45-mRNA-1",0.349303007125854
"snap_masked-SAKL0C-processed-gene-11.241-mRNA-1",0.122637242078781
"augustus_masked-SAKL0C-processed-gene-11.46-mRNA-1",0.747201561927795
"augustus_masked-SAKL0C-processed-gene-11.47-mRNA-1",0.1459049731493
"augustus_masked-SAKL0C-processed-gene-11.48-mRNA-1",0.0546291209757328
"augustus_masked-SAKL0C-processed-gene-11.49-mRNA-1",0.109134271740913
"augustus_masked-SAKL0C-processed-gene-11.83-mRNA-1",0.0684933885931969
"augustus_masked-SAKL0C-processed-gene-11.50-mRNA-1",0.089202307164669
"augustus_masked-SAKL0C-processed-gene-11.84-mRNA-1",1.33758497238159
"augustus_masked-SAKL0C-processed-gene-11.51-mRNA-1",0.723651826381683
"augustus_masked-SAKL0C-processed-gene-11.85-mRNA-1",0.39431768655777
"snap_masked-SAKL0C-processed-gene-11.208-mRNA-1",0.21627102792263
"augustus_masked-SAKL0C-processed-gene-11.53-mRNA-1",0.252993017435074
"augustus_masked-SAKL0C-processed-gene-11.86-mRNA-1",0.728104591369629
"snap_masked-SAKL0C-processed-gene-11.210-mRNA-1",0.0844725593924522
"snap_masked-SAKL0C-processed-gene-11.211-mRNA-1",0.071522943675518
"augustus_masked-SAKL0C-processed-gene-11.55-mRNA-1",0.0286438446491957
"snap_masked-SAKL0C-processed-gene-11.246-mRNA-1",0.0843495652079582
"snap_masked-SAKL0C-processed-gene-11.213-mRNA-1",0.268891870975494
"augustus_masked-SAKL0C-processed-gene-11.56-mRNA-1",1.15445280075073
"augustus_masked-SAKL0D-processed-gene-0.83-mRNA-1",0.116075590252876
"augustus_masked-SAKL0D-processed-gene-0.97-mRNA-1",2.26523900032043
"snap_masked-SAKL0D-processed-gene-0.38-mRNA-1",1.53015089035034
"genemark-SAKL0D-processed-gene-0.1-mRNA-1",2.38226389884949
"snap_masked-SAKL0D-processed-gene-0.50-mRNA-1",0.43375089764595
"augustus_masked-SAKL0D-processed-gene-0.99-mRNA-1",0.182800531387329
"augustus_masked-SAKL0D-processed-gene-0.100-mRNA-1",0.133683934807777
"augustus_masked-SAKL0D-processed-gene-0.101-mRNA-1",0.143423289060593
"augustus_masked-SAKL0D-processed-gene-0.85-mRNA-1",0.594757199287415
"augustus_masked-SAKL0D-processed-gene-0.102-mRNA-1",0.747316002845764
"augustus_masked-SAKL0D-processed-gene-0.86-mRNA-1",0.239768758416176
"augustus_masked-SAKL0D-processed-gene-0.103-mRNA-1",0.370070725679398
"maker-SAKL0D-augustus-gene-0.77-mRNA-1",1.11528611183167
"augustus_masked-SAKL0D-processed-gene-0.88-mRNA-1",0.462842166423798
"augustus_masked-SAKL0D-processed-gene-0.104-mRNA-1",0.160412773489952
"augustus_masked-SAKL0D-processed-gene-0.89-mRNA-1",0.115280039608479
"augustus_masked-SAKL0D-processed-gene-0.105-mRNA-1",0.236883237957954
"augustus_masked-SAKL0D-processed-gene-0.106-mRNA-1",0.461569368839264
"augustus_masked-SAKL0D-processed-gene-0.90-mRNA-1",0.387650191783905
"augustus_masked-SAKL0D-processed-gene-0.107-mRNA-1",0.833958327770233
"augustus_masked-SAKL0D-processed-gene-0.108-mRNA-1",1.13299441337585
"snap_masked-SAKL0D-processed-gene-0.45-mRNA-1",0.156956553459167
"augustus_masked-SAKL0D-processed-gene-0.109-mRNA-1",0.236068814992905
"augustus_masked-SAKL0D-processed-gene-0.110-mRNA-1",0.378203988075256
"augustus_masked-SAKL0D-processed-gene-0.92-mRNA-1",1.03417694568634
"augustus_masked-SAKL0D-processed-gene-0.111-mRNA-1",0.436885058879852
"augustus_masked-SAKL0D-processed-gene-0.112-mRNA-1",0.725498497486115
"augustus_masked-SAKL0D-processed-gene-0.113-mRNA-1",1.53513693809509
"augustus_masked-SAKL0D-processed-gene-0.114-mRNA-1",0.385908007621765
"maker-SAKL0D-augustus-gene-0.80-mRNA-1",0.538558304309845
"augustus_masked-SAKL0D-processed-gene-0.117-mRNA-1",0.114996835589409
"augustus_masked-SAKL0D-processed-gene-0.93-mRNA-1",0.306746065616608
"augustus_masked-SAKL0D-processed-gene-0.118-mRNA-1",0.771190106868744
"augustus_masked-SAKL0D-processed-gene-0.94-mRNA-1",0.622047066688538
"snap_masked-SAKL0D-processed-gene-0.72-mRNA-1",0.555414259433746
"augustus_masked-SAKL0D-processed-gene-0.95-mRNA-1",0.780251979827881
"augustus_masked-SAKL0D-processed-gene-0.120-mRNA-1",0.520861685276031
"augustus_masked-SAKL0D-processed-gene-0.96-mRNA-1",0.413936942815781
"snap_masked-SAKL0D-processed-gene-1.92-mRNA-1",0.547714233398438
"snap_masked-SAKL0D-processed-gene-1.93-mRNA-1",0.283722132444382
"augustus_masked-SAKL0D-processed-gene-1.9-mRNA-1",0.105822920799255
"snap_masked-SAKL0D-processed-gene-1.89-mRNA-1",0.0923523083329201
"snap_masked-SAKL0D-processed-gene-1.90-mRNA-1",0.283053338527679
"snap_masked-SAKL0D-processed-gene-1.91-mRNA-1",0.801866173744202
"snap_masked-SAKL0D-processed-gene-1.95-mRNA-1",1.88408935070038
"augustus_masked-SAKL0D-processed-gene-1.11-mRNA-1",0.689983725547791
"snap_masked-SAKL0D-processed-gene-1.97-mRNA-1",0.417973548173904
"augustus_masked-SAKL0D-processed-gene-1.13-mRNA-1",0.285640984773636
"augustus_masked-SAKL0D-processed-gene-1.14-mRNA-1",0.354781776666641
"augustus_masked-SAKL0D-processed-gene-1.30-mRNA-1",0.403483659029007
"augustus_masked-SAKL0D-processed-gene-1.31-mRNA-1",1.68783259391785
"augustus_masked-SAKL0D-processed-gene-1.32-mRNA-1",1.24760818481445
"augustus_masked-SAKL0D-processed-gene-1.33-mRNA-1",0.0476288869976997
"snap_masked-SAKL0D-processed-gene-1.121-mRNA-1",0.501556038856506
"genemark-SAKL0D-processed-gene-1.78-mRNA-1",1.40512239933014
"snap_masked-SAKL0D-processed-gene-1.123-mRNA-1",0.486918777227402
"augustus_masked-SAKL0D-processed-gene-1.15-mRNA-1",1.44330549240112
"augustus_masked-SAKL0D-processed-gene-1.16-mRNA-1",0.408995926380157
"augustus_masked-SAKL0D-processed-gene-1.36-mRNA-1",0.334943443536758
"genemark-SAKL0D-processed-gene-1.60-mRNA-1",0.593862950801849
"snap_masked-SAKL0D-processed-gene-1.103-mRNA-1",0.205609425902367
"augustus_masked-SAKL0D-processed-gene-1.18-mRNA-1",0.079021267592907
"augustus_masked-SAKL0D-processed-gene-1.19-mRNA-1",0.371356159448624
"snap_masked-SAKL0D-processed-gene-1.125-mRNA-1",0.445213586091995
"augustus_masked-SAKL0D-processed-gene-1.20-mRNA-1",0.184492945671082
"augustus_masked-SAKL0D-processed-gene-1.38-mRNA-1",0.22568553686142
"augustus_masked-SAKL0D-processed-gene-1.21-mRNA-1",0.476838618516922
"augustus_masked-SAKL0D-processed-gene-1.39-mRNA-1",0.0510535277426243
"augustus_masked-SAKL0D-processed-gene-1.40-mRNA-1",0.221652448177338
"augustus_masked-SAKL0D-processed-gene-1.22-mRNA-1",0.236208960413933
"snap_masked-SAKL0D-processed-gene-1.129-mRNA-1",0.314528971910477
"snap_masked-SAKL0D-processed-gene-1.130-mRNA-1",0.864051222801208
"augustus_masked-SAKL0D-processed-gene-1.42-mRNA-1",0.673423767089844
"snap_masked-SAKL0D-processed-gene-1.109-mRNA-1",0.695537149906158
"augustus_masked-SAKL0D-processed-gene-1.24-mRNA-1",0.174249470233917
"augustus_masked-SAKL0D-processed-gene-1.43-mRNA-1",0.274972766637802
"maker-SAKL0D-augustus-gene-1.1-mRNA-1",0.60710746049881
"augustus_masked-SAKL0D-processed-gene-1.25-mRNA-1",0.152768313884735
"augustus_masked-SAKL0D-processed-gene-1.26-mRNA-1",0.336366087198257
"augustus_masked-SAKL0D-processed-gene-1.45-mRNA-1",0.077226310968399
"augustus_masked-SAKL0D-processed-gene-1.27-mRNA-1",0.100211270153522
"snap_masked-SAKL0D-processed-gene-1.114-mRNA-1",0.312731355428696
"snap_masked-SAKL0D-processed-gene-1.115-mRNA-1",0.763850510120392
"augustus_masked-SAKL0D-processed-gene-1.29-mRNA-1",0.756790459156036
"snap_masked-SAKL0D-processed-gene-2.44-mRNA-1",1.26150262355804
"augustus_masked-SAKL0D-processed-gene-2.98-mRNA-1",0.612218379974365
"snap_masked-SAKL0D-processed-gene-2.49-mRNA-1",1.0558135509491
"augustus_masked-SAKL0D-processed-gene-2.99-mRNA-1",0.760571122169495
"augustus_masked-SAKL0D-processed-gene-2.100-mRNA-1",0.189287289977074
"augustus_masked-SAKL0D-processed-gene-2.103-mRNA-1",0.235747873783112
"augustus_masked-SAKL0D-processed-gene-2.101-mRNA-1",0.382957249879837
"augustus_masked-SAKL0D-processed-gene-2.104-mRNA-1",0.0845424085855484
"augustus_masked-SAKL0D-processed-gene-2.105-mRNA-1",0.837570369243622
"augustus_masked-SAKL0D-processed-gene-2.106-mRNA-1",0.440078675746918
"augustus_masked-SAKL0D-processed-gene-2.107-mRNA-1",0.574348866939545
"genemark-SAKL0D-processed-gene-2.26-mRNA-1",0.753192961215973
"augustus_masked-SAKL0D-processed-gene-2.108-mRNA-1",0.308025449514389
"augustus_masked-SAKL0D-processed-gene-2.123-mRNA-1",1.48346161842346
"snap_masked-SAKL0D-processed-gene-2.56-mRNA-1",0.944258570671082
"snap_masked-SAKL0D-processed-gene-2.57-mRNA-1",0.808474242687225
"augustus_masked-SAKL0D-processed-gene-2.124-mRNA-1",0.574920356273651
"maker-SAKL0D-augustus-gene-2.92-mRNA-1",0.335667848587036
"augustus_masked-SAKL0D-processed-gene-2.125-mRNA-1",0.387929558753967
"augustus_masked-SAKL0D-processed-gene-2.126-mRNA-1",0.736237943172455
"snap_masked-SAKL0D-processed-gene-2.76-mRNA-1",0.445715248584747
"augustus_masked-SAKL0D-processed-gene-2.111-mRNA-1",1.77329421043396
"augustus_masked-SAKL0D-processed-gene-2.128-mRNA-1",1.10010981559753
"augustus_masked-SAKL0D-processed-gene-2.129-mRNA-1",1.65200459957123
"maker-SAKL0D-augustus-gene-2.93-mRNA-1",0.651510000228882
"maker-SAKL0D-augustus-gene-2.94-mRNA-1",0.554205298423767
"augustus_masked-SAKL0D-processed-gene-2.114-mRNA-1",0.457237958908081
"augustus_masked-SAKL0D-processed-gene-2.130-mRNA-1",0.528497099876404
"genemark-SAKL0D-processed-gene-2.20-mRNA-1",0.927798867225647
"augustus_masked-SAKL0D-processed-gene-2.131-mRNA-1",1.76315689086914
"snap_masked-SAKL0D-processed-gene-2.81-mRNA-1",0.132655188441277
"augustus_masked-SAKL0D-processed-gene-2.132-mRNA-1",0.754994750022888
"snap_masked-SAKL0D-processed-gene-2.83-mRNA-1",1.66767525672913
"snap_masked-SAKL0D-processed-gene-2.66-mRNA-1",1.34560632705688
"augustus_masked-SAKL0D-processed-gene-2.133-mRNA-1",0.581973612308502
"augustus_masked-SAKL0D-processed-gene-2.117-mRNA-1",0.565447211265564
"augustus_masked-SAKL0D-processed-gene-2.118-mRNA-1",0.595957398414612
"augustus_masked-SAKL0D-processed-gene-2.134-mRNA-1",1.05689024925232
"augustus_masked-SAKL0D-processed-gene-2.119-mRNA-1",0.956699252128601
"augustus_masked-SAKL0D-processed-gene-2.120-mRNA-1",0.256403475999832
"snap_masked-SAKL0D-processed-gene-2.71-mRNA-1",0.246115565299988
"augustus_masked-SAKL0D-processed-gene-2.135-mRNA-1",0.718966126441956
"augustus_masked-SAKL0D-processed-gene-2.136-mRNA-1",0.0842248499393463
"augustus_masked-SAKL0D-processed-gene-3.104-mRNA-1",0.103582590818405
"augustus_masked-SAKL0D-processed-gene-3.105-mRNA-1",0.13167916238308
"augustus_masked-SAKL0D-processed-gene-3.107-mRNA-1",0.168696612119675
"augustus_masked-SAKL0D-processed-gene-3.106-mRNA-1",0.437805682420731
"augustus_masked-SAKL0D-processed-gene-3.108-mRNA-1",0.209157630801201
"augustus_masked-SAKL0D-processed-gene-3.109-mRNA-1",0.93142694234848
"augustus_masked-SAKL0D-processed-gene-3.110-mRNA-1",0.302509754896164
"augustus_masked-SAKL0D-processed-gene-3.130-mRNA-1",0.274814039468765
"snap_masked-SAKL0D-processed-gene-3.54-mRNA-1",0.303270399570465
"snap_masked-SAKL0D-processed-gene-3.55-mRNA-1",0.37095844745636
"maker-SAKL0D-augustus-gene-3.94-mRNA-1",0.255297362804413
"augustus_masked-SAKL0D-processed-gene-3.131-mRNA-1",1.80071258544922
"augustus_masked-SAKL0D-processed-gene-3.132-mRNA-1",0.632160007953644
"augustus_masked-SAKL0D-processed-gene-3.112-mRNA-1",0.621068298816681
"snap_masked-SAKL0D-processed-gene-3.59-mRNA-1",0.580165684223175
"augustus_masked-SAKL0D-processed-gene-3.133-mRNA-1",0.15646855533123
"augustus_masked-SAKL0D-processed-gene-3.134-mRNA-1",0.464399814605713
"augustus_masked-SAKL0D-processed-gene-3.114-mRNA-1",0.109626710414886
"augustus_masked-SAKL0D-processed-gene-3.115-mRNA-1",0.485633254051208
"augustus_masked-SAKL0D-processed-gene-3.116-mRNA-1",0.0323756039142609
"augustus_masked-SAKL0D-processed-gene-3.117-mRNA-1",0.0990249067544937
"augustus_masked-SAKL0D-processed-gene-3.118-mRNA-1",0.318589180707932
"augustus_masked-SAKL0D-processed-gene-3.135-mRNA-1",0.199858382344246
"augustus_masked-SAKL0D-processed-gene-3.136-mRNA-1",0.689599633216858
"augustus_masked-SAKL0D-processed-gene-3.119-mRNA-1",0.422570049762726
"augustus_masked-SAKL0D-processed-gene-3.120-mRNA-1",0.399321585893631
"snap_masked-SAKL0D-processed-gene-3.85-mRNA-1",0.616570770740509
"augustus_masked-SAKL0D-processed-gene-3.121-mRNA-1",0.395530223846436
"augustus_masked-SAKL0D-processed-gene-3.122-mRNA-1",0.213266938924789
"snap_masked-SAKL0D-processed-gene-3.86-mRNA-1",0.0741458907723427
"augustus_masked-SAKL0D-processed-gene-3.123-mRNA-1",0.889532268047333
"snap_masked-SAKL0D-processed-gene-3.87-mRNA-1",0.361591011285782
"augustus_masked-SAKL0D-processed-gene-3.124-mRNA-1",0.354362308979034
"augustus_masked-SAKL0D-processed-gene-3.140-mRNA-1",0.962056457996368
"augustus_masked-SAKL0D-processed-gene-3.141-mRNA-1",0.267588585615158
"augustus_masked-SAKL0D-processed-gene-3.142-mRNA-1",0.276142954826355
"augustus_masked-SAKL0D-processed-gene-3.143-mRNA-1",0.764237642288208
"augustus_masked-SAKL0D-processed-gene-3.125-mRNA-1",0.454693734645844
"augustus_masked-SAKL0D-processed-gene-3.126-mRNA-1",0.183427959680557
"augustus_masked-SAKL0D-processed-gene-3.127-mRNA-1",0.0780337750911713
"augustus_masked-SAKL0D-processed-gene-3.144-mRNA-1",0.501874983310699
"augustus_masked-SAKL0D-processed-gene-3.145-mRNA-1",0.369342118501663
"augustus_masked-SAKL0D-processed-gene-3.128-mRNA-1",1.16189992427826
"augustus_masked-SAKL0D-processed-gene-3.129-mRNA-1",0.910003185272217
"augustus_masked-SAKL0D-processed-gene-4.82-mRNA-1",0.674493134021759
"augustus_masked-SAKL0D-processed-gene-4.83-mRNA-1",0.66636848449707
"augustus_masked-SAKL0D-processed-gene-4.84-mRNA-1",1.09355270862579
"augustus_masked-SAKL0D-processed-gene-4.85-mRNA-1",0.13074292242527
"augustus_masked-SAKL0D-processed-gene-4.86-mRNA-1",0.292894273996353
"augustus_masked-SAKL0D-processed-gene-4.87-mRNA-1",0.563981294631958
"augustus_masked-SAKL0D-processed-gene-4.88-mRNA-1",0.450926125049591
"augustus_masked-SAKL0D-processed-gene-4.89-mRNA-1",0.392647355794907
"augustus_masked-SAKL0D-processed-gene-4.90-mRNA-1",0.332424402236938
"augustus_masked-SAKL0D-processed-gene-4.109-mRNA-1",0.689349293708801
"augustus_masked-SAKL0D-processed-gene-4.91-mRNA-1",0.200741052627563
"augustus_masked-SAKL0D-processed-gene-4.110-mRNA-1",0.843403875827789
"augustus_masked-SAKL0D-processed-gene-4.92-mRNA-1",0.558447599411011
"augustus_masked-SAKL0D-processed-gene-4.111-mRNA-1",0.385082125663757
"augustus_masked-SAKL0D-processed-gene-4.93-mRNA-1",0.320586204528809
"augustus_masked-SAKL0D-processed-gene-4.112-mRNA-1",0.313285946846008
"maker-SAKL0D-snap-gene-4.123-mRNA-1",0.586167454719543
"augustus_masked-SAKL0D-processed-gene-4.95-mRNA-1",0.27341702580452
"augustus_masked-SAKL0D-processed-gene-4.96-mRNA-1",0.169082790613174
"augustus_masked-SAKL0D-processed-gene-4.97-mRNA-1",0.281350791454315
"augustus_masked-SAKL0D-processed-gene-4.98-mRNA-1",0.042740061879158
"augustus_masked-SAKL0D-processed-gene-4.113-mRNA-1",0.288333296775818
"augustus_masked-SAKL0D-processed-gene-4.114-mRNA-1",0.133328467607498
"augustus_masked-SAKL0D-processed-gene-4.99-mRNA-1",0.553455948829651
"augustus_masked-SAKL0D-processed-gene-4.115-mRNA-1",0.0573198013007641
"augustus_masked-SAKL0D-processed-gene-4.116-mRNA-1",0.925317645072937
"augustus_masked-SAKL0D-processed-gene-4.100-mRNA-1",1.20749056339264
"augustus_masked-SAKL0D-processed-gene-4.101-mRNA-1",1.03753781318665
"augustus_masked-SAKL0D-processed-gene-4.102-mRNA-1",0.472073078155518
"snap_masked-SAKL0D-processed-gene-4.35-mRNA-1",0.458036184310913
"augustus_masked-SAKL0D-processed-gene-4.103-mRNA-1",0.176274284720421
"augustus_masked-SAKL0D-processed-gene-4.118-mRNA-1",0.877065181732178
"augustus_masked-SAKL0D-processed-gene-4.119-mRNA-1",1.80267894268036
"augustus_masked-SAKL0D-processed-gene-4.104-mRNA-1",0.832315325737
"augustus_masked-SAKL0D-processed-gene-4.105-mRNA-1",0.267479687929153
"augustus_masked-SAKL0D-processed-gene-4.106-mRNA-1",0.192306503653526
"augustus_masked-SAKL0D-processed-gene-4.120-mRNA-1",0.249817669391632
"augustus_masked-SAKL0D-processed-gene-4.121-mRNA-1",0.846604526042938
"augustus_masked-SAKL0D-processed-gene-4.107-mRNA-1",1.11256408691406
"augustus_masked-SAKL0D-processed-gene-4.108-mRNA-1",0.0683087855577469
"augustus_masked-SAKL0D-processed-gene-5.9-mRNA-1",0.808577954769135
"maker-SAKL0D-snap-gene-5.0-mRNA-1",0.885669410228729
"snap_masked-SAKL0D-processed-gene-5.94-mRNA-1",0.636515259742737
"augustus_masked-SAKL0D-processed-gene-5.12-mRNA-1",0.51690000295639
"augustus_masked-SAKL0D-processed-gene-5.8-mRNA-1",0.103510096669197
"augustus_masked-SAKL0D-processed-gene-5.25-mRNA-1",0.0495807006955147
"augustus_masked-SAKL0D-processed-gene-5.26-mRNA-1",0.520070672035217
"augustus_masked-SAKL0D-processed-gene-5.13-mRNA-1",0.67616218328476
"augustus_masked-SAKL0D-processed-gene-5.27-mRNA-1",1.22779250144958
"augustus_masked-SAKL0D-processed-gene-5.28-mRNA-1",0.623190999031067
"augustus_masked-SAKL0D-processed-gene-5.29-mRNA-1",0.875000357627869
"snap_masked-SAKL0D-processed-gene-5.101-mRNA-1",0.387462794780731
"maker-SAKL0D-snap-gene-5.1-mRNA-1",0.60561203956604
"augustus_masked-SAKL0D-processed-gene-5.15-mRNA-1",0.869822382926941
"augustus_masked-SAKL0D-processed-gene-5.32-mRNA-1",0.533072471618652
"augustus_masked-SAKL0D-processed-gene-5.16-mRNA-1",0.353279858827591
"augustus_masked-SAKL0D-processed-gene-5.33-mRNA-1",0.250624716281891
"augustus_masked-SAKL0D-processed-gene-5.17-mRNA-1",0.43254616856575
"augustus_masked-SAKL0D-processed-gene-5.34-mRNA-1",0.433577299118042
"augustus_masked-SAKL0D-processed-gene-5.18-mRNA-1",0.0711926370859146
"augustus_masked-SAKL0D-processed-gene-5.35-mRNA-1",0.149899572134018
"augustus_masked-SAKL0D-processed-gene-5.36-mRNA-1",0.420356929302216
"snap_masked-SAKL0D-processed-gene-5.107-mRNA-1",0.741358935832977
"augustus_masked-SAKL0D-processed-gene-5.37-mRNA-1",0.425461113452911
"augustus_masked-SAKL0D-processed-gene-5.38-mRNA-1",0.499520003795624
"augustus_masked-SAKL0D-processed-gene-5.39-mRNA-1",1.33329284191132
"augustus_masked-SAKL0D-processed-gene-5.40-mRNA-1",2.47940349578857
"augustus_masked-SAKL0D-processed-gene-5.20-mRNA-1",1.03141391277313
"augustus_masked-SAKL0D-processed-gene-5.41-mRNA-1",0.101140670478344
"maker-SAKL0D-augustus-gene-5.2-mRNA-1",0.221190556883812
"augustus_masked-SAKL0D-processed-gene-5.42-mRNA-1",0.45311450958252
"augustus_masked-SAKL0D-processed-gene-5.43-mRNA-1",0.217453718185425
"augustus_masked-SAKL0D-processed-gene-5.22-mRNA-1",0.866460144519806
"augustus_masked-SAKL0D-processed-gene-5.44-mRNA-1",0.828990876674652
"augustus_masked-SAKL0D-processed-gene-5.45-mRNA-1",0.563906371593475
"augustus_masked-SAKL0D-processed-gene-5.46-mRNA-1",0.742849826812744
"augustus_masked-SAKL0D-processed-gene-5.47-mRNA-1",0.956176698207855
"maker-SAKL0D-augustus-gene-5.3-mRNA-1",1.53318858146667
"augustus_masked-SAKL0D-processed-gene-5.23-mRNA-1",1.01096451282501
"augustus_masked-SAKL0D-processed-gene-5.24-mRNA-1",0.411189436912537
"snap_masked-SAKL0D-processed-gene-5.139-mRNA-1",0.608464598655701
"augustus_masked-SAKL0D-processed-gene-6.83-mRNA-1",0.222227811813354
"snap_masked-SAKL0D-processed-gene-6.1-mRNA-1",0.275679409503937
"augustus_masked-SAKL0D-processed-gene-6.85-mRNA-1",0.944265067577362
"augustus_masked-SAKL0D-processed-gene-6.86-mRNA-1",0.308860093355179
"augustus_masked-SAKL0D-processed-gene-6.89-mRNA-1",0.234735384583473
"augustus_masked-SAKL0D-processed-gene-6.90-mRNA-1",0.404452353715897
"augustus_masked-SAKL0D-processed-gene-6.87-mRNA-1",0.429486989974976
"augustus_masked-SAKL0D-processed-gene-6.88-mRNA-1",0.279859453439713
"augustus_masked-SAKL0D-processed-gene-6.104-mRNA-1",0.777347028255463
"maker-SAKL0D-augustus-gene-6.127-mRNA-1",1.51152539253235
"snap_masked-SAKL0D-processed-gene-6.9-mRNA-1",0.7568678855896
"augustus_masked-SAKL0D-processed-gene-6.93-mRNA-1",0.439457267522812
"snap_masked-SAKL0D-processed-gene-6.23-mRNA-1",0.312074452638626
"augustus_masked-SAKL0D-processed-gene-6.106-mRNA-1",0.448053151369095
"augustus_masked-SAKL0D-processed-gene-6.94-mRNA-1",0.390348494052887
"augustus_masked-SAKL0D-processed-gene-6.107-mRNA-1",0.727618098258972
"augustus_masked-SAKL0D-processed-gene-6.95-mRNA-1",0.227286979556084
"snap_masked-SAKL0D-processed-gene-6.27-mRNA-1",0.599263489246368
"augustus_masked-SAKL0D-processed-gene-6.96-mRNA-1",0.761507987976074
"augustus_masked-SAKL0D-processed-gene-6.97-mRNA-1",0.334553897380829
"augustus_masked-SAKL0D-processed-gene-6.109-mRNA-1",0.615599393844604
"augustus_masked-SAKL0D-processed-gene-6.110-mRNA-1",1.0199556350708
"snap_masked-SAKL0D-processed-gene-6.30-mRNA-1",1.3958832025528
"snap_masked-SAKL0D-processed-gene-6.15-mRNA-1",0.0677378326654434
"snap_masked-SAKL0D-processed-gene-6.31-mRNA-1",0.919850051403046
"snap_masked-SAKL0D-processed-gene-6.32-mRNA-1",0.856827259063721
"augustus_masked-SAKL0D-processed-gene-6.98-mRNA-1",0.429943352937698
"augustus_masked-SAKL0D-processed-gene-6.99-mRNA-1",0.905894637107849
"augustus_masked-SAKL0D-processed-gene-6.113-mRNA-1",0.0775855034589767
"augustus_masked-SAKL0D-processed-gene-6.114-mRNA-1",0.379773110151291
"snap_masked-SAKL0D-processed-gene-6.18-mRNA-1",0.687463521957397
"augustus_masked-SAKL0D-processed-gene-6.115-mRNA-1",0.458230137825012
"snap_masked-SAKL0D-processed-gene-6.36-mRNA-1",0.870281517505646
"snap_masked-SAKL0D-processed-gene-6.19-mRNA-1",0.210580945014954
"augustus_masked-SAKL0D-processed-gene-6.117-mRNA-1",0.282036572694778
"snap_masked-SAKL0D-processed-gene-6.38-mRNA-1",1.27966785430908
"snap_masked-SAKL0D-processed-gene-6.39-mRNA-1",0.301277011632919
"augustus_masked-SAKL0D-processed-gene-6.102-mRNA-1",0.944235742092133
"augustus_masked-SAKL0D-processed-gene-6.119-mRNA-1",1.25323414802551
"augustus_masked-SAKL0D-processed-gene-6.120-mRNA-1",0.186102598905563
"augustus_masked-SAKL0D-processed-gene-6.103-mRNA-1",0.618781566619873
"augustus_masked-SAKL0D-processed-gene-7.16-mRNA-1",0.26906219124794
"snap_masked-SAKL0D-processed-gene-7.94-mRNA-1",0.754120826721191
"augustus_masked-SAKL0D-processed-gene-7.14-mRNA-1",0.778312265872955
"maker-SAKL0D-augustus-gene-7.0-mRNA-1",0.225980594754219
"augustus_masked-SAKL0D-processed-gene-7.17-mRNA-1",0.0851892381906509
"augustus_masked-SAKL0D-processed-gene-7.33-mRNA-1",0.563713133335114
"augustus_masked-SAKL0D-processed-gene-7.18-mRNA-1",1.19710266590118
"augustus_masked-SAKL0D-processed-gene-7.19-mRNA-1",0.585383415222168
"augustus_masked-SAKL0D-processed-gene-7.20-mRNA-1",0.8211749792099
"augustus_masked-SAKL0D-processed-gene-7.34-mRNA-1",0.434961020946503
"augustus_masked-SAKL0D-processed-gene-7.21-mRNA-1",0.325114458799362
"maker-SAKL0D-augustus-gene-7.1-mRNA-1",0.0873202458024025
"augustus_masked-SAKL0D-processed-gene-7.35-mRNA-1",0.253455966711044
"augustus_masked-SAKL0D-processed-gene-7.23-mRNA-1",0.290694862604141
"augustus_masked-SAKL0D-processed-gene-7.36-mRNA-1",0.250886350870132
"augustus_masked-SAKL0D-processed-gene-7.24-mRNA-1",0.196352705359459
"augustus_masked-SAKL0D-processed-gene-7.37-mRNA-1",0.330977469682693
"augustus_masked-SAKL0D-processed-gene-7.38-mRNA-1",0.52818351984024
"augustus_masked-SAKL0D-processed-gene-7.25-mRNA-1",0.155789509415627
"augustus_masked-SAKL0D-processed-gene-7.39-mRNA-1",0.281990021467209
"augustus_masked-SAKL0D-processed-gene-7.26-mRNA-1",0.108475357294083
"maker-SAKL0D-augustus-gene-7.2-mRNA-1",0.13661140203476
"augustus_masked-SAKL0D-processed-gene-7.27-mRNA-1",0.212008789181709
"augustus_masked-SAKL0D-processed-gene-7.41-mRNA-1",0.122092209756374
"augustus_masked-SAKL0D-processed-gene-7.42-mRNA-1",0.933386385440826
"snap_masked-SAKL0D-processed-gene-7.110-mRNA-1",0.376913547515869
"augustus_masked-SAKL0D-processed-gene-7.43-mRNA-1",0.275503903627396
"augustus_masked-SAKL0D-processed-gene-7.44-mRNA-1",0.187476471066475
"maker-SAKL0D-snap-gene-7.6-mRNA-1",0.227856382727623
"snap_masked-SAKL0D-processed-gene-7.111-mRNA-1",0.14525893330574
"augustus_masked-SAKL0D-processed-gene-7.29-mRNA-1",0.289266109466553
"snap_masked-SAKL0D-processed-gene-7.113-mRNA-1",0.321700990200043
"augustus_masked-SAKL0D-processed-gene-7.45-mRNA-1",0.16430339217186
"maker-SAKL0D-augustus-gene-7.3-mRNA-1",0.54233330488205
"augustus_masked-SAKL0D-processed-gene-7.30-mRNA-1",0.695024430751801
"augustus_masked-SAKL0D-processed-gene-7.47-mRNA-1",0.290843427181244
"augustus_masked-SAKL0D-processed-gene-7.48-mRNA-1",0.711296319961548
"augustus_masked-SAKL0D-processed-gene-7.31-mRNA-1",0.254695683717728
"augustus_masked-SAKL0D-processed-gene-7.49-mRNA-1",0.611497938632965
"augustus_masked-SAKL0D-processed-gene-7.32-mRNA-1",0.747542381286621
"augustus_masked-SAKL0D-processed-gene-7.50-mRNA-1",0.30280128121376
"augustus_masked-SAKL0D-processed-gene-7.51-mRNA-1",0.469886183738708
"augustus_masked-SAKL0D-processed-gene-8.92-mRNA-1",0.0696021318435669
"augustus_masked-SAKL0D-processed-gene-8.93-mRNA-1",0.589214742183685
"snap_masked-SAKL0D-processed-gene-8.42-mRNA-1",0.175362139940262
"snap_masked-SAKL0D-processed-gene-8.43-mRNA-1",0.321034669876099
"augustus_masked-SAKL0D-processed-gene-8.95-mRNA-1",0.206174790859222
"augustus_masked-SAKL0D-processed-gene-8.111-mRNA-1",0.138036772608757
"snap_masked-SAKL0D-processed-gene-8.45-mRNA-1",0.494375169277191
"augustus_masked-SAKL0D-processed-gene-8.112-mRNA-1",0.495217651128769
"augustus_masked-SAKL0D-processed-gene-8.113-mRNA-1",0.429880857467651
"augustus_masked-SAKL0D-processed-gene-8.97-mRNA-1",0.448900252580643
"augustus_masked-SAKL0D-processed-gene-8.114-mRNA-1",0.320770472288132
"snap_masked-SAKL0D-processed-gene-8.47-mRNA-1",0.911790788173676
"snap_masked-SAKL0D-processed-gene-8.48-mRNA-1",0.0575162246823311
"genemark-SAKL0D-processed-gene-8.9-mRNA-1",0.87004566192627
"augustus_masked-SAKL0D-processed-gene-8.100-mRNA-1",0.0507752783596516
"augustus_masked-SAKL0D-processed-gene-8.101-mRNA-1",0.468355298042297
"augustus_masked-SAKL0D-processed-gene-8.115-mRNA-1",0.703794121742249
"augustus_masked-SAKL0D-processed-gene-8.102-mRNA-1",0.404731392860413
"snap_masked-SAKL0D-processed-gene-8.68-mRNA-1",0.0786754041910172
"augustus_masked-SAKL0D-processed-gene-8.103-mRNA-1",0.099195696413517
"snap_masked-SAKL0D-processed-gene-8.69-mRNA-1",0.471773505210876
"snap_masked-SAKL0D-processed-gene-8.70-mRNA-1",1.09796142578125
"snap_masked-SAKL0D-processed-gene-8.54-mRNA-1",0.328896671533585
"snap_masked-SAKL0D-processed-gene-8.55-mRNA-1",0.337268024682999
"augustus_masked-SAKL0D-processed-gene-8.118-mRNA-1",0.167989209294319
"augustus_masked-SAKL0D-processed-gene-8.105-mRNA-1",0.219225883483887
"augustus_masked-SAKL0D-processed-gene-8.119-mRNA-1",0.286657869815826
"snap_masked-SAKL0D-processed-gene-8.74-mRNA-1",0.288045316934586
"snap_masked-SAKL0D-processed-gene-8.75-mRNA-1",1.00066924095154
"augustus_masked-SAKL0D-processed-gene-8.106-mRNA-1",1.47011756896973
"augustus_masked-SAKL0D-processed-gene-8.122-mRNA-1",0.372816801071167
"augustus_masked-SAKL0D-processed-gene-8.107-mRNA-1",1.31123495101929
"augustus_masked-SAKL0D-processed-gene-8.108-mRNA-1",0.835196554660797
"snap_masked-SAKL0D-processed-gene-8.77-mRNA-1",0.281186431646347
"snap_masked-SAKL0D-processed-gene-8.60-mRNA-1",0.0719067826867104
"maker-SAKL0D-snap-gene-8.83-mRNA-1",0.189713969826698
"augustus_masked-SAKL0D-processed-gene-8.124-mRNA-1",0.809571206569672
"genemark-SAKL0D-processed-gene-8.38-mRNA-1",1.51240277290344
"augustus_masked-SAKL0D-processed-gene-8.110-mRNA-1",0.694480359554291
"augustus_masked-SAKL0D-processed-gene-8.126-mRNA-1",0.519401848316193
"augustus_masked-SAKL0D-processed-gene-9.103-mRNA-1",0.400152981281281
"augustus_masked-SAKL0D-processed-gene-9.104-mRNA-1",0.424509912729263
"augustus_masked-SAKL0D-processed-gene-9.101-mRNA-1",2.09170055389404
"augustus_masked-SAKL0D-processed-gene-9.105-mRNA-1",1.66415333747864
"augustus_masked-SAKL0D-processed-gene-9.102-mRNA-1",1.09873175621033
"snap_masked-SAKL0D-processed-gene-9.68-mRNA-1",1.88763070106506
"snap_masked-SAKL0D-processed-gene-9.69-mRNA-1",0.942743837833405
"augustus_masked-SAKL0D-processed-gene-9.106-mRNA-1",0.981345474720001
"augustus_masked-SAKL0D-processed-gene-9.107-mRNA-1",0.343381762504578
"augustus_masked-SAKL0D-processed-gene-9.108-mRNA-1",0.733388602733612
"augustus_masked-SAKL0D-processed-gene-9.109-mRNA-1",0.304683685302734
"augustus_masked-SAKL0D-processed-gene-9.125-mRNA-1",0.187088862061501
"augustus_masked-SAKL0D-processed-gene-9.126-mRNA-1",0.340761333703995
"augustus_masked-SAKL0D-processed-gene-9.110-mRNA-1",0.309477508068085
"augustus_masked-SAKL0D-processed-gene-9.127-mRNA-1",0.163501918315887
"augustus_masked-SAKL0D-processed-gene-9.111-mRNA-1",0.219826906919479
"augustus_masked-SAKL0D-processed-gene-9.128-mRNA-1",0.192783161997795
"augustus_masked-SAKL0D-processed-gene-9.112-mRNA-1",0.43814691901207
"augustus_masked-SAKL0D-processed-gene-9.113-mRNA-1",0.392301768064499
"maker-SAKL0D-snap-gene-9.91-mRNA-1",0.0995467528700829
"augustus_masked-SAKL0D-processed-gene-9.129-mRNA-1",0.942723751068115
"augustus_masked-SAKL0D-processed-gene-9.130-mRNA-1",1.10365033149719
"augustus_masked-SAKL0D-processed-gene-9.115-mRNA-1",0.357814818620682
"augustus_masked-SAKL0D-processed-gene-9.131-mRNA-1",0.0867277085781097
"augustus_masked-SAKL0D-processed-gene-9.116-mRNA-1",0.258547484874725
"snap_masked-SAKL0D-processed-gene-9.77-mRNA-1",0.253991276025772
"augustus_masked-SAKL0D-processed-gene-9.117-mRNA-1",0.307477504014969
"augustus_masked-SAKL0D-processed-gene-9.133-mRNA-1",0.269012123346329
"snap_masked-SAKL0D-processed-gene-9.79-mRNA-1",0.95219224691391
"augustus_masked-SAKL0D-processed-gene-9.135-mRNA-1",0.719002723693848
"augustus_masked-SAKL0D-processed-gene-9.118-mRNA-1",1.62873423099518
"augustus_masked-SAKL0D-processed-gene-9.136-mRNA-1",1.91540563106537
"maker-SAKL0D-augustus-gene-9.94-mRNA-1",0.307919591665268
"genemark-SAKL0D-processed-gene-9.37-mRNA-1",0.835620641708374
"augustus_masked-SAKL0D-processed-gene-9.119-mRNA-1",0.147534117102623
"augustus_masked-SAKL0D-processed-gene-9.139-mRNA-1",0.0999586507678032
"augustus_masked-SAKL0D-processed-gene-9.140-mRNA-1",0.144499599933624
"snap_masked-SAKL0D-processed-gene-9.86-mRNA-1",0.447233438491821
"augustus_masked-SAKL0D-processed-gene-9.142-mRNA-1",0.774671912193298
"snap_masked-SAKL0D-processed-gene-9.65-mRNA-1",0.887825310230255
"augustus_masked-SAKL0D-processed-gene-9.121-mRNA-1",0.39239376783371
"augustus_masked-SAKL0D-processed-gene-9.143-mRNA-1",1.57063591480255
"augustus_masked-SAKL0D-processed-gene-9.122-mRNA-1",0.67333459854126
"augustus_masked-SAKL0D-processed-gene-9.144-mRNA-1",0.634652733802795
"snap_masked-SAKL0D-processed-gene-9.90-mRNA-1",1.0862922668457
"augustus_masked-SAKL0D-processed-gene-10.6-mRNA-1",0.872985780239105
"augustus_masked-SAKL0D-processed-gene-10.7-mRNA-1",1.01789152622223
"augustus_masked-SAKL0D-processed-gene-10.4-mRNA-1",0.0442382730543613
"snap_masked-SAKL0D-processed-gene-10.94-mRNA-1",0.531602203845978
"genemark-SAKL0D-processed-gene-10.52-mRNA-1",1.62145149707794
"snap_masked-SAKL0D-processed-gene-10.91-mRNA-1",2.12801098823547
"augustus_masked-SAKL0D-processed-gene-10.10-mRNA-1",0.990839660167694
"augustus_masked-SAKL0D-processed-gene-10.11-mRNA-1",0.620853781700134
"augustus_masked-SAKL0D-processed-gene-10.29-mRNA-1",0.420148700475693
"augustus_masked-SAKL0D-processed-gene-10.12-mRNA-1",0.0905281528830528
"augustus_masked-SAKL0D-processed-gene-10.30-mRNA-1",0.187082514166832
"snap_masked-SAKL0D-processed-gene-10.99-mRNA-1",0.0736377537250519
"augustus_masked-SAKL0D-processed-gene-10.31-mRNA-1",0.0543458387255669
"augustus_masked-SAKL0D-processed-gene-10.32-mRNA-1",0.80658233165741
"augustus_masked-SAKL0D-processed-gene-10.33-mRNA-1",1.13459300994873
"augustus_masked-SAKL0D-processed-gene-10.14-mRNA-1",0.440269201993942
"augustus_masked-SAKL0D-processed-gene-10.34-mRNA-1",0.525971710681915
"augustus_masked-SAKL0D-processed-gene-10.15-mRNA-1",0.40435791015625
"augustus_masked-SAKL0D-processed-gene-10.35-mRNA-1",0.451696515083313
"snap_masked-SAKL0D-processed-gene-10.102-mRNA-1",0.603739798069
"augustus_masked-SAKL0D-processed-gene-10.36-mRNA-1",0.257288366556168
"snap_masked-SAKL0D-processed-gene-10.124-mRNA-1",0.368684142827988
"snap_masked-SAKL0D-processed-gene-10.103-mRNA-1",0.583386123180389
"snap_masked-SAKL0D-processed-gene-10.104-mRNA-1",0.370028346776962
"augustus_masked-SAKL0D-processed-gene-10.18-mRNA-1",0.174414128065109
"augustus_masked-SAKL0D-processed-gene-10.38-mRNA-1",0.443344175815582
"augustus_masked-SAKL0D-processed-gene-10.19-mRNA-1",0.551969051361084
"augustus_masked-SAKL0D-processed-gene-10.20-mRNA-1",0.584960222244263
"augustus_masked-SAKL0D-processed-gene-10.21-mRNA-1",1.00163578987122
"augustus_masked-SAKL0D-processed-gene-10.22-mRNA-1",0.632707417011261
"augustus_masked-SAKL0D-processed-gene-10.39-mRNA-1",0.80083829164505
"augustus_masked-SAKL0D-processed-gene-10.40-mRNA-1",1.44473445415497
"snap_masked-SAKL0D-processed-gene-10.110-mRNA-1",1.53529274463654
"augustus_masked-SAKL0D-processed-gene-10.24-mRNA-1",0.367400467395782
"augustus_masked-SAKL0D-processed-gene-10.25-mRNA-1",0.708572447299957
"augustus_masked-SAKL0D-processed-gene-10.41-mRNA-1",0.109158627688885
"augustus_masked-SAKL0D-processed-gene-10.26-mRNA-1",0.162924855947495
"augustus_masked-SAKL0D-processed-gene-10.42-mRNA-1",0.196127250790596
"augustus_masked-SAKL0D-processed-gene-10.27-mRNA-1",0.232218146324158
"snap_masked-SAKL0D-processed-gene-10.130-mRNA-1",0.227510347962379
"augustus_masked-SAKL0D-processed-gene-10.44-mRNA-1",0.354145169258118
"augustus_masked-SAKL0D-processed-gene-10.45-mRNA-1",0.530198335647583
"augustus_masked-SAKL0D-processed-gene-10.46-mRNA-1",0.265102624893188
"snap_masked-SAKL0D-processed-gene-10.115-mRNA-1",0.358043849468231
"augustus_masked-SAKL0D-processed-gene-11.218-mRNA-1",0.0622917637228966
"augustus_masked-SAKL0D-processed-gene-11.219-mRNA-1",0.240922808647156
"augustus_masked-SAKL0D-processed-gene-11.215-mRNA-1",0.405520260334015
"augustus_masked-SAKL0D-processed-gene-11.220-mRNA-1",0.181982681155205
"augustus_masked-SAKL0D-processed-gene-11.216-mRNA-1",0.128834694623947
"augustus_masked-SAKL0D-processed-gene-11.221-mRNA-1",0.126886993646622
"augustus_masked-SAKL0D-processed-gene-11.222-mRNA-1",0.455566912889481
"augustus_masked-SAKL0D-processed-gene-11.217-mRNA-1",0.62105005979538
"augustus_masked-SAKL0D-processed-gene-11.223-mRNA-1",0.550888776779175
"augustus_masked-SAKL0D-processed-gene-11.224-mRNA-1",0.191473349928856
"augustus_masked-SAKL0D-processed-gene-11.261-mRNA-1",0.291205763816833
"augustus_masked-SAKL0D-processed-gene-11.225-mRNA-1",0.356122881174088
"augustus_masked-SAKL0D-processed-gene-11.262-mRNA-1",0.552103042602539
"augustus_masked-SAKL0D-processed-gene-11.263-mRNA-1",1.01350438594818
"augustus_masked-SAKL0D-processed-gene-11.264-mRNA-1",0.796066045761108
"augustus_masked-SAKL0D-processed-gene-11.226-mRNA-1",1.23966908454895
"augustus_masked-SAKL0D-processed-gene-11.265-mRNA-1",0.448934853076935
"augustus_masked-SAKL0D-processed-gene-11.227-mRNA-1",0.261795848608017
"augustus_masked-SAKL0D-processed-gene-11.266-mRNA-1",1.01069283485413
"augustus_masked-SAKL0D-processed-gene-11.228-mRNA-1",0.302164673805237
"augustus_masked-SAKL0D-processed-gene-11.229-mRNA-1",0.106368288397789
"augustus_masked-SAKL0D-processed-gene-11.267-mRNA-1",0.236235052347183
"augustus_masked-SAKL0D-processed-gene-11.230-mRNA-1",0.448587894439697
"augustus_masked-SAKL0D-processed-gene-11.268-mRNA-1",0.463387697935104
"augustus_masked-SAKL0D-processed-gene-11.231-mRNA-1",0.120241954922676
"augustus_masked-SAKL0D-processed-gene-11.232-mRNA-1",0.998679041862488
"augustus_masked-SAKL0D-processed-gene-11.233-mRNA-1",0.559238314628601
"snap_masked-SAKL0D-processed-gene-11.160-mRNA-1",0.176458477973938
"snap_masked-SAKL0D-processed-gene-11.161-mRNA-1",0.744788587093353
"snap_masked-SAKL0D-processed-gene-11.162-mRNA-1",1.76024723052979
"snap_masked-SAKL0D-processed-gene-11.163-mRNA-1",2.48532891273499
"augustus_masked-SAKL0D-processed-gene-11.234-mRNA-1",1.02772200107574
"augustus_masked-SAKL0D-processed-gene-11.270-mRNA-1",0.216443359851837
"augustus_masked-SAKL0D-processed-gene-11.235-mRNA-1",0.829825043678284
"augustus_masked-SAKL0D-processed-gene-11.236-mRNA-1",0.202172040939331
"augustus_masked-SAKL0D-processed-gene-11.271-mRNA-1",0.204252943396568
"augustus_masked-SAKL0D-processed-gene-11.272-mRNA-1",0.488513439893723
"augustus_masked-SAKL0D-processed-gene-11.273-mRNA-1",0.959102988243103
"augustus_masked-SAKL0D-processed-gene-11.274-mRNA-1",0.150407075881958
"augustus_masked-SAKL0D-processed-gene-11.275-mRNA-1",0.0391837917268276
"maker-SAKL0D-augustus-gene-11.207-mRNA-1",0.956128239631653
"augustus_masked-SAKL0D-processed-gene-11.237-mRNA-1",0.698120713233948
"augustus_masked-SAKL0D-processed-gene-11.238-mRNA-1",0.916366815567017
"maker-SAKL0D-snap-gene-11.210-mRNA-1",0.605944573879242
"augustus_masked-SAKL0D-processed-gene-11.240-mRNA-1",0.109758414328098
"augustus_masked-SAKL0D-processed-gene-11.278-mRNA-1",0.411115318536758
"maker-SAKL0D-augustus-gene-11.208-mRNA-1",0.335102707147598
"augustus_masked-SAKL0D-processed-gene-11.241-mRNA-1",0.687451541423798
"augustus_masked-SAKL0D-processed-gene-11.242-mRNA-1",0.698151111602783
"snap_masked-SAKL0D-processed-gene-11.126-mRNA-1",1.18212914466858
"augustus_masked-SAKL0D-processed-gene-11.281-mRNA-1",0.93698662519455
"augustus_masked-SAKL0D-processed-gene-11.244-mRNA-1",1.01489019393921
"augustus_masked-SAKL0D-processed-gene-11.282-mRNA-1",0.690175831317902
"augustus_masked-SAKL0D-processed-gene-11.245-mRNA-1",1.31685733795166
"augustus_masked-SAKL0D-processed-gene-11.283-mRNA-1",0.511510729789734
"augustus_masked-SAKL0D-processed-gene-11.246-mRNA-1",0.140704989433289
"augustus_masked-SAKL0D-processed-gene-11.284-mRNA-1",0.755604147911072
"augustus_masked-SAKL0D-processed-gene-11.247-mRNA-1",0.384380131959915
"augustus_masked-SAKL0D-processed-gene-11.285-mRNA-1",0.450551301240921
"snap_masked-SAKL0D-processed-gene-11.179-mRNA-1",0.559682071208954
"augustus_masked-SAKL0D-processed-gene-11.248-mRNA-1",0.660137236118317
"augustus_masked-SAKL0D-processed-gene-11.287-mRNA-1",1.32528293132782
"augustus_masked-SAKL0D-processed-gene-11.249-mRNA-1",1.17442774772644
"augustus_masked-SAKL0D-processed-gene-11.250-mRNA-1",0.561202347278595
"augustus_masked-SAKL0D-processed-gene-11.288-mRNA-1",0.0956555604934692
"augustus_masked-SAKL0D-processed-gene-11.251-mRNA-1",0.586062967777252
"augustus_masked-SAKL0D-processed-gene-11.289-mRNA-1",0.126079142093658
"snap_masked-SAKL0D-processed-gene-11.183-mRNA-1",0.16722659766674
"snap_masked-SAKL0D-processed-gene-11.184-mRNA-1",0.128629475831985
"augustus_masked-SAKL0D-processed-gene-11.291-mRNA-1",0.279961585998535
"snap_masked-SAKL0D-processed-gene-11.135-mRNA-1",0.985386431217194
"snap_masked-SAKL0D-processed-gene-11.136-mRNA-1",1.22811877727509
"augustus_masked-SAKL0D-processed-gene-11.292-mRNA-1",0.187248483300209
"augustus_masked-SAKL0D-processed-gene-11.293-mRNA-1",0.202380836009979
"augustus_masked-SAKL0D-processed-gene-11.294-mRNA-1",0.214390948414803
"maker-SAKL0D-snap-gene-11.212-mRNA-1",0.432291209697723
"augustus_masked-SAKL0D-processed-gene-11.296-mRNA-1",0.423332422971725
"augustus_masked-SAKL0D-processed-gene-11.297-mRNA-1",0.160995155572891
"augustus_masked-SAKL0D-processed-gene-11.253-mRNA-1",0.75647908449173
"augustus_masked-SAKL0D-processed-gene-11.298-mRNA-1",0.822768807411194
"maker-SAKL0D-augustus-gene-11.209-mRNA-1",0.866744697093964
"augustus_masked-SAKL0D-processed-gene-11.254-mRNA-1",0.321603089570999
"augustus_masked-SAKL0D-processed-gene-11.300-mRNA-1",0.566727042198181
"augustus_masked-SAKL0D-processed-gene-11.301-mRNA-1",0.269027143716812
"snap_masked-SAKL0D-processed-gene-11.197-mRNA-1",0.185790926218033
"augustus_masked-SAKL0D-processed-gene-11.255-mRNA-1",0.12364250421524
"augustus_masked-SAKL0D-processed-gene-11.256-mRNA-1",0.238809332251549
"augustus_masked-SAKL0D-processed-gene-11.303-mRNA-1",0.0958534926176071
"augustus_masked-SAKL0D-processed-gene-11.304-mRNA-1",0.160666987299919
"snap_masked-SAKL0D-processed-gene-11.142-mRNA-1",0.339267134666443
"augustus_masked-SAKL0D-processed-gene-11.257-mRNA-1",0.37134325504303
"snap_masked-SAKL0D-processed-gene-11.144-mRNA-1",0.174173519015312
"augustus_masked-SAKL0D-processed-gene-11.305-mRNA-1",0.318805932998657
"augustus_masked-SAKL0D-processed-gene-11.258-mRNA-1",0.29194638133049
"genemark-SAKL0D-processed-gene-11.46-mRNA-1",0.672998309135437
"snap_masked-SAKL0D-processed-gene-11.150-mRNA-1",0.0540264844894409
"augustus_masked-SAKL0D-processed-gene-11.260-mRNA-1",0.147605493664742
"snap_masked-SAKL0D-processed-gene-11.202-mRNA-1",0.95963990688324
"augustus_masked-SAKL0E-processed-gene-0.90-mRNA-1",0.39120551943779
"snap_masked-SAKL0E-processed-gene-0.34-mRNA-1",1.2020126581192
"augustus_masked-SAKL0E-processed-gene-0.92-mRNA-1",0.695810914039612
"snap_masked-SAKL0E-processed-gene-0.50-mRNA-1",1.27044582366943
"augustus_masked-SAKL0E-processed-gene-0.105-mRNA-1",0.172302961349487
"maker-SAKL0E-snap-gene-0.78-mRNA-1",1.30484437942505
"maker-SAKL0E-snap-gene-0.77-mRNA-1",1.99357748031616
"augustus_masked-SAKL0E-processed-gene-0.108-mRNA-1",2.44742369651794
"snap_masked-SAKL0E-processed-gene-0.55-mRNA-1",2.14309620857239
"snap_masked-SAKL0E-processed-gene-0.56-mRNA-1",0.501701354980469
"snap_masked-SAKL0E-processed-gene-0.57-mRNA-1",0.672852396965027
"maker-SAKL0E-snap-gene-0.75-mRNA-1",2.15195989608765
"snap_masked-SAKL0E-processed-gene-0.39-mRNA-1",1.59437668323517
"augustus_masked-SAKL0E-processed-gene-0.109-mRNA-1",0.379886329174042
"genemark-SAKL0E-processed-gene-0.4-mRNA-1",0.25272873044014
"augustus_masked-SAKL0E-processed-gene-0.110-mRNA-1",0.604806661605835
"augustus_masked-SAKL0E-processed-gene-0.111-mRNA-1",0.986920654773712
"augustus_masked-SAKL0E-processed-gene-0.112-mRNA-1",0.0866854563355446
"augustus_masked-SAKL0E-processed-gene-0.113-mRNA-1",0.164795950055122
"augustus_masked-SAKL0E-processed-gene-0.114-mRNA-1",0.182897105813026
"snap_masked-SAKL0E-processed-gene-0.64-mRNA-1",0.332237511873245
"maker-SAKL0E-augustus-gene-0.86-mRNA-1",0.125836580991745
"augustus_masked-SAKL0E-processed-gene-0.96-mRNA-1",0.324294686317444
"snap_masked-SAKL0E-processed-gene-0.42-mRNA-1",0.457757741212845
"augustus_masked-SAKL0E-processed-gene-0.117-mRNA-1",0.304921746253967
"maker-SAKL0E-snap-gene-0.79-mRNA-1",0.525474727153778
"augustus_masked-SAKL0E-processed-gene-0.98-mRNA-1",0.306171119213104
"maker-SAKL0E-augustus-gene-0.88-mRNA-1",0.501812696456909
"augustus_masked-SAKL0E-processed-gene-0.99-mRNA-1",0.612163901329041
"augustus_masked-SAKL0E-processed-gene-0.100-mRNA-1",0.672155201435089
"augustus_masked-SAKL0E-processed-gene-0.101-mRNA-1",0.436749190092087
"augustus_masked-SAKL0E-processed-gene-0.102-mRNA-1",0.714615762233734
"augustus_masked-SAKL0E-processed-gene-0.103-mRNA-1",0.572188973426819
"augustus_masked-SAKL0E-processed-gene-0.104-mRNA-1",0.266236901283264
"maker-SAKL0E-snap-gene-0.80-mRNA-1",0.190150305628777
"snap_masked-SAKL0E-processed-gene-0.72-mRNA-1",0.810446321964264
"maker-SAKL0E-snap-gene-0.82-mRNA-1",0.797575712203979
"maker-SAKL0E-snap-gene-0.83-mRNA-1",0.375776469707489
"maker-SAKL0E-snap-gene-0.81-mRNA-1",0.32354274392128
"augustus_masked-SAKL0E-processed-gene-0.121-mRNA-1",0.0803894475102425
"genemark-SAKL0E-processed-gene-1.92-mRNA-1",0.393581062555313
"augustus_masked-SAKL0E-processed-gene-1.1-mRNA-1",0.997111856937408
"augustus_masked-SAKL0E-processed-gene-1.2-mRNA-1",0.763620615005493
"snap_masked-SAKL0E-processed-gene-1.51-mRNA-1",0.050967201590538
"maker-SAKL0E-augustus-gene-1.39-mRNA-1",0.517164826393127
"augustus_masked-SAKL0E-processed-gene-1.4-mRNA-1",0.120815306901932
"augustus_masked-SAKL0E-processed-gene-1.5-mRNA-1",0.0604190789163113
"augustus_masked-SAKL0E-processed-gene-1.6-mRNA-1",0.326752692461014
"augustus_masked-SAKL0E-processed-gene-1.23-mRNA-1",0.307377934455872
"augustus_masked-SAKL0E-processed-gene-1.7-mRNA-1",0.329117029905319
"augustus_masked-SAKL0E-processed-gene-1.24-mRNA-1",0.163839399814606
"augustus_masked-SAKL0E-processed-gene-1.8-mRNA-1",0.190249815583229
"augustus_masked-SAKL0E-processed-gene-1.9-mRNA-1",0.46921968460083
"augustus_masked-SAKL0E-processed-gene-1.10-mRNA-1",0.165721654891968
"augustus_masked-SAKL0E-processed-gene-1.11-mRNA-1",0.617798566818237
"augustus_masked-SAKL0E-processed-gene-1.25-mRNA-1",0.467079699039459
"snap_masked-SAKL0E-processed-gene-1.62-mRNA-1",0.202178627252579
"augustus_masked-SAKL0E-processed-gene-1.13-mRNA-1",0.159911498427391
"augustus_masked-SAKL0E-processed-gene-1.26-mRNA-1",0.300879657268524
"augustus_masked-SAKL0E-processed-gene-1.14-mRNA-1",0.46443298459053
"genemark-SAKL0E-processed-gene-1.124-mRNA-1",0.254550039768219
"maker-SAKL0E-snap-gene-1.42-mRNA-1",0.498229056596756
"augustus_masked-SAKL0E-processed-gene-1.15-mRNA-1",0.263744533061981
"augustus_masked-SAKL0E-processed-gene-1.30-mRNA-1",0.295522570610046
"augustus_masked-SAKL0E-processed-gene-1.16-mRNA-1",0.552967071533203
"augustus_masked-SAKL0E-processed-gene-1.31-mRNA-1",0.309250205755234
"augustus_masked-SAKL0E-processed-gene-1.32-mRNA-1",0.552066206932068
"snap_masked-SAKL0E-processed-gene-1.67-mRNA-1",0.148283928632736
"snap_masked-SAKL0E-processed-gene-1.68-mRNA-1",0.251778572797775
"augustus_masked-SAKL0E-processed-gene-1.33-mRNA-1",0.332999885082245
"snap_masked-SAKL0E-processed-gene-1.87-mRNA-1",0.132661789655685
"augustus_masked-SAKL0E-processed-gene-1.35-mRNA-1",0.219057396054268
"augustus_masked-SAKL0E-processed-gene-1.18-mRNA-1",0.233602315187454
"augustus_masked-SAKL0E-processed-gene-1.19-mRNA-1",0.483879297971725
"augustus_masked-SAKL0E-processed-gene-1.36-mRNA-1",0.225999057292938
"augustus_masked-SAKL0E-processed-gene-1.20-mRNA-1",0.516397953033447
"augustus_masked-SAKL0E-processed-gene-1.37-mRNA-1",0.3683240711689
"snap_masked-SAKL0E-processed-gene-1.72-mRNA-1",0.960234761238098
"augustus_masked-SAKL0E-processed-gene-1.38-mRNA-1",0.263254940509796
"augustus_masked-SAKL0E-processed-gene-1.21-mRNA-1",0.209859266877174
"augustus_masked-SAKL0E-processed-gene-1.22-mRNA-1",0.147990629076958
"snap_masked-SAKL0E-processed-gene-2.102-mRNA-1",0.557250618934631
"snap_masked-SAKL0E-processed-gene-2.103-mRNA-1",0.246608540415764
"genemark-SAKL0E-processed-gene-2.54-mRNA-1",0.271975696086884
"augustus_masked-SAKL0E-processed-gene-2.11-mRNA-1",0.151028677821159
"augustus_masked-SAKL0E-processed-gene-2.12-mRNA-1",0.48161318898201
"maker-SAKL0E-augustus-gene-2.2-mRNA-1",0.781840443611145
"augustus_masked-SAKL0E-processed-gene-2.8-mRNA-1",0.340148717164993
"augustus_masked-SAKL0E-processed-gene-2.30-mRNA-1",0.374017000198364
"snap_masked-SAKL0E-processed-gene-2.125-mRNA-1",1.54974639415741
"maker-SAKL0E-snap-gene-2.1-mRNA-1",1.16061651706696
"augustus_masked-SAKL0E-processed-gene-2.13-mRNA-1",0.751493036746979
"snap_masked-SAKL0E-processed-gene-2.132-mRNA-1",0.105455301702023
"augustus_masked-SAKL0E-processed-gene-2.14-mRNA-1",0.729693353176117
"augustus_masked-SAKL0E-processed-gene-2.15-mRNA-1",0.711455643177032
"augustus_masked-SAKL0E-processed-gene-2.16-mRNA-1",0.659407138824463
"augustus_masked-SAKL0E-processed-gene-2.35-mRNA-1",0.588954031467438
"augustus_masked-SAKL0E-processed-gene-2.17-mRNA-1",2.87523412704468
"augustus_masked-SAKL0E-processed-gene-2.18-mRNA-1",1.24275052547455
"snap_masked-SAKL0E-processed-gene-2.113-mRNA-1",0.528693199157715
"augustus_masked-SAKL0E-processed-gene-2.36-mRNA-1",0.572361826896667
"augustus_masked-SAKL0E-processed-gene-2.20-mRNA-1",1.01772773265839
"augustus_masked-SAKL0E-processed-gene-2.37-mRNA-1",0.267596513032913
"augustus_masked-SAKL0E-processed-gene-2.38-mRNA-1",0.230321571230888
"augustus_masked-SAKL0E-processed-gene-2.39-mRNA-1",0.487327814102173
"augustus_masked-SAKL0E-processed-gene-2.40-mRNA-1",0.214329764246941
"augustus_masked-SAKL0E-processed-gene-2.21-mRNA-1",0.115987874567509
"snap_masked-SAKL0E-processed-gene-2.139-mRNA-1",0.329051822423935
"augustus_masked-SAKL0E-processed-gene-2.42-mRNA-1",1.32197952270508
"augustus_masked-SAKL0E-processed-gene-2.22-mRNA-1",0.405021280050278
"snap_masked-SAKL0E-processed-gene-2.141-mRNA-1",1.50614249706268
"genemark-SAKL0E-processed-gene-2.93-mRNA-1",1.41840410232544
"augustus_masked-SAKL0E-processed-gene-2.23-mRNA-1",0.210640639066696
"augustus_masked-SAKL0E-processed-gene-2.45-mRNA-1",0.560747623443604
"augustus_masked-SAKL0E-processed-gene-2.46-mRNA-1",1.95190858840942
"maker-SAKL0E-augustus-gene-2.3-mRNA-1",1.85470294952393
"augustus_masked-SAKL0E-processed-gene-2.26-mRNA-1",0.435987651348114
"augustus_masked-SAKL0E-processed-gene-2.27-mRNA-1",0.3749960064888
"augustus_masked-SAKL0E-processed-gene-2.47-mRNA-1",0.282512605190277
"augustus_masked-SAKL0E-processed-gene-2.48-mRNA-1",0.424381613731384
"augustus_masked-SAKL0E-processed-gene-2.28-mRNA-1",0.7696253657341
"genemark-SAKL0E-processed-gene-2.98-mRNA-1",1.06152200698853
"snap_masked-SAKL0E-processed-gene-2.147-mRNA-1",0.926502227783203
"snap_masked-SAKL0E-processed-gene-2.148-mRNA-1",0.176254943013191
"augustus_masked-SAKL0E-processed-gene-2.29-mRNA-1",0.63234007358551
"augustus_masked-SAKL0E-processed-gene-3.1-mRNA-1",0.434467762708664
"snap_masked-SAKL0E-processed-gene-3.66-mRNA-1",0.753431916236877
"genemark-SAKL0E-processed-gene-3.120-mRNA-1",0.129948392510414
"augustus_masked-SAKL0E-processed-gene-3.3-mRNA-1",0.438954591751099
"genemark-SAKL0E-processed-gene-3.122-mRNA-1",0.637973785400391
"snap_masked-SAKL0E-processed-gene-3.64-mRNA-1",0.503889262676239
"augustus_masked-SAKL0E-processed-gene-3.5-mRNA-1",0.933193206787109
"augustus_masked-SAKL0E-processed-gene-3.6-mRNA-1",0.583766341209412
"augustus_masked-SAKL0E-processed-gene-3.7-mRNA-1",0.10677594691515
"augustus_masked-SAKL0E-processed-gene-3.29-mRNA-1",0.192604064941406
"snap_masked-SAKL0E-processed-gene-3.73-mRNA-1",0.315739810466766
"augustus_masked-SAKL0E-processed-gene-3.8-mRNA-1",0.580915093421936
"augustus_masked-SAKL0E-processed-gene-3.30-mRNA-1",0.424877762794495
"augustus_masked-SAKL0E-processed-gene-3.31-mRNA-1",0.316487312316895
"augustus_masked-SAKL0E-processed-gene-3.9-mRNA-1",0.275902360677719
"augustus_masked-SAKL0E-processed-gene-3.32-mRNA-1",0.0532372929155827
"augustus_masked-SAKL0E-processed-gene-3.10-mRNA-1",0.435627907514572
"augustus_masked-SAKL0E-processed-gene-3.11-mRNA-1",0.391821950674057
"maker-SAKL0E-augustus-gene-3.61-mRNA-1",0.451525330543518
"augustus_masked-SAKL0E-processed-gene-3.12-mRNA-1",0.484999805688858
"augustus_masked-SAKL0E-processed-gene-3.34-mRNA-1",0.902278125286102
"augustus_masked-SAKL0E-processed-gene-3.13-mRNA-1",0.431983083486557
"augustus_masked-SAKL0E-processed-gene-3.35-mRNA-1",0.398368895053864
"augustus_masked-SAKL0E-processed-gene-3.14-mRNA-1",0.133166432380676
"augustus_masked-SAKL0E-processed-gene-3.36-mRNA-1",0.108787454664707
"augustus_masked-SAKL0E-processed-gene-3.37-mRNA-1",1.18839585781097
"augustus_masked-SAKL0E-processed-gene-3.38-mRNA-1",0.757565677165985
"augustus_masked-SAKL0E-processed-gene-3.39-mRNA-1",2.57255935668945
"augustus_masked-SAKL0E-processed-gene-3.15-mRNA-1",1.10874235630035
"augustus_masked-SAKL0E-processed-gene-3.40-mRNA-1",0.695880472660065
"augustus_masked-SAKL0E-processed-gene-3.16-mRNA-1",0.0528825111687183
"augustus_masked-SAKL0E-processed-gene-3.41-mRNA-1",0.511000633239746
"augustus_masked-SAKL0E-processed-gene-3.17-mRNA-1",0.584564685821533
"augustus_masked-SAKL0E-processed-gene-3.42-mRNA-1",0.710687875747681
"augustus_masked-SAKL0E-processed-gene-3.43-mRNA-1",0.910212934017181
"augustus_masked-SAKL0E-processed-gene-3.18-mRNA-1",1.33149361610413
"augustus_masked-SAKL0E-processed-gene-3.19-mRNA-1",0.343830496072769
"augustus_masked-SAKL0E-processed-gene-3.20-mRNA-1",0.834019064903259
"augustus_masked-SAKL0E-processed-gene-3.21-mRNA-1",0.660589754581451
"augustus_masked-SAKL0E-processed-gene-3.22-mRNA-1",0.180422782897949
"augustus_masked-SAKL0E-processed-gene-3.44-mRNA-1",0.502633631229401
"augustus_masked-SAKL0E-processed-gene-3.23-mRNA-1",0.104448102414608
"augustus_masked-SAKL0E-processed-gene-3.45-mRNA-1",0.324485450983047
"genemark-SAKL0E-processed-gene-3.141-mRNA-1",0.298031866550446
"augustus_masked-SAKL0E-processed-gene-3.46-mRNA-1",0.576704502105713
"augustus_masked-SAKL0E-processed-gene-3.26-mRNA-1",0.350329965353012
"augustus_masked-SAKL0E-processed-gene-3.47-mRNA-1",0.473102033138275
"maker-SAKL0E-augustus-gene-3.60-mRNA-1",0.18035452067852
"maker-SAKL0E-augustus-gene-3.63-mRNA-1",0.209328263998032
"augustus_masked-SAKL0E-processed-gene-3.49-mRNA-1",0.040622416883707
"augustus_masked-SAKL0E-processed-gene-3.50-mRNA-1",0.171667620539665
"snap_masked-SAKL0E-processed-gene-3.94-mRNA-1",0.0571992844343185
"augustus_masked-SAKL0E-processed-gene-4.4-mRNA-1",0.442593038082123
"augustus_masked-SAKL0E-processed-gene-4.5-mRNA-1",0.391968041658401
"augustus_masked-SAKL0E-processed-gene-4.0-mRNA-1",0.576191544532776
"augustus_masked-SAKL0E-processed-gene-4.6-mRNA-1",0.657739639282227
"snap_masked-SAKL0E-processed-gene-4.52-mRNA-1",0.165169239044189
"augustus_masked-SAKL0E-processed-gene-4.7-mRNA-1",0.620982766151428
"augustus_masked-SAKL0E-processed-gene-4.2-mRNA-1",0.960705280303955
"augustus_masked-SAKL0E-processed-gene-4.3-mRNA-1",2.53038358688354
"snap_masked-SAKL0E-processed-gene-4.58-mRNA-1",1.92786729335785
"snap_masked-SAKL0E-processed-gene-4.59-mRNA-1",2.27853345870972
"augustus_masked-SAKL0E-processed-gene-4.9-mRNA-1",0.580318987369537
"augustus_masked-SAKL0E-processed-gene-4.32-mRNA-1",0.205592557787895
"augustus_masked-SAKL0E-processed-gene-4.10-mRNA-1",1.46835803985596
"augustus_masked-SAKL0E-processed-gene-4.11-mRNA-1",0.380719929933548
"augustus_masked-SAKL0E-processed-gene-4.12-mRNA-1",0.175940215587616
"augustus_masked-SAKL0E-processed-gene-4.33-mRNA-1",0.706835210323334
"augustus_masked-SAKL0E-processed-gene-4.13-mRNA-1",1.12310779094696
"augustus_masked-SAKL0E-processed-gene-4.14-mRNA-1",0.174393013119698
"snap_masked-SAKL0E-processed-gene-4.66-mRNA-1",0.5360466837883
"augustus_masked-SAKL0E-processed-gene-4.34-mRNA-1",0.109359070658684
"augustus_masked-SAKL0E-processed-gene-4.35-mRNA-1",0.256683975458145
"augustus_masked-SAKL0E-processed-gene-4.36-mRNA-1",0.6037557721138
"augustus_masked-SAKL0E-processed-gene-4.37-mRNA-1",1.15726232528687
"augustus_masked-SAKL0E-processed-gene-4.15-mRNA-1",0.988587260246277
"augustus_masked-SAKL0E-processed-gene-4.38-mRNA-1",1.04896950721741
"snap_masked-SAKL0E-processed-gene-4.68-mRNA-1",0.398320645093918
"augustus_masked-SAKL0E-processed-gene-4.16-mRNA-1",1.12296855449677
"augustus_masked-SAKL0E-processed-gene-4.39-mRNA-1",0.757352709770203
"augustus_masked-SAKL0E-processed-gene-4.17-mRNA-1",0.411869704723358
"augustus_masked-SAKL0E-processed-gene-4.40-mRNA-1",1.12239158153534
"augustus_masked-SAKL0E-processed-gene-4.41-mRNA-1",0.642334282398224
"genemark-SAKL0E-processed-gene-4.123-mRNA-1",0.474398255348206
"snap_masked-SAKL0E-processed-gene-4.71-mRNA-1",1.02488625049591
"augustus_masked-SAKL0E-processed-gene-4.19-mRNA-1",0.500160932540894
"snap_masked-SAKL0E-processed-gene-4.95-mRNA-1",0.296638041734695
"snap_masked-SAKL0E-processed-gene-4.96-mRNA-1",0.364630132913589
"augustus_masked-SAKL0E-processed-gene-4.20-mRNA-1",0.503738880157471
"augustus_masked-SAKL0E-processed-gene-4.21-mRNA-1",0.136412069201469
"augustus_masked-SAKL0E-processed-gene-4.22-mRNA-1",0.0672363862395287
"augustus_masked-SAKL0E-processed-gene-4.43-mRNA-1",0.215560868382454
"augustus_masked-SAKL0E-processed-gene-4.44-mRNA-1",0.140925392508507
"augustus_masked-SAKL0E-processed-gene-4.23-mRNA-1",0.174380853772163
"augustus_masked-SAKL0E-processed-gene-4.24-mRNA-1",0.689419984817505
"augustus_masked-SAKL0E-processed-gene-4.45-mRNA-1",0.823372662067413
"augustus_masked-SAKL0E-processed-gene-4.25-mRNA-1",0.526936411857605
"augustus_masked-SAKL0E-processed-gene-4.46-mRNA-1",0.723610460758209
"augustus_masked-SAKL0E-processed-gene-4.26-mRNA-1",0.484240919351578
"augustus_masked-SAKL0E-processed-gene-4.27-mRNA-1",0.434745639562607
"augustus_masked-SAKL0E-processed-gene-4.47-mRNA-1",0.431437939405441
"augustus_masked-SAKL0E-processed-gene-4.28-mRNA-1",0.29192066192627
"augustus_masked-SAKL0E-processed-gene-4.48-mRNA-1",0.122703708708286
"augustus_masked-SAKL0E-processed-gene-4.29-mRNA-1",0.102601781487465
"augustus_masked-SAKL0E-processed-gene-4.49-mRNA-1",0.804038822650909
"augustus_masked-SAKL0E-processed-gene-4.30-mRNA-1",0.264859408140182
"augustus_masked-SAKL0E-processed-gene-4.31-mRNA-1",0.215526595711708
"augustus_masked-SAKL0E-processed-gene-5.3-mRNA-1",0.514913558959961
"augustus_masked-SAKL0E-processed-gene-5.0-mRNA-1",0.95146769285202
"augustus_masked-SAKL0E-processed-gene-5.1-mRNA-1",0.585191071033478
"augustus_masked-SAKL0E-processed-gene-5.4-mRNA-1",0.521495342254639
"genemark-SAKL0E-processed-gene-5.103-mRNA-1",0.68273788690567
"snap_masked-SAKL0E-processed-gene-5.59-mRNA-1",0.452565968036652
"snap_masked-SAKL0E-processed-gene-5.77-mRNA-1",0.728973269462585
"augustus_masked-SAKL0E-processed-gene-5.24-mRNA-1",1.28199863433838
"snap_masked-SAKL0E-processed-gene-5.79-mRNA-1",0.0710337832570076
"augustus_masked-SAKL0E-processed-gene-5.6-mRNA-1",0.222428426146507
"augustus_masked-SAKL0E-processed-gene-5.26-mRNA-1",0.120385631918907
"augustus_masked-SAKL0E-processed-gene-5.7-mRNA-1",0.129108294844627
"maker-SAKL0E-augustus-gene-5.50-mRNA-1",0.520012617111206
"augustus_masked-SAKL0E-processed-gene-5.8-mRNA-1",1.4753509759903
"augustus_masked-SAKL0E-processed-gene-5.9-mRNA-1",0.0856550261378288
"snap_masked-SAKL0E-processed-gene-5.83-mRNA-1",0.431416273117065
"augustus_masked-SAKL0E-processed-gene-5.29-mRNA-1",0.196820169687271
"snap_masked-SAKL0E-processed-gene-5.63-mRNA-1",0.381328165531158
"augustus_masked-SAKL0E-processed-gene-5.30-mRNA-1",0.133759364485741
"augustus_masked-SAKL0E-processed-gene-5.11-mRNA-1",0.449862509965897
"snap_masked-SAKL0E-processed-gene-5.86-mRNA-1",0.242983460426331
"augustus_masked-SAKL0E-processed-gene-5.12-mRNA-1",0.462803870439529
"augustus_masked-SAKL0E-processed-gene-5.13-mRNA-1",0.245979592204094
"snap_masked-SAKL0E-processed-gene-5.87-mRNA-1",1.03217530250549
"snap_masked-SAKL0E-processed-gene-5.67-mRNA-1",1.80918920040131
"snap_masked-SAKL0E-processed-gene-5.68-mRNA-1",1.06341004371643
"augustus_masked-SAKL0E-processed-gene-5.15-mRNA-1",0.938969373703003
"augustus_masked-SAKL0E-processed-gene-5.33-mRNA-1",0.285715520381927
"augustus_masked-SAKL0E-processed-gene-5.16-mRNA-1",0.105029344558716
"augustus_masked-SAKL0E-processed-gene-5.34-mRNA-1",0.230019330978394
"augustus_masked-SAKL0E-processed-gene-5.17-mRNA-1",0.892936050891876
"augustus_masked-SAKL0E-processed-gene-5.18-mRNA-1",1.61630260944366
"augustus_masked-SAKL0E-processed-gene-5.35-mRNA-1",0.231530323624611
"augustus_masked-SAKL0E-processed-gene-5.36-mRNA-1",0.268152415752411
"augustus_masked-SAKL0E-processed-gene-5.37-mRNA-1",0.116791792213917
"augustus_masked-SAKL0E-processed-gene-5.19-mRNA-1",0.76061350107193
"augustus_masked-SAKL0E-processed-gene-5.20-mRNA-1",0.368020474910736
"augustus_masked-SAKL0E-processed-gene-5.38-mRNA-1",0.184540271759033
"augustus_masked-SAKL0E-processed-gene-5.39-mRNA-1",0.3846355676651
"maker-SAKL0E-augustus-gene-5.48-mRNA-1",0.311075776815414
"augustus_masked-SAKL0E-processed-gene-5.40-mRNA-1",0.347913146018982
"augustus_masked-SAKL0E-processed-gene-5.41-mRNA-1",0.36371898651123
"augustus_masked-SAKL0E-processed-gene-5.42-mRNA-1",0.708694994449615
"augustus_masked-SAKL0E-processed-gene-5.43-mRNA-1",0.693873405456543
"augustus_masked-SAKL0E-processed-gene-5.22-mRNA-1",0.809240162372589
"genemark-SAKL0E-processed-gene-5.147-mRNA-1",0.242852360010147
"augustus_masked-SAKL0E-processed-gene-5.45-mRNA-1",0.645887553691864
"augustus_masked-SAKL0E-processed-gene-6.112-mRNA-1",0.359951943159103
"augustus_masked-SAKL0E-processed-gene-6.115-mRNA-1",0.498681247234344
"augustus_masked-SAKL0E-processed-gene-6.116-mRNA-1",0.207049384713173
"augustus_masked-SAKL0E-processed-gene-6.117-mRNA-1",0.147725567221642
"augustus_masked-SAKL0E-processed-gene-6.113-mRNA-1",0.905486345291138
"snap_masked-SAKL0E-processed-gene-6.50-mRNA-1",1.5608503818512
"augustus_masked-SAKL0E-processed-gene-6.118-mRNA-1",0.64193719625473
"augustus_masked-SAKL0E-processed-gene-6.119-mRNA-1",0.591609835624695
"augustus_masked-SAKL0E-processed-gene-6.120-mRNA-1",0.594481706619263
"augustus_masked-SAKL0E-processed-gene-6.139-mRNA-1",1.11798393726349
"augustus_masked-SAKL0E-processed-gene-6.121-mRNA-1",0.470313489437103
"augustus_masked-SAKL0E-processed-gene-6.140-mRNA-1",0.736564159393311
"augustus_masked-SAKL0E-processed-gene-6.141-mRNA-1",0.90843003988266
"augustus_masked-SAKL0E-processed-gene-6.122-mRNA-1",0.379137367010117
"augustus_masked-SAKL0E-processed-gene-6.123-mRNA-1",0.138454467058182
"augustus_masked-SAKL0E-processed-gene-6.142-mRNA-1",0.145177349448204
"genemark-SAKL0E-processed-gene-6.32-mRNA-1",0.228339791297913
"augustus_masked-SAKL0E-processed-gene-6.124-mRNA-1",0.848042726516724
"augustus_masked-SAKL0E-processed-gene-6.144-mRNA-1",0.130786553025246
"augustus_masked-SAKL0E-processed-gene-6.125-mRNA-1",0.360485076904297
"augustus_masked-SAKL0E-processed-gene-6.145-mRNA-1",0.369834691286087
"augustus_masked-SAKL0E-processed-gene-6.126-mRNA-1",1.06237375736237
"augustus_masked-SAKL0E-processed-gene-6.127-mRNA-1",0.385251224040985
"snap_masked-SAKL0E-processed-gene-6.64-mRNA-1",0.122796349227428
"augustus_masked-SAKL0E-processed-gene-6.128-mRNA-1",0.175887018442154
"augustus_masked-SAKL0E-processed-gene-6.146-mRNA-1",0.235119342803955
"augustus_masked-SAKL0E-processed-gene-6.147-mRNA-1",0.658347368240356
"augustus_masked-SAKL0E-processed-gene-6.129-mRNA-1",0.283294498920441
"snap_masked-SAKL0E-processed-gene-6.88-mRNA-1",0.892741203308105
"augustus_masked-SAKL0E-processed-gene-6.130-mRNA-1",2.36404180526733
"augustus_masked-SAKL0E-processed-gene-6.131-mRNA-1",1.50404059886932
"augustus_masked-SAKL0E-processed-gene-6.132-mRNA-1",0.180573537945747
"augustus_masked-SAKL0E-processed-gene-6.149-mRNA-1",0.145046666264534
"augustus_masked-SAKL0E-processed-gene-6.133-mRNA-1",0.0451876297593117
"augustus_masked-SAKL0E-processed-gene-6.150-mRNA-1",0.448379456996918
"augustus_masked-SAKL0E-processed-gene-6.151-mRNA-1",1.46902132034302
"snap_masked-SAKL0E-processed-gene-6.71-mRNA-1",0.755950331687927
"augustus_masked-SAKL0E-processed-gene-6.152-mRNA-1",0.0363035313785076
"augustus_masked-SAKL0E-processed-gene-6.153-mRNA-1",0.649896919727325
"augustus_masked-SAKL0E-processed-gene-6.135-mRNA-1",0.89445948600769
"augustus_masked-SAKL0E-processed-gene-6.154-mRNA-1",0.431529998779297
"augustus_masked-SAKL0E-processed-gene-6.136-mRNA-1",0.265669375658035
"augustus_masked-SAKL0E-processed-gene-6.137-mRNA-1",0.226774156093597
"augustus_masked-SAKL0E-processed-gene-6.155-mRNA-1",0.647474050521851
"augustus_masked-SAKL0E-processed-gene-6.156-mRNA-1",0.153982058167458
"augustus_masked-SAKL0E-processed-gene-6.157-mRNA-1",0.198781415820122
"snap_masked-SAKL0E-processed-gene-6.75-mRNA-1",0.472753673791885
"augustus_masked-SAKL0E-processed-gene-6.158-mRNA-1",0.511343419551849
"snap_masked-SAKL0E-processed-gene-6.76-mRNA-1",0.431607276201248
"augustus_masked-SAKL0E-processed-gene-6.159-mRNA-1",1.01090729236603
"augustus_masked-SAKL0E-processed-gene-6.138-mRNA-1",1.27816140651703
"snap_masked-SAKL0E-processed-gene-7.45-mRNA-1",0.353638559579849
"augustus_masked-SAKL0E-processed-gene-7.3-mRNA-1",0.432006627321243
"augustus_masked-SAKL0E-processed-gene-7.1-mRNA-1",0.778324365615845
"augustus_masked-SAKL0E-processed-gene-7.4-mRNA-1",0.223675236105919
"maker-SAKL0E-augustus-gene-7.39-mRNA-1",0.275843620300293
"augustus_masked-SAKL0E-processed-gene-7.16-mRNA-1",0.100758098065853
"augustus_masked-SAKL0E-processed-gene-7.5-mRNA-1",0.418524742126465
"augustus_masked-SAKL0E-processed-gene-7.17-mRNA-1",1.08299136161804
"snap_masked-SAKL0E-processed-gene-7.52-mRNA-1",1.52614259719849
"augustus_masked-SAKL0E-processed-gene-7.7-mRNA-1",0.695736944675446
"augustus_masked-SAKL0E-processed-gene-7.18-mRNA-1",0.501956462860107
"augustus_masked-SAKL0E-processed-gene-7.19-mRNA-1",0.481110364198685
"augustus_masked-SAKL0E-processed-gene-7.20-mRNA-1",0.432471394538879
"augustus_masked-SAKL0E-processed-gene-7.21-mRNA-1",0.612177073955536
"augustus_masked-SAKL0E-processed-gene-7.22-mRNA-1",0.687156081199646
"augustus_masked-SAKL0E-processed-gene-7.23-mRNA-1",0.918424010276794
"augustus_masked-SAKL0E-processed-gene-7.24-mRNA-1",0.448348879814148
"augustus_masked-SAKL0E-processed-gene-7.8-mRNA-1",0.105606816709042
"augustus_masked-SAKL0E-processed-gene-7.25-mRNA-1",0.291379779577255
"augustus_masked-SAKL0E-processed-gene-7.9-mRNA-1",0.369886994361877
"augustus_masked-SAKL0E-processed-gene-7.26-mRNA-1",0.154597714543343
"maker-SAKL0E-snap-gene-7.42-mRNA-1",0.148740634322166
"snap_masked-SAKL0E-processed-gene-7.57-mRNA-1",0.218300074338913
"augustus_masked-SAKL0E-processed-gene-7.12-mRNA-1",0.866736590862274
"snap_masked-SAKL0E-processed-gene-7.75-mRNA-1",0.409323275089264
"snap_masked-SAKL0E-processed-gene-7.76-mRNA-1",0.19438011944294
"augustus_masked-SAKL0E-processed-gene-7.28-mRNA-1",0.477813214063644
"augustus_masked-SAKL0E-processed-gene-7.29-mRNA-1",1.53501677513123
"genemark-SAKL0E-processed-gene-7.121-mRNA-1",1.56066751480103
"augustus_masked-SAKL0E-processed-gene-7.13-mRNA-1",1.3459255695343
"augustus_masked-SAKL0E-processed-gene-7.31-mRNA-1",0.296138554811478
"augustus_masked-SAKL0E-processed-gene-7.32-mRNA-1",0.927679240703583
"snap_masked-SAKL0E-processed-gene-7.82-mRNA-1",1.89291799068451
"augustus_masked-SAKL0E-processed-gene-7.34-mRNA-1",1.15315866470337
"augustus_masked-SAKL0E-processed-gene-7.35-mRNA-1",0.811603009700775
"maker-SAKL0E-augustus-gene-7.41-mRNA-1",0.899043500423431
"augustus_masked-SAKL0E-processed-gene-7.14-mRNA-1",0.945541977882385
"augustus_masked-SAKL0E-processed-gene-7.37-mRNA-1",0.545235812664032
"augustus_masked-SAKL0E-processed-gene-7.15-mRNA-1",0.665773808956146
"augustus_masked-SAKL0E-processed-gene-7.38-mRNA-1",0.285972833633423
"augustus_masked-SAKL0E-processed-gene-8.105-mRNA-1",0.738287150859833
"augustus_masked-SAKL0E-processed-gene-8.108-mRNA-1",0.87660938501358
"augustus_masked-SAKL0E-processed-gene-8.106-mRNA-1",0.933565199375153
"augustus_masked-SAKL0E-processed-gene-8.109-mRNA-1",0.340098351240158
"augustus_masked-SAKL0E-processed-gene-8.107-mRNA-1",0.510794341564178
"augustus_masked-SAKL0E-processed-gene-8.129-mRNA-1",0.472905933856964
"augustus_masked-SAKL0E-processed-gene-8.110-mRNA-1",0.064443401992321
"augustus_masked-SAKL0E-processed-gene-8.130-mRNA-1",0.403777241706848
"augustus_masked-SAKL0E-processed-gene-8.111-mRNA-1",0.813809752464294
"snap_masked-SAKL0E-processed-gene-8.73-mRNA-1",0.332729816436768
"augustus_masked-SAKL0E-processed-gene-8.131-mRNA-1",0.160358861088753
"augustus_masked-SAKL0E-processed-gene-8.132-mRNA-1",0.455875247716904
"snap_masked-SAKL0E-processed-gene-8.76-mRNA-1",0.151233658194542
"snap_masked-SAKL0E-processed-gene-8.77-mRNA-1",0.403445422649384
"augustus_masked-SAKL0E-processed-gene-8.112-mRNA-1",1.20182323455811
"augustus_masked-SAKL0E-processed-gene-8.134-mRNA-1",0.120873525738716
"augustus_masked-SAKL0E-processed-gene-8.135-mRNA-1",0.449894338846207
"augustus_masked-SAKL0E-processed-gene-8.136-mRNA-1",1.28925693035126
"augustus_masked-SAKL0E-processed-gene-8.113-mRNA-1",0.811593532562256
"augustus_masked-SAKL0E-processed-gene-8.137-mRNA-1",1.43567192554474
"augustus_masked-SAKL0E-processed-gene-8.114-mRNA-1",1.03527522087097
"augustus_masked-SAKL0E-processed-gene-8.138-mRNA-1",0.328953325748444
"augustus_masked-SAKL0E-processed-gene-8.115-mRNA-1",1.26698744297028
"augustus_masked-SAKL0E-processed-gene-8.139-mRNA-1",0.47289964556694
"maker-SAKL0E-augustus-gene-8.100-mRNA-1",0.133451864123344
"augustus_masked-SAKL0E-processed-gene-8.140-mRNA-1",0.017344918102026
"augustus_masked-SAKL0E-processed-gene-8.117-mRNA-1",1.12349081039429
"augustus_masked-SAKL0E-processed-gene-8.141-mRNA-1",1.3676506280899
"maker-SAKL0E-augustus-gene-8.101-mRNA-1",0.940043210983276
"augustus_masked-SAKL0E-processed-gene-8.142-mRNA-1",1.2973518371582
"augustus_masked-SAKL0E-processed-gene-8.120-mRNA-1",0.594584107398987
"augustus_masked-SAKL0E-processed-gene-8.143-mRNA-1",0.276727676391602
"augustus_masked-SAKL0E-processed-gene-8.144-mRNA-1",0.365976184606552
"augustus_masked-SAKL0E-processed-gene-8.121-mRNA-1",0.602833032608032
"augustus_masked-SAKL0E-processed-gene-8.145-mRNA-1",1.15622675418854
"augustus_masked-SAKL0E-processed-gene-8.122-mRNA-1",1.65861165523529
"augustus_masked-SAKL0E-processed-gene-8.123-mRNA-1",0.745152413845062
"augustus_masked-SAKL0E-processed-gene-8.124-mRNA-1",0.167537271976471
"snap_masked-SAKL0E-processed-gene-8.65-mRNA-1",0.864638030529022
"augustus_masked-SAKL0E-processed-gene-8.146-mRNA-1",0.544605016708374
"augustus_masked-SAKL0E-processed-gene-8.125-mRNA-1",1.1800549030304
"augustus_masked-SAKL0E-processed-gene-8.126-mRNA-1",1.39055013656616
"augustus_masked-SAKL0E-processed-gene-8.127-mRNA-1",0.308543890714645
"augustus_masked-SAKL0E-processed-gene-8.128-mRNA-1",0.430184841156006
"maker-SAKL0E-augustus-gene-9.52-mRNA-1",0.218658819794655
"augustus_masked-SAKL0E-processed-gene-9.3-mRNA-1",0.13514643907547
"snap_masked-SAKL0E-processed-gene-9.56-mRNA-1",0.227710992097855
"snap_masked-SAKL0E-processed-gene-9.57-mRNA-1",0.403216183185577
"augustus_masked-SAKL0E-processed-gene-9.4-mRNA-1",0.687023341655731
"snap_masked-SAKL0E-processed-gene-9.58-mRNA-1",0.221383646130562
"snap_masked-SAKL0E-processed-gene-9.62-mRNA-1",0.49926346540451
"augustus_masked-SAKL0E-processed-gene-9.28-mRNA-1",0.614692270755768
"augustus_masked-SAKL0E-processed-gene-9.29-mRNA-1",0.305250197649002
"augustus_masked-SAKL0E-processed-gene-9.30-mRNA-1",1.15255129337311
"augustus_masked-SAKL0E-processed-gene-9.5-mRNA-1",0.334024846553802
"augustus_masked-SAKL0E-processed-gene-9.31-mRNA-1",0.115715831518173
"snap_masked-SAKL0E-processed-gene-9.91-mRNA-1",0.448223322629929
"augustus_masked-SAKL0E-processed-gene-9.6-mRNA-1",1.21166241168976
"augustus_masked-SAKL0E-processed-gene-9.7-mRNA-1",0.293963700532913
"augustus_masked-SAKL0E-processed-gene-9.8-mRNA-1",0.263753056526184
"augustus_masked-SAKL0E-processed-gene-9.32-mRNA-1",0.226391181349754
"augustus_masked-SAKL0E-processed-gene-9.33-mRNA-1",0.0713005438446999
"augustus_masked-SAKL0E-processed-gene-9.9-mRNA-1",0.259384274482727
"augustus_masked-SAKL0E-processed-gene-9.34-mRNA-1",0.160079255700111
"augustus_masked-SAKL0E-processed-gene-9.10-mRNA-1",0.514175176620483
"augustus_masked-SAKL0E-processed-gene-9.35-mRNA-1",0.39370334148407
"augustus_masked-SAKL0E-processed-gene-9.11-mRNA-1",0.598968386650085
"augustus_masked-SAKL0E-processed-gene-9.36-mRNA-1",0.494413763284683
"augustus_masked-SAKL0E-processed-gene-9.37-mRNA-1",0.236582562327385
"augustus_masked-SAKL0E-processed-gene-9.12-mRNA-1",0.739754021167755
"maker-SAKL0E-augustus-gene-9.51-mRNA-1",0.755784034729004
"augustus_masked-SAKL0E-processed-gene-9.38-mRNA-1",0.386491626501083
"augustus_masked-SAKL0E-processed-gene-9.39-mRNA-1",0.105642169713974
"augustus_masked-SAKL0E-processed-gene-9.14-mRNA-1",0.463827341794968
"augustus_masked-SAKL0E-processed-gene-9.15-mRNA-1",0.660100340843201
"augustus_masked-SAKL0E-processed-gene-9.16-mRNA-1",0.530925929546356
"augustus_masked-SAKL0E-processed-gene-9.17-mRNA-1",0.319216072559357
"augustus_masked-SAKL0E-processed-gene-9.40-mRNA-1",0.303932249546051
"augustus_masked-SAKL0E-processed-gene-9.41-mRNA-1",0.930912971496582
"augustus_masked-SAKL0E-processed-gene-9.18-mRNA-1",0.341253727674484
"snap_masked-SAKL0E-processed-gene-9.103-mRNA-1",0.724670588970184
"augustus_masked-SAKL0E-processed-gene-9.19-mRNA-1",0.432173192501068
"augustus_masked-SAKL0E-processed-gene-9.43-mRNA-1",0.173962190747261
"augustus_masked-SAKL0E-processed-gene-9.20-mRNA-1",0.634153962135315
"augustus_masked-SAKL0E-processed-gene-9.21-mRNA-1",0.0385011918842793
"snap_masked-SAKL0E-processed-gene-9.105-mRNA-1",0.573369562625885
"augustus_masked-SAKL0E-processed-gene-9.22-mRNA-1",0.0906452685594559
"augustus_masked-SAKL0E-processed-gene-9.23-mRNA-1",0.293877393007278
"augustus_masked-SAKL0E-processed-gene-9.24-mRNA-1",0.36958521604538
"augustus_masked-SAKL0E-processed-gene-9.45-mRNA-1",0.845139443874359
"augustus_masked-SAKL0E-processed-gene-9.46-mRNA-1",1.40059983730316
"snap_masked-SAKL0E-processed-gene-9.83-mRNA-1",1.08039736747742
"augustus_masked-SAKL0E-processed-gene-9.47-mRNA-1",0.507217407226562
"augustus_masked-SAKL0E-processed-gene-9.25-mRNA-1",0.327486336231232
"snap_masked-SAKL0E-processed-gene-9.109-mRNA-1",0.191061019897461
"augustus_masked-SAKL0E-processed-gene-9.26-mRNA-1",0.357224136590958
"augustus_masked-SAKL0E-processed-gene-9.48-mRNA-1",0.139180853962898
"augustus_masked-SAKL0E-processed-gene-9.49-mRNA-1",0.302342861890793
"augustus_masked-SAKL0E-processed-gene-9.27-mRNA-1",1.62623620033264
"augustus_masked-SAKL0E-processed-gene-10.2-mRNA-1",0.28085669875145
"augustus_masked-SAKL0E-processed-gene-10.3-mRNA-1",0.517720460891724
"snap_masked-SAKL0E-processed-gene-10.55-mRNA-1",0.781428873538971
"snap_masked-SAKL0E-processed-gene-10.60-mRNA-1",0.572437644004822
"augustus_masked-SAKL0E-processed-gene-10.0-mRNA-1",0.184465274214745
"augustus_masked-SAKL0E-processed-gene-10.5-mRNA-1",0.535302102565765
"augustus_masked-SAKL0E-processed-gene-10.1-mRNA-1",0.545660674571991
"augustus_masked-SAKL0E-processed-gene-10.31-mRNA-1",0.272193968296051
"augustus_masked-SAKL0E-processed-gene-10.6-mRNA-1",0.782735109329224
"augustus_masked-SAKL0E-processed-gene-10.7-mRNA-1",0.296292096376419
"augustus_masked-SAKL0E-processed-gene-10.32-mRNA-1",0.781916975975037
"augustus_masked-SAKL0E-processed-gene-10.8-mRNA-1",0.911586284637451
"augustus_masked-SAKL0E-processed-gene-10.33-mRNA-1",0.722407102584839
"snap_masked-SAKL0E-processed-gene-10.65-mRNA-1",1.51163125038147
"genemark-SAKL0E-processed-gene-10.119-mRNA-1",1.11001586914062
"augustus_masked-SAKL0E-processed-gene-10.34-mRNA-1",0.425455063581467
"augustus_masked-SAKL0E-processed-gene-10.35-mRNA-1",0.411451369524002
"genemark-SAKL0E-processed-gene-10.146-mRNA-1",0.631414413452148
"snap_masked-SAKL0E-processed-gene-10.93-mRNA-1",0.634240448474884
"augustus_masked-SAKL0E-processed-gene-10.10-mRNA-1",0.835886359214783
"genemark-SAKL0E-processed-gene-10.148-mRNA-1",0.515841722488403
"maker-SAKL0E-augustus-gene-10.50-mRNA-1",0.715718984603882
"augustus_masked-SAKL0E-processed-gene-10.11-mRNA-1",1.02470052242279
"snap_masked-SAKL0E-processed-gene-10.96-mRNA-1",0.168394863605499
"augustus_masked-SAKL0E-processed-gene-10.12-mRNA-1",0.288049221038818
"augustus_masked-SAKL0E-processed-gene-10.13-mRNA-1",0.0410425029695034
"augustus_masked-SAKL0E-processed-gene-10.14-mRNA-1",0.438701748847961
"augustus_masked-SAKL0E-processed-gene-10.39-mRNA-1",0.439467012882233
"augustus_masked-SAKL0E-processed-gene-10.15-mRNA-1",0.923677921295166
"augustus_masked-SAKL0E-processed-gene-10.16-mRNA-1",0.0437541529536247
"snap_masked-SAKL0E-processed-gene-10.74-mRNA-1",0.624347269535065
"genemark-SAKL0E-processed-gene-10.127-mRNA-1",0.727275550365448
"augustus_masked-SAKL0E-processed-gene-10.40-mRNA-1",0.271277666091919
"augustus_masked-SAKL0E-processed-gene-10.18-mRNA-1",0.300686419010162
"augustus_masked-SAKL0E-processed-gene-10.41-mRNA-1",0.326466768980026
"augustus_masked-SAKL0E-processed-gene-10.19-mRNA-1",0.215419203042984
"augustus_masked-SAKL0E-processed-gene-10.20-mRNA-1",0.664352595806122
"augustus_masked-SAKL0E-processed-gene-10.21-mRNA-1",0.27281928062439
"augustus_masked-SAKL0E-processed-gene-10.22-mRNA-1",0.166991248726845
"augustus_masked-SAKL0E-processed-gene-10.42-mRNA-1",0.344542115926743
"augustus_masked-SAKL0E-processed-gene-10.43-mRNA-1",0.495586723089218
"augustus_masked-SAKL0E-processed-gene-10.23-mRNA-1",1.07178223133087
"augustus_masked-SAKL0E-processed-gene-10.44-mRNA-1",0.786735475063324
"augustus_masked-SAKL0E-processed-gene-10.24-mRNA-1",0.381030678749084
"snap_masked-SAKL0E-processed-gene-10.103-mRNA-1",0.775366485118866
"augustus_masked-SAKL0E-processed-gene-10.25-mRNA-1",0.556729912757874
"augustus_masked-SAKL0E-processed-gene-10.26-mRNA-1",0.646889567375183
"augustus_masked-SAKL0E-processed-gene-10.27-mRNA-1",0.673996388912201
"augustus_masked-SAKL0E-processed-gene-10.45-mRNA-1",0.626953184604645
"augustus_masked-SAKL0E-processed-gene-10.28-mRNA-1",1.40212643146515
"snap_masked-SAKL0E-processed-gene-10.85-mRNA-1",0.474261879920959
"augustus_masked-SAKL0E-processed-gene-10.46-mRNA-1",0.20779424905777
"augustus_masked-SAKL0E-processed-gene-10.30-mRNA-1",0.0466470681130886
"snap_masked-SAKL0E-processed-gene-10.105-mRNA-1",0.0859684199094772
"augustus_masked-SAKL0E-processed-gene-10.47-mRNA-1",0.425146967172623
"augustus_masked-SAKL0E-processed-gene-10.48-mRNA-1",1.45437920093536
"augustus_masked-SAKL0E-processed-gene-11.186-mRNA-1",1.39706313610077
"maker-SAKL0E-augustus-gene-11.274-mRNA-1",0.28375169634819
"augustus_masked-SAKL0E-processed-gene-11.188-mRNA-1",0.576404273509979
"maker-SAKL0E-augustus-gene-11.275-mRNA-1",0.403906285762787
"augustus_masked-SAKL0E-processed-gene-11.184-mRNA-1",0.612896382808685
"snap_masked-SAKL0E-processed-gene-11.1-mRNA-1",0.702975571155548
"augustus_masked-SAKL0E-processed-gene-11.190-mRNA-1",1.04603826999664
"augustus_masked-SAKL0E-processed-gene-11.191-mRNA-1",0.0964964777231216
"augustus_masked-SAKL0E-processed-gene-11.232-mRNA-1",0.566780865192413
"augustus_masked-SAKL0E-processed-gene-11.192-mRNA-1",0.696769893169403
"augustus_masked-SAKL0E-processed-gene-11.193-mRNA-1",0.543662846088409
"snap_masked-SAKL0E-processed-gene-11.57-mRNA-1",0.529045045375824
"augustus_masked-SAKL0E-processed-gene-11.194-mRNA-1",0.687565684318542
"augustus_masked-SAKL0E-processed-gene-11.234-mRNA-1",0.241789147257805
"augustus_masked-SAKL0E-processed-gene-11.195-mRNA-1",0.499985069036484
"augustus_masked-SAKL0E-processed-gene-11.235-mRNA-1",0.372316390275955
"augustus_masked-SAKL0E-processed-gene-11.236-mRNA-1",0.183735936880112
"augustus_masked-SAKL0E-processed-gene-11.237-mRNA-1",0.266634821891785
"augustus_masked-SAKL0E-processed-gene-11.238-mRNA-1",0.447732537984848
"snap_masked-SAKL0E-processed-gene-11.63-mRNA-1",0.195532277226448
"augustus_masked-SAKL0E-processed-gene-11.240-mRNA-1",0.129514425992966
"augustus_masked-SAKL0E-processed-gene-11.196-mRNA-1",0.372325897216797
"snap_masked-SAKL0E-processed-gene-11.14-mRNA-1",0.505564987659454
"augustus_masked-SAKL0E-processed-gene-11.241-mRNA-1",0.0759067535400391
"augustus_masked-SAKL0E-processed-gene-11.197-mRNA-1",0.180751904845238
"snap_masked-SAKL0E-processed-gene-11.66-mRNA-1",0.504596889019012
"augustus_masked-SAKL0E-processed-gene-11.242-mRNA-1",0.321474105119705
"augustus_masked-SAKL0E-processed-gene-11.243-mRNA-1",0.500630974769592
"augustus_masked-SAKL0E-processed-gene-11.198-mRNA-1",0.419147104024887
"snap_masked-SAKL0E-processed-gene-11.69-mRNA-1",0.414332985877991
"snap_masked-SAKL0E-processed-gene-11.70-mRNA-1",0.344617575407028
"augustus_masked-SAKL0E-processed-gene-11.199-mRNA-1",0.431238561868668
"augustus_masked-SAKL0E-processed-gene-11.246-mRNA-1",0.253511279821396
"augustus_masked-SAKL0E-processed-gene-11.247-mRNA-1",0.356078386306763
"augustus_masked-SAKL0E-processed-gene-11.200-mRNA-1",0.4738709628582
"augustus_masked-SAKL0E-processed-gene-11.248-mRNA-1",1.08095574378967
"augustus_masked-SAKL0E-processed-gene-11.201-mRNA-1",0.668468117713928
"augustus_masked-SAKL0E-processed-gene-11.249-mRNA-1",0.545443654060364
"augustus_masked-SAKL0E-processed-gene-11.202-mRNA-1",0.12253175675869
"augustus_masked-SAKL0E-processed-gene-11.250-mRNA-1",0.189148098230362
"augustus_masked-SAKL0E-processed-gene-11.251-mRNA-1",0.493917852640152
"augustus_masked-SAKL0E-processed-gene-11.203-mRNA-1",0.157955780625343
"augustus_masked-SAKL0E-processed-gene-11.204-mRNA-1",0.200581461191177
"maker-SAKL0E-augustus-gene-11.273-mRNA-1",0.262684673070908
"augustus_masked-SAKL0E-processed-gene-11.206-mRNA-1",0.726834297180176
"augustus_masked-SAKL0E-processed-gene-11.207-mRNA-1",0.478249132633209
"augustus_masked-SAKL0E-processed-gene-11.252-mRNA-1",0.478885531425476
"augustus_masked-SAKL0E-processed-gene-11.253-mRNA-1",0.588171660900116
"augustus_masked-SAKL0E-processed-gene-11.254-mRNA-1",1.96445536613464
"augustus_masked-SAKL0E-processed-gene-11.255-mRNA-1",1.60020041465759
"augustus_masked-SAKL0E-processed-gene-11.208-mRNA-1",0.188966929912567
"augustus_masked-SAKL0E-processed-gene-11.256-mRNA-1",1.34639394283295
"augustus_masked-SAKL0E-processed-gene-11.209-mRNA-1",0.538890063762665
"augustus_masked-SAKL0E-processed-gene-11.210-mRNA-1",0.116693742573261
"augustus_masked-SAKL0E-processed-gene-11.211-mRNA-1",0.731106102466583
"augustus_masked-SAKL0E-processed-gene-11.257-mRNA-1",0.123689509928226
"augustus_masked-SAKL0E-processed-gene-11.212-mRNA-1",0.432128041982651
"augustus_masked-SAKL0E-processed-gene-11.258-mRNA-1",0.15483246743679
"snap_masked-SAKL0E-processed-gene-11.32-mRNA-1",0.0318235605955124
"augustus_masked-SAKL0E-processed-gene-11.214-mRNA-1",0.101578369736671
"snap_masked-SAKL0E-processed-gene-11.34-mRNA-1",0.376578509807587
"augustus_masked-SAKL0E-processed-gene-11.216-mRNA-1",0.470035940408707
"augustus_masked-SAKL0E-processed-gene-11.217-mRNA-1",0.0399706326425076
"augustus_masked-SAKL0E-processed-gene-11.259-mRNA-1",0.502321362495422
"snap_masked-SAKL0E-processed-gene-11.37-mRNA-1",0.273893117904663
"snap_masked-SAKL0E-processed-gene-11.38-mRNA-1",0.783344626426697
"augustus_masked-SAKL0E-processed-gene-11.219-mRNA-1",0.310931533575058
"augustus_masked-SAKL0E-processed-gene-11.220-mRNA-1",0.488670021295547
"augustus_masked-SAKL0E-processed-gene-11.221-mRNA-1",1.14337050914764
"augustus_masked-SAKL0E-processed-gene-11.222-mRNA-1",0.145133376121521
"augustus_masked-SAKL0E-processed-gene-11.223-mRNA-1",0.0685932859778404
"augustus_masked-SAKL0E-processed-gene-11.224-mRNA-1",0.44816380739212
"augustus_masked-SAKL0E-processed-gene-11.260-mRNA-1",0.125360652804375
"snap_masked-SAKL0E-processed-gene-11.45-mRNA-1",0.0991564691066742
"snap_masked-SAKL0E-processed-gene-11.46-mRNA-1",0.606541275978088
"augustus_masked-SAKL0E-processed-gene-11.261-mRNA-1",1.60610210895538
"augustus_masked-SAKL0E-processed-gene-11.226-mRNA-1",1.03085458278656
"augustus_masked-SAKL0E-processed-gene-11.262-mRNA-1",0.956879854202271
"genemark-SAKL0E-processed-gene-11.138-mRNA-1",0.997733473777771
"augustus_masked-SAKL0E-processed-gene-11.263-mRNA-1",0.411864846944809
"augustus_masked-SAKL0E-processed-gene-11.228-mRNA-1",0.1211768835783
"augustus_masked-SAKL0E-processed-gene-11.264-mRNA-1",0.0928342789411545
"augustus_masked-SAKL0E-processed-gene-11.229-mRNA-1",1.4293851852417
"augustus_masked-SAKL0E-processed-gene-11.265-mRNA-1",0.439953029155731
"augustus_masked-SAKL0E-processed-gene-11.266-mRNA-1",0.139474466443062
"augustus_masked-SAKL0E-processed-gene-11.230-mRNA-1",1.13017964363098
"snap_masked-SAKL0E-processed-gene-11.91-mRNA-1",0.657033503055573
"snap_masked-SAKL0E-processed-gene-11.92-mRNA-1",0.0367099456489086
"snap_masked-SAKL0E-processed-gene-11.53-mRNA-1",0.116095766425133
"snap_masked-SAKL0E-processed-gene-11.54-mRNA-1",0.0305264256894588
"snap_masked-SAKL0E-processed-gene-11.55-mRNA-1",0.0864152908325195
"augustus_masked-SAKL0E-processed-gene-11.268-mRNA-1",2.1236686706543
"augustus_masked-SAKL0F-processed-gene-0.76-mRNA-1",0.0790704041719437
"augustus_masked-SAKL0F-processed-gene-0.77-mRNA-1",1.21648299694061
"snap_masked-SAKL0F-processed-gene-0.25-mRNA-1",0.222054570913315
"snap_masked-SAKL0F-processed-gene-0.26-mRNA-1",0.498308122158051
"snap_masked-SAKL0F-processed-gene-0.27-mRNA-1",0.924737930297852
"snap_masked-SAKL0F-processed-gene-0.2-mRNA-1",0.797780990600586
"genemark-SAKL0F-processed-gene-0.42-mRNA-1",0.11133936047554
"snap_masked-SAKL0F-processed-gene-0.28-mRNA-1",0.824672281742096
"augustus_masked-SAKL0F-processed-gene-0.100-mRNA-1",0.44791379570961
"snap_masked-SAKL0F-processed-gene-0.4-mRNA-1",0.0789322182536125
"augustus_masked-SAKL0F-processed-gene-0.101-mRNA-1",0.102969169616699
"augustus_masked-SAKL0F-processed-gene-0.80-mRNA-1",0.362104922533035
"snap_masked-SAKL0F-processed-gene-0.6-mRNA-1",0.159704566001892
"augustus_masked-SAKL0F-processed-gene-0.102-mRNA-1",0.234408795833588
"augustus_masked-SAKL0F-processed-gene-0.82-mRNA-1",0.158230021595955
"maker-SAKL0F-augustus-gene-0.112-mRNA-1",0.247724011540413
"augustus_masked-SAKL0F-processed-gene-0.104-mRNA-1",0.244948238134384
"augustus_masked-SAKL0F-processed-gene-0.83-mRNA-1",0.14578677713871
"augustus_masked-SAKL0F-processed-gene-0.84-mRNA-1",0.0402084663510323
"augustus_masked-SAKL0F-processed-gene-0.85-mRNA-1",0.359435111284256
"augustus_masked-SAKL0F-processed-gene-0.86-mRNA-1",0.135894522070885
"augustus_masked-SAKL0F-processed-gene-0.87-mRNA-1",0.161497503519058
"augustus_masked-SAKL0F-processed-gene-0.105-mRNA-1",0.673994421958923
"snap_masked-SAKL0F-processed-gene-0.13-mRNA-1",0.163864850997925
"augustus_masked-SAKL0F-processed-gene-0.88-mRNA-1",0.220733121037483
"augustus_masked-SAKL0F-processed-gene-0.106-mRNA-1",0.182825013995171
"augustus_masked-SAKL0F-processed-gene-0.89-mRNA-1",0.576358318328857
"augustus_masked-SAKL0F-processed-gene-0.107-mRNA-1",0.569478392601013
"augustus_masked-SAKL0F-processed-gene-0.90-mRNA-1",0.540905833244324
"augustus_masked-SAKL0F-processed-gene-0.91-mRNA-1",0.328503400087357
"augustus_masked-SAKL0F-processed-gene-0.92-mRNA-1",0.106976971030235
"augustus_masked-SAKL0F-processed-gene-0.108-mRNA-1",0.133262649178505
"augustus_masked-SAKL0F-processed-gene-0.93-mRNA-1",0.110418818891048
"augustus_masked-SAKL0F-processed-gene-0.94-mRNA-1",0.27179417014122
"augustus_masked-SAKL0F-processed-gene-0.95-mRNA-1",0.459964632987976
"maker-SAKL0F-augustus-gene-0.110-mRNA-1",0.273110628128052
"maker-SAKL0F-snap-gene-1.103-mRNA-1",0.426668703556061
"augustus_masked-SAKL0F-processed-gene-0.97-mRNA-1",0.277314752340317
"augustus_masked-SAKL0F-processed-gene-1.104-mRNA-1",0.183511346578598
"augustus_masked-SAKL0F-processed-gene-1.108-mRNA-1",0.272224009037018
"augustus_masked-SAKL0F-processed-gene-1.105-mRNA-1",0.0368750914931297
"augustus_masked-SAKL0F-processed-gene-1.109-mRNA-1",0.0795813426375389
"augustus_masked-SAKL0F-processed-gene-1.110-mRNA-1",0.152137413620949
"augustus_masked-SAKL0F-processed-gene-1.111-mRNA-1",0.657911062240601
"augustus_masked-SAKL0F-processed-gene-1.133-mRNA-1",0.255419909954071
"snap_masked-SAKL0F-processed-gene-1.79-mRNA-1",0.827724099159241
"snap_masked-SAKL0F-processed-gene-1.56-mRNA-1",0.776307821273804
"augustus_masked-SAKL0F-processed-gene-1.134-mRNA-1",0.700542986392975
"augustus_masked-SAKL0F-processed-gene-1.113-mRNA-1",0.688675403594971
"augustus_masked-SAKL0F-processed-gene-1.135-mRNA-1",0.484003484249115
"snap_masked-SAKL0F-processed-gene-1.58-mRNA-1",1.06759107112885
"augustus_masked-SAKL0F-processed-gene-1.115-mRNA-1",1.18399739265442
"augustus_masked-SAKL0F-processed-gene-1.116-mRNA-1",0.346755474805832
"augustus_masked-SAKL0F-processed-gene-1.136-mRNA-1",0.113911509513855
"augustus_masked-SAKL0F-processed-gene-1.117-mRNA-1",0.298958361148834
"augustus_masked-SAKL0F-processed-gene-1.137-mRNA-1",0.923554837703705
"snap_masked-SAKL0F-processed-gene-1.84-mRNA-1",0.860420763492584
"augustus_masked-SAKL0F-processed-gene-1.139-mRNA-1",0.881964087486267
"augustus_masked-SAKL0F-processed-gene-1.118-mRNA-1",1.65382266044617
"snap_masked-SAKL0F-processed-gene-1.63-mRNA-1",1.13832068443298
"augustus_masked-SAKL0F-processed-gene-1.140-mRNA-1",0.597453117370605
"snap_masked-SAKL0F-processed-gene-1.87-mRNA-1",1.17567181587219
"augustus_masked-SAKL0F-processed-gene-1.120-mRNA-1",0.675492167472839
"snap_masked-SAKL0F-processed-gene-1.88-mRNA-1",0.829851388931274
"maker-SAKL0F-augustus-gene-1.101-mRNA-1",0.856329143047333
"augustus_masked-SAKL0F-processed-gene-1.121-mRNA-1",0.366148918867111
"augustus_masked-SAKL0F-processed-gene-1.144-mRNA-1",0.758694410324097
"snap_masked-SAKL0F-processed-gene-1.66-mRNA-1",1.30199587345123
"snap_masked-SAKL0F-processed-gene-1.67-mRNA-1",0.675283372402191
"augustus_masked-SAKL0F-processed-gene-1.123-mRNA-1",0.352020025253296
"augustus_masked-SAKL0F-processed-gene-1.145-mRNA-1",0.444802045822144
"genemark-SAKL0F-processed-gene-1.21-mRNA-1",0.90592223405838
"snap_masked-SAKL0F-processed-gene-1.70-mRNA-1",0.304228186607361
"snap_masked-SAKL0F-processed-gene-1.93-mRNA-1",0.141549274325371
"augustus_masked-SAKL0F-processed-gene-1.126-mRNA-1",0.88427323102951
"augustus_masked-SAKL0F-processed-gene-1.147-mRNA-1",0.496730089187622
"augustus_masked-SAKL0F-processed-gene-1.127-mRNA-1",0.456733882427216
"augustus_masked-SAKL0F-processed-gene-1.128-mRNA-1",1.13725352287292
"augustus_masked-SAKL0F-processed-gene-1.129-mRNA-1",0.0999926850199699
"augustus_masked-SAKL0F-processed-gene-1.148-mRNA-1",0.36671182513237
"augustus_masked-SAKL0F-processed-gene-1.130-mRNA-1",0.788309216499329
"augustus_masked-SAKL0F-processed-gene-1.131-mRNA-1",0.468333154916763
"augustus_masked-SAKL0F-processed-gene-1.149-mRNA-1",0.598888754844666
"augustus_masked-SAKL0F-processed-gene-1.132-mRNA-1",0.586250483989716
"augustus_masked-SAKL0F-processed-gene-1.150-mRNA-1",0.340306460857391
"augustus_masked-SAKL0F-processed-gene-2.105-mRNA-1",0.843973875045776
"augustus_masked-SAKL0F-processed-gene-2.106-mRNA-1",0.112061910331249
"augustus_masked-SAKL0F-processed-gene-2.107-mRNA-1",0.757480144500732
"augustus_masked-SAKL0F-processed-gene-2.130-mRNA-1",0.57874721288681
"augustus_masked-SAKL0F-processed-gene-2.131-mRNA-1",0.221482768654823
"snap_masked-SAKL0F-processed-gene-2.73-mRNA-1",0.197483688592911
"snap_masked-SAKL0F-processed-gene-2.74-mRNA-1",1.6826229095459
"augustus_masked-SAKL0F-processed-gene-2.108-mRNA-1",1.65444827079773
"augustus_masked-SAKL0F-processed-gene-2.109-mRNA-1",0.150201037526131
"augustus_masked-SAKL0F-processed-gene-2.133-mRNA-1",0.451431304216385
"maker-SAKL0F-snap-gene-2.103-mRNA-1",0.435292661190033
"augustus_masked-SAKL0F-processed-gene-2.134-mRNA-1",0.465693145990372
"augustus_masked-SAKL0F-processed-gene-2.110-mRNA-1",0.286642789840698
"augustus_masked-SAKL0F-processed-gene-2.135-mRNA-1",0.412784695625305
"augustus_masked-SAKL0F-processed-gene-2.136-mRNA-1",0.766964495182037
"augustus_masked-SAKL0F-processed-gene-2.111-mRNA-1",0.855454981327057
"augustus_masked-SAKL0F-processed-gene-2.137-mRNA-1",0.0972265675663948
"augustus_masked-SAKL0F-processed-gene-2.138-mRNA-1",0.186664894223213
"augustus_masked-SAKL0F-processed-gene-2.112-mRNA-1",0.791554033756256
"augustus_masked-SAKL0F-processed-gene-2.139-mRNA-1",0.889947414398193
"augustus_masked-SAKL0F-processed-gene-2.113-mRNA-1",1.41939759254456
"augustus_masked-SAKL0F-processed-gene-2.114-mRNA-1",1.22293019294739
"augustus_masked-SAKL0F-processed-gene-2.140-mRNA-1",0.114650674164295
"augustus_masked-SAKL0F-processed-gene-2.115-mRNA-1",0.207435682415962
"augustus_masked-SAKL0F-processed-gene-2.116-mRNA-1",0.121638707816601
"augustus_masked-SAKL0F-processed-gene-2.141-mRNA-1",0.128709703683853
"augustus_masked-SAKL0F-processed-gene-2.142-mRNA-1",1.04142451286316
"augustus_masked-SAKL0F-processed-gene-2.117-mRNA-1",0.3837870657444
"augustus_masked-SAKL0F-processed-gene-2.143-mRNA-1",1.72944164276123
"augustus_masked-SAKL0F-processed-gene-2.118-mRNA-1",1.48640811443329
"augustus_masked-SAKL0F-processed-gene-2.119-mRNA-1",0.638684153556824
"snap_masked-SAKL0F-processed-gene-2.89-mRNA-1",0.568105638027191
"augustus_masked-SAKL0F-processed-gene-2.120-mRNA-1",0.357576817274094
"augustus_masked-SAKL0F-processed-gene-2.121-mRNA-1",0.589307248592377
"augustus_masked-SAKL0F-processed-gene-2.145-mRNA-1",0.572017073631287
"augustus_masked-SAKL0F-processed-gene-2.122-mRNA-1",0.162977784872055
"augustus_masked-SAKL0F-processed-gene-2.146-mRNA-1",0.926447689533234
"augustus_masked-SAKL0F-processed-gene-2.123-mRNA-1",1.18119895458221
"augustus_masked-SAKL0F-processed-gene-2.124-mRNA-1",0.10940495878458
"genemark-SAKL0F-processed-gene-2.43-mRNA-1",0.148295223712921
"augustus_masked-SAKL0F-processed-gene-2.125-mRNA-1",0.215547829866409
"augustus_masked-SAKL0F-processed-gene-2.126-mRNA-1",0.19364021718502
"augustus_masked-SAKL0F-processed-gene-2.149-mRNA-1",0.158872306346893
"augustus_masked-SAKL0F-processed-gene-2.127-mRNA-1",0.520101487636566
"augustus_masked-SAKL0F-processed-gene-2.150-mRNA-1",0.480502963066101
"augustus_masked-SAKL0F-processed-gene-2.128-mRNA-1",0.770022034645081
"augustus_masked-SAKL0F-processed-gene-2.129-mRNA-1",0.220915779471397
"augustus_masked-SAKL0F-processed-gene-3.5-mRNA-1",1.22014832496643
"augustus_masked-SAKL0F-processed-gene-3.4-mRNA-1",0.196128159761429
"augustus_masked-SAKL0F-processed-gene-3.6-mRNA-1",0.226065084338188
"augustus_masked-SAKL0F-processed-gene-3.7-mRNA-1",0.579223155975342
"snap_masked-SAKL0F-processed-gene-3.105-mRNA-1",0.605312705039978
"augustus_masked-SAKL0F-processed-gene-3.9-mRNA-1",0.450370997190475
"maker-SAKL0F-augustus-gene-3.2-mRNA-1",0.198450267314911
"augustus_masked-SAKL0F-processed-gene-3.27-mRNA-1",0.701421678066254
"augustus_masked-SAKL0F-processed-gene-3.28-mRNA-1",0.273766607046127
"augustus_masked-SAKL0F-processed-gene-3.29-mRNA-1",1.21024334430695
"augustus_masked-SAKL0F-processed-gene-3.10-mRNA-1",0.596828818321228
"augustus_masked-SAKL0F-processed-gene-3.30-mRNA-1",0.407971680164337
"snap_masked-SAKL0F-processed-gene-3.108-mRNA-1",0.570966303348541
"augustus_masked-SAKL0F-processed-gene-3.31-mRNA-1",0.923092842102051
"snap_masked-SAKL0F-processed-gene-3.132-mRNA-1",1.64694809913635
"augustus_masked-SAKL0F-processed-gene-3.32-mRNA-1",0.553009927272797
"augustus_masked-SAKL0F-processed-gene-3.33-mRNA-1",0.377972394227982
"augustus_masked-SAKL0F-processed-gene-3.34-mRNA-1",0.274671971797943
"augustus_masked-SAKL0F-processed-gene-3.12-mRNA-1",0.422078341245651
"snap_masked-SAKL0F-processed-gene-3.136-mRNA-1",0.166633769869804
"augustus_masked-SAKL0F-processed-gene-3.36-mRNA-1",0.173486590385437
"snap_masked-SAKL0F-processed-gene-3.110-mRNA-1",0.733847737312317
"snap_masked-SAKL0F-processed-gene-3.111-mRNA-1",0.562500834465027
"augustus_masked-SAKL0F-processed-gene-3.37-mRNA-1",0.416639477014542
"augustus_masked-SAKL0F-processed-gene-3.14-mRNA-1",0.226599052548409
"snap_masked-SAKL0F-processed-gene-3.113-mRNA-1",0.487146109342575
"augustus_masked-SAKL0F-processed-gene-3.38-mRNA-1",0.740259826183319
"augustus_masked-SAKL0F-processed-gene-3.39-mRNA-1",0.599244832992554
"augustus_masked-SAKL0F-processed-gene-3.40-mRNA-1",0.745850682258606
"augustus_masked-SAKL0F-processed-gene-3.16-mRNA-1",0.558881223201752
"snap_masked-SAKL0F-processed-gene-3.115-mRNA-1",0.0926860496401787
"augustus_masked-SAKL0F-processed-gene-3.17-mRNA-1",0.0477288104593754
"augustus_masked-SAKL0F-processed-gene-3.41-mRNA-1",0.259532183408737
"augustus_masked-SAKL0F-processed-gene-3.18-mRNA-1",0.828021228313446
"augustus_masked-SAKL0F-processed-gene-3.42-mRNA-1",0.349822133779526
"snap_masked-SAKL0F-processed-gene-3.143-mRNA-1",0.533567428588867
"augustus_masked-SAKL0F-processed-gene-3.44-mRNA-1",0.328660279512405
"augustus_masked-SAKL0F-processed-gene-3.19-mRNA-1",0.698482394218445
"augustus_masked-SAKL0F-processed-gene-3.20-mRNA-1",0.406495720148087
"augustus_masked-SAKL0F-processed-gene-3.21-mRNA-1",0.459004640579224
"snap_masked-SAKL0F-processed-gene-3.145-mRNA-1",0.509926736354828
"augustus_masked-SAKL0F-processed-gene-3.46-mRNA-1",0.375983953475952
"augustus_masked-SAKL0F-processed-gene-3.22-mRNA-1",0.290897279977798
"augustus_masked-SAKL0F-processed-gene-3.47-mRNA-1",0.0753801092505455
"augustus_masked-SAKL0F-processed-gene-3.48-mRNA-1",0.405521780252457
"snap_masked-SAKL0F-processed-gene-3.149-mRNA-1",0.405740827322006
"augustus_masked-SAKL0F-processed-gene-3.23-mRNA-1",0.35014995932579
"augustus_masked-SAKL0F-processed-gene-3.50-mRNA-1",0.145990863442421
"augustus_masked-SAKL0F-processed-gene-3.24-mRNA-1",0.172825142741203
"augustus_masked-SAKL0F-processed-gene-3.25-mRNA-1",0.14880895614624
"genemark-SAKL0F-processed-gene-3.100-mRNA-1",0.208875507116318
"augustus_masked-SAKL0F-processed-gene-4.0-mRNA-1",0.0237278882414103
"augustus_masked-SAKL0F-processed-gene-4.4-mRNA-1",0.349928051233292
"augustus_masked-SAKL0F-processed-gene-4.1-mRNA-1",0.153949931263924
"genemark-SAKL0F-processed-gene-4.115-mRNA-1",0.238418504595757
"augustus_masked-SAKL0F-processed-gene-4.2-mRNA-1",0.0333041958510876
"genemark-SAKL0F-processed-gene-4.116-mRNA-1",0.466069400310516
"augustus_masked-SAKL0F-processed-gene-4.3-mRNA-1",0.24716030061245
"augustus_masked-SAKL0F-processed-gene-4.7-mRNA-1",0.439389228820801
"augustus_masked-SAKL0F-processed-gene-4.33-mRNA-1",0.456370741128922
"augustus_masked-SAKL0F-processed-gene-4.34-mRNA-1",0.892234086990356
"augustus_masked-SAKL0F-processed-gene-4.8-mRNA-1",0.681153774261475
"maker-SAKL0F-augustus-gene-4.50-mRNA-1",0.162836879491806
"augustus_masked-SAKL0F-processed-gene-4.35-mRNA-1",0.154207438230515
"augustus_masked-SAKL0F-processed-gene-4.10-mRNA-1",0.332722842693329
"maker-SAKL0F-snap-gene-4.47-mRNA-1",0.287177473306656
"augustus_masked-SAKL0F-processed-gene-4.11-mRNA-1",0.0841327682137489
"augustus_masked-SAKL0F-processed-gene-4.36-mRNA-1",0.210174351930618
"augustus_masked-SAKL0F-processed-gene-4.37-mRNA-1",0.479143768548965
"augustus_masked-SAKL0F-processed-gene-4.38-mRNA-1",0.567875027656555
"augustus_masked-SAKL0F-processed-gene-4.12-mRNA-1",0.361007690429688
"augustus_masked-SAKL0F-processed-gene-4.39-mRNA-1",0.554064512252808
"augustus_masked-SAKL0F-processed-gene-4.13-mRNA-1",0.178374007344246
"augustus_masked-SAKL0F-processed-gene-4.14-mRNA-1",0.652978241443634
"augustus_masked-SAKL0F-processed-gene-4.40-mRNA-1",0.714817583560944
"augustus_masked-SAKL0F-processed-gene-4.15-mRNA-1",0.669190287590027
"augustus_masked-SAKL0F-processed-gene-4.16-mRNA-1",0.439679205417633
"augustus_masked-SAKL0F-processed-gene-4.17-mRNA-1",0.378680855035782
"augustus_masked-SAKL0F-processed-gene-4.18-mRNA-1",0.855810403823853
"augustus_masked-SAKL0F-processed-gene-4.19-mRNA-1",0.672917783260345
"augustus_masked-SAKL0F-processed-gene-4.20-mRNA-1",0.483053684234619
"augustus_masked-SAKL0F-processed-gene-4.21-mRNA-1",0.705979585647583
"augustus_masked-SAKL0F-processed-gene-4.22-mRNA-1",0.708098649978638
"augustus_masked-SAKL0F-processed-gene-4.41-mRNA-1",0.61400955915451
"augustus_masked-SAKL0F-processed-gene-4.23-mRNA-1",0.43956196308136
"augustus_masked-SAKL0F-processed-gene-4.24-mRNA-1",0.277003705501556
"augustus_masked-SAKL0F-processed-gene-4.42-mRNA-1",0.26707199215889
"augustus_masked-SAKL0F-processed-gene-4.25-mRNA-1",0.529354751110077
"augustus_masked-SAKL0F-processed-gene-4.43-mRNA-1",0.888798117637634
"augustus_masked-SAKL0F-processed-gene-4.26-mRNA-1",1.69751119613647
"snap_masked-SAKL0F-processed-gene-4.108-mRNA-1",2.11366271972656
"snap_masked-SAKL0F-processed-gene-4.109-mRNA-1",1.55918145179749
"augustus_masked-SAKL0F-processed-gene-4.27-mRNA-1",2.20460224151611
"augustus_masked-SAKL0F-processed-gene-4.28-mRNA-1",2.04386949539185
"augustus_masked-SAKL0F-processed-gene-4.29-mRNA-1",1.17438638210297
"augustus_masked-SAKL0F-processed-gene-4.30-mRNA-1",0.820421397686005
"augustus_masked-SAKL0F-processed-gene-4.44-mRNA-1",0.549452126026154
"augustus_masked-SAKL0F-processed-gene-4.31-mRNA-1",1.26968896389008
"augustus_masked-SAKL0F-processed-gene-4.45-mRNA-1",0.365104466676712
"augustus_masked-SAKL0F-processed-gene-4.32-mRNA-1",0.421237468719482
"augustus_masked-SAKL0F-processed-gene-5.11-mRNA-1",0.0352038219571114
"augustus_masked-SAKL0F-processed-gene-5.12-mRNA-1",0.36738309264183
"snap_masked-SAKL0F-processed-gene-5.96-mRNA-1",0.638452529907227
"snap_masked-SAKL0F-processed-gene-5.114-mRNA-1",0.476218640804291
"augustus_masked-SAKL0F-processed-gene-5.14-mRNA-1",0.635571599006653
"augustus_masked-SAKL0F-processed-gene-5.31-mRNA-1",0.100013375282288
"augustus_masked-SAKL0F-processed-gene-5.15-mRNA-1",0.20792393386364
"augustus_masked-SAKL0F-processed-gene-5.32-mRNA-1",0.025852145627141
"augustus_masked-SAKL0F-processed-gene-5.16-mRNA-1",0.681136786937714
"augustus_masked-SAKL0F-processed-gene-5.17-mRNA-1",0.663718819618225
"augustus_masked-SAKL0F-processed-gene-5.33-mRNA-1",1.1347678899765
"augustus_masked-SAKL0F-processed-gene-5.18-mRNA-1",0.468744307756424
"augustus_masked-SAKL0F-processed-gene-5.19-mRNA-1",0.191548496484756
"augustus_masked-SAKL0F-processed-gene-5.20-mRNA-1",0.669063568115234
"augustus_masked-SAKL0F-processed-gene-5.21-mRNA-1",0.10997873544693
"augustus_masked-SAKL0F-processed-gene-5.22-mRNA-1",0.308097004890442
"augustus_masked-SAKL0F-processed-gene-5.34-mRNA-1",0.418333649635315
"augustus_masked-SAKL0F-processed-gene-5.23-mRNA-1",0.549605369567871
"maker-SAKL0F-augustus-gene-5.8-mRNA-1",0.157618746161461
"augustus_masked-SAKL0F-processed-gene-5.36-mRNA-1",1.15926790237427
"augustus_masked-SAKL0F-processed-gene-5.24-mRNA-1",1.14040768146515
"maker-SAKL0F-augustus-gene-5.9-mRNA-1",0.209476381540298
"augustus_masked-SAKL0F-processed-gene-5.38-mRNA-1",0.222191736102104
"augustus_masked-SAKL0F-processed-gene-5.39-mRNA-1",0.132908210158348
"augustus_masked-SAKL0F-processed-gene-5.25-mRNA-1",0.685906112194061
"augustus_masked-SAKL0F-processed-gene-5.26-mRNA-1",0.214620247483253
"augustus_masked-SAKL0F-processed-gene-5.40-mRNA-1",0.216770082712173
"augustus_masked-SAKL0F-processed-gene-5.41-mRNA-1",0.240446522831917
"augustus_masked-SAKL0F-processed-gene-5.42-mRNA-1",0.740389585494995
"maker-SAKL0F-augustus-gene-5.10-mRNA-1",0.795016288757324
"augustus_masked-SAKL0F-processed-gene-5.44-mRNA-1",0.650129497051239
"augustus_masked-SAKL0F-processed-gene-5.45-mRNA-1",1.31573247909546
"augustus_masked-SAKL0F-processed-gene-5.27-mRNA-1",0.163268476724625
"augustus_masked-SAKL0F-processed-gene-5.46-mRNA-1",0.651752948760986
"snap_masked-SAKL0F-processed-gene-5.111-mRNA-1",0.19343076646328
"augustus_masked-SAKL0F-processed-gene-5.47-mRNA-1",0.548185169696808
"snap_masked-SAKL0F-processed-gene-5.112-mRNA-1",0.07520542293787
"augustus_masked-SAKL0F-processed-gene-5.48-mRNA-1",0.0853628143668175
"augustus_masked-SAKL0F-processed-gene-5.29-mRNA-1",0.39693146944046
"augustus_masked-SAKL0F-processed-gene-5.49-mRNA-1",0.274178236722946
"augustus_masked-SAKL0F-processed-gene-5.50-mRNA-1",0.189495071768761
"augustus_masked-SAKL0F-processed-gene-5.51-mRNA-1",0.26719257235527
"augustus_masked-SAKL0F-processed-gene-6.118-mRNA-1",0.936825513839722
"snap_masked-SAKL0F-processed-gene-6.56-mRNA-1",0.426302641630173
"augustus_masked-SAKL0F-processed-gene-6.120-mRNA-1",1.03779292106628
"augustus_masked-SAKL0F-processed-gene-6.115-mRNA-1",0.634208202362061
"augustus_masked-SAKL0F-processed-gene-6.116-mRNA-1",0.490121066570282
"augustus_masked-SAKL0F-processed-gene-6.121-mRNA-1",0.932882726192474
"augustus_masked-SAKL0F-processed-gene-6.117-mRNA-1",0.892705917358398
"augustus_masked-SAKL0F-processed-gene-6.122-mRNA-1",0.564415514469147
"augustus_masked-SAKL0F-processed-gene-6.145-mRNA-1",0.282079517841339
"augustus_masked-SAKL0F-processed-gene-6.146-mRNA-1",0.295065760612488
"snap_masked-SAKL0F-processed-gene-6.60-mRNA-1",0.186055600643158
"snap_masked-SAKL0F-processed-gene-6.61-mRNA-1",0.507287502288818
"augustus_masked-SAKL0F-processed-gene-6.124-mRNA-1",0.166233316063881
"augustus_masked-SAKL0F-processed-gene-6.147-mRNA-1",0.221166923642159
"augustus_masked-SAKL0F-processed-gene-6.148-mRNA-1",0.578202784061432
"augustus_masked-SAKL0F-processed-gene-6.149-mRNA-1",0.581726908683777
"snap_masked-SAKL0F-processed-gene-6.88-mRNA-1",1.56987166404724
"augustus_masked-SAKL0F-processed-gene-6.125-mRNA-1",0.515367388725281
"augustus_masked-SAKL0F-processed-gene-6.126-mRNA-1",1.1076340675354
"augustus_masked-SAKL0F-processed-gene-6.151-mRNA-1",0.808625340461731
"augustus_masked-SAKL0F-processed-gene-6.127-mRNA-1",0.259324491024017
"augustus_masked-SAKL0F-processed-gene-6.152-mRNA-1",0.535215556621552
"snap_masked-SAKL0F-processed-gene-6.66-mRNA-1",0.00780651438981295
"augustus_masked-SAKL0F-processed-gene-6.129-mRNA-1",0.0385991707444191
"augustus_masked-SAKL0F-processed-gene-6.130-mRNA-1",0.444825172424316
"augustus_masked-SAKL0F-processed-gene-6.131-mRNA-1",0.251904100179672
"augustus_masked-SAKL0F-processed-gene-6.153-mRNA-1",0.941551148891449
"augustus_masked-SAKL0F-processed-gene-6.154-mRNA-1",1.73850631713867
"augustus_masked-SAKL0F-processed-gene-6.132-mRNA-1",1.3270446062088
"snap_masked-SAKL0F-processed-gene-6.93-mRNA-1",1.1815437078476
"augustus_masked-SAKL0F-processed-gene-6.155-mRNA-1",0.864898562431335
"snap_masked-SAKL0F-processed-gene-6.95-mRNA-1",2.51659512519836
"snap_masked-SAKL0F-processed-gene-6.96-mRNA-1",1.22666251659393
"maker-SAKL0F-augustus-gene-6.112-mRNA-1",1.11034870147705
"augustus_masked-SAKL0F-processed-gene-6.133-mRNA-1",0.739086329936981
"augustus_masked-SAKL0F-processed-gene-6.158-mRNA-1",0.0993294045329094
"maker-SAKL0F-augustus-gene-6.113-mRNA-1",1.24079835414886
"augustus_masked-SAKL0F-processed-gene-6.160-mRNA-1",0.980793535709381
"augustus_masked-SAKL0F-processed-gene-6.134-mRNA-1",0.639315009117126
"snap_masked-SAKL0F-processed-gene-6.101-mRNA-1",0.701593697071075
"augustus_masked-SAKL0F-processed-gene-6.135-mRNA-1",1.06326878070831
"augustus_masked-SAKL0F-processed-gene-6.136-mRNA-1",1.1368852853775
"augustus_masked-SAKL0F-processed-gene-6.137-mRNA-1",0.332937002182007
"augustus_masked-SAKL0F-processed-gene-6.161-mRNA-1",0.204403474926949
"augustus_masked-SAKL0F-processed-gene-6.162-mRNA-1",1.98936927318573
"augustus_masked-SAKL0F-processed-gene-6.138-mRNA-1",1.42304348945618
"augustus_masked-SAKL0F-processed-gene-6.163-mRNA-1",0.776537895202637
"augustus_masked-SAKL0F-processed-gene-6.164-mRNA-1",1.03851616382599
"augustus_masked-SAKL0F-processed-gene-6.139-mRNA-1",0.853457808494568
"augustus_masked-SAKL0F-processed-gene-6.140-mRNA-1",0.0785583481192589
"augustus_masked-SAKL0F-processed-gene-6.141-mRNA-1",0.204717323184013
"augustus_masked-SAKL0F-processed-gene-6.142-mRNA-1",0.354704469442368
"augustus_masked-SAKL0F-processed-gene-6.143-mRNA-1",0.384266495704651
"augustus_masked-SAKL0F-processed-gene-6.165-mRNA-1",0.485927224159241
"augustus_masked-SAKL0F-processed-gene-6.144-mRNA-1",0.354456901550293
"augustus_masked-SAKL0F-processed-gene-7.109-mRNA-1",0.27319261431694
"augustus_masked-SAKL0F-processed-gene-7.110-mRNA-1",0.107214480638504
"augustus_masked-SAKL0F-processed-gene-7.111-mRNA-1",0.154598951339722
"snap_masked-SAKL0F-processed-gene-7.53-mRNA-1",0.186184510588646
"augustus_masked-SAKL0F-processed-gene-7.112-mRNA-1",0.538472831249237
"maker-SAKL0F-snap-gene-7.97-mRNA-1",1.04158914089203
"maker-SAKL0F-snap-gene-7.96-mRNA-1",0.196679353713989
"snap_masked-SAKL0F-processed-gene-7.72-mRNA-1",1.4647604227066
"augustus_masked-SAKL0F-processed-gene-7.115-mRNA-1",1.69742584228516
"augustus_masked-SAKL0F-processed-gene-7.132-mRNA-1",0.684133768081665
"augustus_masked-SAKL0F-processed-gene-7.116-mRNA-1",0.426422268152237
"augustus_masked-SAKL0F-processed-gene-7.133-mRNA-1",0.35633859038353
"augustus_masked-SAKL0F-processed-gene-7.117-mRNA-1",0.365994900465012
"snap_masked-SAKL0F-processed-gene-7.58-mRNA-1",0.272142499685287
"snap_masked-SAKL0F-processed-gene-7.59-mRNA-1",0.213753387331963
"augustus_masked-SAKL0F-processed-gene-7.119-mRNA-1",0.484615981578827
"augustus_masked-SAKL0F-processed-gene-7.120-mRNA-1",0.218688160181046
"augustus_masked-SAKL0F-processed-gene-7.134-mRNA-1",0.0917433798313141
"augustus_masked-SAKL0F-processed-gene-7.121-mRNA-1",0.285517632961273
"augustus_masked-SAKL0F-processed-gene-7.135-mRNA-1",0.8834228515625
"augustus_masked-SAKL0F-processed-gene-7.136-mRNA-1",0.806262373924255
"augustus_masked-SAKL0F-processed-gene-7.122-mRNA-1",0.39983856678009
"augustus_masked-SAKL0F-processed-gene-7.137-mRNA-1",0.626828014850616
"augustus_masked-SAKL0F-processed-gene-7.138-mRNA-1",0.414069175720215
"augustus_masked-SAKL0F-processed-gene-7.123-mRNA-1",0.220858320593834
"augustus_masked-SAKL0F-processed-gene-7.139-mRNA-1",0.505979716777802
"augustus_masked-SAKL0F-processed-gene-7.140-mRNA-1",0.506898760795593
"augustus_masked-SAKL0F-processed-gene-7.124-mRNA-1",0.708211123943329
"maker-SAKL0F-snap-gene-7.98-mRNA-1",0.268373519182205
"augustus_masked-SAKL0F-processed-gene-7.141-mRNA-1",0.379467278718948
"augustus_masked-SAKL0F-processed-gene-7.142-mRNA-1",0.869167566299438
"augustus_masked-SAKL0F-processed-gene-7.143-mRNA-1",0.793395817279816
"augustus_masked-SAKL0F-processed-gene-7.144-mRNA-1",1.745436668396
"maker-SAKL0F-augustus-gene-7.105-mRNA-1",0.171386241912842
"augustus_masked-SAKL0F-processed-gene-7.146-mRNA-1",0.173612713813782
"augustus_masked-SAKL0F-processed-gene-7.126-mRNA-1",0.0868152007460594
"augustus_masked-SAKL0F-processed-gene-7.147-mRNA-1",0.458842158317566
"augustus_masked-SAKL0F-processed-gene-7.148-mRNA-1",0.205533549189568
"snap_masked-SAKL0F-processed-gene-7.91-mRNA-1",0.121620878577232
"snap_masked-SAKL0F-processed-gene-7.68-mRNA-1",0.102143466472626
"snap_masked-SAKL0F-processed-gene-7.92-mRNA-1",0.277574270963669
"snap_masked-SAKL0F-processed-gene-7.93-mRNA-1",0.15953341126442
"augustus_masked-SAKL0F-processed-gene-7.128-mRNA-1",0.0713082030415535
"augustus_masked-SAKL0F-processed-gene-7.151-mRNA-1",0.198155432939529
"augustus_masked-SAKL0F-processed-gene-7.129-mRNA-1",0.237115457653999
"genemark-SAKL0F-processed-gene-7.46-mRNA-1",0.406138986349106
"augustus_masked-SAKL0F-processed-gene-7.130-mRNA-1",0.493211627006531
"augustus_masked-SAKL0F-processed-gene-8.100-mRNA-1",0.674067258834839
"maker-SAKL0F-augustus-gene-8.147-mRNA-1",0.133923694491386
"augustus_masked-SAKL0F-processed-gene-8.102-mRNA-1",0.119227558374405
"snap_masked-SAKL0F-processed-gene-8.4-mRNA-1",0.186387225985527
"augustus_masked-SAKL0F-processed-gene-8.104-mRNA-1",0.325086861848831
"maker-SAKL0F-augustus-gene-8.145-mRNA-1",0.175604701042175
"augustus_masked-SAKL0F-processed-gene-8.106-mRNA-1",0.0380842685699463
"augustus_masked-SAKL0F-processed-gene-8.126-mRNA-1",0.131024122238159
"augustus_masked-SAKL0F-processed-gene-8.107-mRNA-1",1.00329422950745
"augustus_masked-SAKL0F-processed-gene-8.127-mRNA-1",0.13028047978878
"augustus_masked-SAKL0F-processed-gene-8.108-mRNA-1",0.0782243385910988
"genemark-SAKL0F-processed-gene-8.82-mRNA-1",0.274568229913712
"augustus_masked-SAKL0F-processed-gene-8.109-mRNA-1",0.191574141383171
"genemark-SAKL0F-processed-gene-8.63-mRNA-1",0.179275423288345
"augustus_masked-SAKL0F-processed-gene-8.111-mRNA-1",0.29480829834938
"augustus_masked-SAKL0F-processed-gene-8.112-mRNA-1",0.0801396071910858
"augustus_masked-SAKL0F-processed-gene-8.129-mRNA-1",0.22144590318203
"snap_masked-SAKL0F-processed-gene-8.16-mRNA-1",0.0845730975270271
"augustus_masked-SAKL0F-processed-gene-8.130-mRNA-1",0.858863055706024
"augustus_masked-SAKL0F-processed-gene-8.114-mRNA-1",0.210841774940491
"augustus_masked-SAKL0F-processed-gene-8.131-mRNA-1",0.267469942569733
"augustus_masked-SAKL0F-processed-gene-8.132-mRNA-1",0.297934085130692
"augustus_masked-SAKL0F-processed-gene-8.115-mRNA-1",0.0537590831518173
"snap_masked-SAKL0F-processed-gene-8.37-mRNA-1",0.163237497210503
"augustus_masked-SAKL0F-processed-gene-8.134-mRNA-1",0.938423633575439
"augustus_masked-SAKL0F-processed-gene-8.135-mRNA-1",0.830558598041534
"augustus_masked-SAKL0F-processed-gene-8.116-mRNA-1",0.210485935211182
"snap_masked-SAKL0F-processed-gene-8.40-mRNA-1",0.710218727588654
"snap_masked-SAKL0F-processed-gene-8.41-mRNA-1",0.0257845241576433
"maker-SAKL0F-augustus-gene-8.146-mRNA-1",0.29692405462265
"augustus_masked-SAKL0F-processed-gene-8.137-mRNA-1",0.28949573636055
"augustus_masked-SAKL0F-processed-gene-8.138-mRNA-1",0.229702562093735
"augustus_masked-SAKL0F-processed-gene-8.118-mRNA-1",1.064821600914
"augustus_masked-SAKL0F-processed-gene-8.139-mRNA-1",0.101954825222492
"augustus_masked-SAKL0F-processed-gene-8.119-mRNA-1",0.232957288622856
"augustus_masked-SAKL0F-processed-gene-8.140-mRNA-1",0.442131072282791
"augustus_masked-SAKL0F-processed-gene-8.141-mRNA-1",0.40177646279335
"augustus_masked-SAKL0F-processed-gene-8.120-mRNA-1",0.850114524364471
"snap_masked-SAKL0F-processed-gene-8.47-mRNA-1",1.23624789714813
"augustus_masked-SAKL0F-processed-gene-8.121-mRNA-1",0.0844957679510117
"augustus_masked-SAKL0F-processed-gene-8.142-mRNA-1",0.33836904168129
"augustus_masked-SAKL0F-processed-gene-8.122-mRNA-1",0.484903901815414
"augustus_masked-SAKL0F-processed-gene-8.123-mRNA-1",0.600515186786652
"augustus_masked-SAKL0F-processed-gene-8.143-mRNA-1",0.701302289962769
"augustus_masked-SAKL0F-processed-gene-8.124-mRNA-1",0.901037871837616
"augustus_masked-SAKL0F-processed-gene-8.144-mRNA-1",1.0295524597168
"augustus_masked-SAKL0F-processed-gene-8.125-mRNA-1",0.271064072847366
"augustus_masked-SAKL0F-processed-gene-9.95-mRNA-1",0.792733609676361
"snap_masked-SAKL0F-processed-gene-9.0-mRNA-1",0.572076082229614
"augustus_masked-SAKL0F-processed-gene-9.96-mRNA-1",0.103406354784966
"augustus_masked-SAKL0F-processed-gene-9.93-mRNA-1",0.470854371786118
"snap_masked-SAKL0F-processed-gene-9.2-mRNA-1",0.21575628221035
"augustus_masked-SAKL0F-processed-gene-9.97-mRNA-1",0.510974168777466
"augustus_masked-SAKL0F-processed-gene-9.123-mRNA-1",1.01700794696808
"augustus_masked-SAKL0F-processed-gene-9.98-mRNA-1",0.692625045776367
"augustus_masked-SAKL0F-processed-gene-9.124-mRNA-1",0.499438583850861
"augustus_masked-SAKL0F-processed-gene-9.99-mRNA-1",1.0211226940155
"augustus_masked-SAKL0F-processed-gene-9.100-mRNA-1",0.700508296489716
"snap_masked-SAKL0F-processed-gene-9.9-mRNA-1",0.808616697788239
"augustus_masked-SAKL0F-processed-gene-9.125-mRNA-1",0.246944800019264
"snap_masked-SAKL0F-processed-gene-9.34-mRNA-1",0.724960207939148
"augustus_masked-SAKL0F-processed-gene-9.102-mRNA-1",0.301018953323364
"snap_masked-SAKL0F-processed-gene-9.11-mRNA-1",1.37994647026062
"augustus_masked-SAKL0F-processed-gene-9.127-mRNA-1",0.951559662818909
"augustus_masked-SAKL0F-processed-gene-9.104-mRNA-1",0.664435207843781
"augustus_masked-SAKL0F-processed-gene-9.105-mRNA-1",0.379747241735458
"augustus_masked-SAKL0F-processed-gene-9.128-mRNA-1",0.967411518096924
"augustus_masked-SAKL0F-processed-gene-9.106-mRNA-1",1.48894929885864
"augustus_masked-SAKL0F-processed-gene-9.129-mRNA-1",0.60075968503952
"augustus_masked-SAKL0F-processed-gene-9.107-mRNA-1",0.619454145431519
"augustus_masked-SAKL0F-processed-gene-9.108-mRNA-1",0.275393694639206
"maker-SAKL0F-augustus-gene-9.144-mRNA-1",0.274843484163284
"augustus_masked-SAKL0F-processed-gene-9.131-mRNA-1",1.24649727344513
"augustus_masked-SAKL0F-processed-gene-9.109-mRNA-1",0.471476197242737
"maker-SAKL0F-augustus-gene-9.145-mRNA-1",0.35429185628891
"augustus_masked-SAKL0F-processed-gene-9.110-mRNA-1",0.115247473120689
"augustus_masked-SAKL0F-processed-gene-9.133-mRNA-1",0.510776460170746
"augustus_masked-SAKL0F-processed-gene-9.134-mRNA-1",0.838788747787476
"augustus_masked-SAKL0F-processed-gene-9.111-mRNA-1",0.497025460004807
"augustus_masked-SAKL0F-processed-gene-9.112-mRNA-1",0.26379519701004
"augustus_masked-SAKL0F-processed-gene-9.135-mRNA-1",0.0518321990966797
"augustus_masked-SAKL0F-processed-gene-9.113-mRNA-1",0.285971730947495
"augustus_masked-SAKL0F-processed-gene-9.114-mRNA-1",0.254980593919754
"augustus_masked-SAKL0F-processed-gene-9.115-mRNA-1",0.183911964297295
"augustus_masked-SAKL0F-processed-gene-9.136-mRNA-1",0.145155444741249
"augustus_masked-SAKL0F-processed-gene-9.116-mRNA-1",0.224800005555153
"augustus_masked-SAKL0F-processed-gene-9.137-mRNA-1",0.677897989749908
"augustus_masked-SAKL0F-processed-gene-9.138-mRNA-1",0.239867731928825
"augustus_masked-SAKL0F-processed-gene-9.117-mRNA-1",0.430928111076355
"augustus_masked-SAKL0F-processed-gene-9.118-mRNA-1",0.671962857246399
"augustus_masked-SAKL0F-processed-gene-9.119-mRNA-1",1.01747238636017
"augustus_masked-SAKL0F-processed-gene-9.120-mRNA-1",0.369677513837814
"snap_masked-SAKL0F-processed-gene-9.29-mRNA-1",0.286774754524231
"augustus_masked-SAKL0F-processed-gene-9.122-mRNA-1",0.166597709059715
"augustus_masked-SAKL0F-processed-gene-10.81-mRNA-1",0.306145042181015
"augustus_masked-SAKL0F-processed-gene-10.79-mRNA-1",0.446055829524994
"augustus_masked-SAKL0F-processed-gene-10.80-mRNA-1",0.505797445774078
"augustus_masked-SAKL0F-processed-gene-10.82-mRNA-1",0.296314209699631
"augustus_masked-SAKL0F-processed-gene-10.83-mRNA-1",0.720584571361542
"augustus_masked-SAKL0F-processed-gene-10.101-mRNA-1",0.544274508953094
"augustus_masked-SAKL0F-processed-gene-10.102-mRNA-1",1.56772398948669
"augustus_masked-SAKL0F-processed-gene-10.103-mRNA-1",0.353746503591537
"augustus_masked-SAKL0F-processed-gene-10.104-mRNA-1",0.565598785877228
"augustus_masked-SAKL0F-processed-gene-10.84-mRNA-1",0.493861079216003
"augustus_masked-SAKL0F-processed-gene-10.105-mRNA-1",0.89286208152771
"snap_masked-SAKL0F-processed-gene-10.5-mRNA-1",0.734879434108734
"snap_masked-SAKL0F-processed-gene-10.27-mRNA-1",0.370680212974548
"snap_masked-SAKL0F-processed-gene-10.28-mRNA-1",0.939329445362091
"augustus_masked-SAKL0F-processed-gene-10.86-mRNA-1",0.153330028057098
"snap_masked-SAKL0F-processed-gene-10.29-mRNA-1",0.231750249862671
"snap_masked-SAKL0F-processed-gene-10.30-mRNA-1",0.0307407304644585
"augustus_masked-SAKL0F-processed-gene-10.87-mRNA-1",0.61262845993042
"augustus_masked-SAKL0F-processed-gene-10.88-mRNA-1",0.303230792284012
"augustus_masked-SAKL0F-processed-gene-10.108-mRNA-1",2.75942778587341
"augustus_masked-SAKL0F-processed-gene-10.109-mRNA-1",2.86277723312378
"snap_masked-SAKL0F-processed-gene-10.9-mRNA-1",2.19135785102844
"augustus_masked-SAKL0F-processed-gene-10.110-mRNA-1",0.928400933742523
"augustus_masked-SAKL0F-processed-gene-10.89-mRNA-1",0.835081160068512
"augustus_masked-SAKL0F-processed-gene-10.90-mRNA-1",0.0976054519414902
"augustus_masked-SAKL0F-processed-gene-10.111-mRNA-1",1.43413877487183
"augustus_masked-SAKL0F-processed-gene-10.91-mRNA-1",0.131873741745949
"augustus_masked-SAKL0F-processed-gene-10.112-mRNA-1",1.11823070049286
"augustus_masked-SAKL0F-processed-gene-10.113-mRNA-1",1.51527178287506
"augustus_masked-SAKL0F-processed-gene-10.92-mRNA-1",1.39698243141174
"augustus_masked-SAKL0F-processed-gene-10.93-mRNA-1",0.252781569957733
"augustus_masked-SAKL0F-processed-gene-10.94-mRNA-1",0.287998646497726
"augustus_masked-SAKL0F-processed-gene-10.95-mRNA-1",0.288568168878555
"augustus_masked-SAKL0F-processed-gene-10.114-mRNA-1",0.182626560330391
"augustus_masked-SAKL0F-processed-gene-10.115-mRNA-1",0.623655021190643
"augustus_masked-SAKL0F-processed-gene-10.96-mRNA-1",0.279105693101883
"augustus_masked-SAKL0F-processed-gene-10.97-mRNA-1",0.8403360247612
"augustus_masked-SAKL0F-processed-gene-10.116-mRNA-1",0.305649638175964
"augustus_masked-SAKL0F-processed-gene-10.98-mRNA-1",0.311285257339478
"augustus_masked-SAKL0F-processed-gene-10.117-mRNA-1",0.49908235669136
"augustus_masked-SAKL0F-processed-gene-10.99-mRNA-1",0.377001106739044
"snap_masked-SAKL0F-processed-gene-10.21-mRNA-1",0.305271953344345
"snap_masked-SAKL0F-processed-gene-11.48-mRNA-1",1.21832048892975
"maker-SAKL0F-augustus-gene-11.100-mRNA-1",0.094402976334095
"genemark-SAKL0F-processed-gene-11.2-mRNA-1",0.0797741338610649
"augustus_masked-SAKL0F-processed-gene-11.105-mRNA-1",0.20071092247963
"augustus_masked-SAKL0F-processed-gene-11.107-mRNA-1",0.486823081970215
"augustus_masked-SAKL0F-processed-gene-11.108-mRNA-1",0.549203634262085
"augustus_masked-SAKL0F-processed-gene-11.109-mRNA-1",1.41328394412994
"augustus_masked-SAKL0F-processed-gene-11.106-mRNA-1",2.13652205467224
"maker-SAKL0F-snap-gene-11.98-mRNA-1",3.33999609947205
"augustus_masked-SAKL0F-processed-gene-11.111-mRNA-1",1.28265011310577
"augustus_masked-SAKL0F-processed-gene-11.112-mRNA-1",1.25857388973236
"snap_masked-SAKL0F-processed-gene-11.79-mRNA-1",0.0388337336480618
"augustus_masked-SAKL0F-processed-gene-11.113-mRNA-1",2.1964430809021
"snap_masked-SAKL0F-processed-gene-11.62-mRNA-1",0.194261148571968
"augustus_masked-SAKL0F-processed-gene-11.130-mRNA-1",0.434573501348495
"augustus_masked-SAKL0F-processed-gene-11.114-mRNA-1",0.132131546735764
"augustus_masked-SAKL0F-processed-gene-11.131-mRNA-1",0.104175850749016
"augustus_masked-SAKL0F-processed-gene-11.115-mRNA-1",0.247366219758987
"augustus_masked-SAKL0F-processed-gene-11.132-mRNA-1",0.513333737850189
"augustus_masked-SAKL0F-processed-gene-11.116-mRNA-1",0.316475540399551
"augustus_masked-SAKL0F-processed-gene-11.117-mRNA-1",0.0582459382712841
"augustus_masked-SAKL0F-processed-gene-11.133-mRNA-1",0.162151053547859
"augustus_masked-SAKL0F-processed-gene-11.134-mRNA-1",0.165497466921806
"augustus_masked-SAKL0F-processed-gene-11.118-mRNA-1",0.221071124076843
"augustus_masked-SAKL0F-processed-gene-11.135-mRNA-1",0.230345740914345
"snap_masked-SAKL0F-processed-gene-11.86-mRNA-1",0.97937422990799
"augustus_masked-SAKL0F-processed-gene-11.119-mRNA-1",0.591401994228363
"augustus_masked-SAKL0F-processed-gene-11.120-mRNA-1",0.467491954565048
"snap_masked-SAKL0F-processed-gene-11.87-mRNA-1",0.0386491343379021
"augustus_masked-SAKL0F-processed-gene-11.121-mRNA-1",0.110439665615559
"snap_masked-SAKL0F-processed-gene-11.71-mRNA-1",0.529208362102509
"augustus_masked-SAKL0F-processed-gene-11.123-mRNA-1",0.238448590040207
"augustus_masked-SAKL0F-processed-gene-11.138-mRNA-1",0.626548707485199
"augustus_masked-SAKL0F-processed-gene-11.139-mRNA-1",0.90348619222641
"augustus_masked-SAKL0F-processed-gene-11.140-mRNA-1",0.296656310558319
"augustus_masked-SAKL0F-processed-gene-11.124-mRNA-1",1.24324297904968
"augustus_masked-SAKL0F-processed-gene-11.141-mRNA-1",0.567801535129547
"snap_masked-SAKL0F-processed-gene-11.74-mRNA-1",0.275590628385544
"augustus_masked-SAKL0F-processed-gene-11.126-mRNA-1",0.357915461063385
"maker-SAKL0F-augustus-gene-11.102-mRNA-1",0.350088268518448
"snap_masked-SAKL0F-processed-gene-11.76-mRNA-1",0.624303638935089
"snap_masked-SAKL0F-processed-gene-11.77-mRNA-1",0.482629925012589
"augustus_masked-SAKL0F-processed-gene-11.143-mRNA-1",0.324123650789261
"snap_masked-SAKL0F-processed-gene-11.94-mRNA-1",0.435419231653214
"augustus_masked-SAKL0F-processed-gene-11.145-mRNA-1",0.502637207508087
"augustus_masked-SAKL0F-processed-gene-11.146-mRNA-1",0.600842237472534
"snap_masked-SAKL0F-processed-gene-11.97-mRNA-1",0.12288922816515
"augustus_masked-SAKL0F-processed-gene-11.128-mRNA-1",0.281501144170761
"maker-SAKL0F-snap-gene-12.264-mRNA-1",0.503747940063477
"snap_masked-SAKL0F-processed-gene-12.4-mRNA-1",0.115732364356518
"augustus_masked-SAKL0F-processed-gene-12.182-mRNA-1",0.0775887593626976
"augustus_masked-SAKL0F-processed-gene-12.232-mRNA-1",0.155037522315979
"snap_masked-SAKL0F-processed-gene-12.6-mRNA-1",0.382151395082474
"augustus_masked-SAKL0F-processed-gene-12.233-mRNA-1",0.238053470849991
"augustus_masked-SAKL0F-processed-gene-12.234-mRNA-1",0.468148171901703
"augustus_masked-SAKL0F-processed-gene-12.184-mRNA-1",0.173196494579315
"augustus_masked-SAKL0F-processed-gene-12.235-mRNA-1",0.655477583408356
"augustus_masked-SAKL0F-processed-gene-12.185-mRNA-1",1.45906496047974
"augustus_masked-SAKL0F-processed-gene-12.186-mRNA-1",0.579621136188507
"augustus_masked-SAKL0F-processed-gene-12.187-mRNA-1",0.0839576125144958
"augustus_masked-SAKL0F-processed-gene-12.236-mRNA-1",0.754073679447174
"augustus_masked-SAKL0F-processed-gene-12.237-mRNA-1",0.185246229171753
"snap_masked-SAKL0F-processed-gene-12.11-mRNA-1",0.0390763804316521
"augustus_masked-SAKL0F-processed-gene-12.238-mRNA-1",0.242549002170563
"augustus_masked-SAKL0F-processed-gene-12.188-mRNA-1",0.418855518102646
"augustus_masked-SAKL0F-processed-gene-12.189-mRNA-1",0.252428114414215
"augustus_masked-SAKL0F-processed-gene-12.190-mRNA-1",0.186866566538811
"augustus_masked-SAKL0F-processed-gene-12.191-mRNA-1",0.0518970005214214
"augustus_masked-SAKL0F-processed-gene-12.239-mRNA-1",0.261724203824997
"augustus_masked-SAKL0F-processed-gene-12.240-mRNA-1",0.688210010528564
"augustus_masked-SAKL0F-processed-gene-12.192-mRNA-1",1.1680600643158
"augustus_masked-SAKL0F-processed-gene-12.193-mRNA-1",0.243990287184715
"augustus_masked-SAKL0F-processed-gene-12.194-mRNA-1",0.16677987575531
"augustus_masked-SAKL0F-processed-gene-12.195-mRNA-1",0.223563477396965
"augustus_masked-SAKL0F-processed-gene-12.196-mRNA-1",0.489417314529419
"augustus_masked-SAKL0F-processed-gene-12.241-mRNA-1",0.360799640417099
"augustus_masked-SAKL0F-processed-gene-12.197-mRNA-1",0.162093237042427
"augustus_masked-SAKL0F-processed-gene-12.198-mRNA-1",0.0532685033977032
"augustus_masked-SAKL0F-processed-gene-12.242-mRNA-1",0.165290147066116
"augustus_masked-SAKL0F-processed-gene-12.243-mRNA-1",0.500809073448181
"augustus_masked-SAKL0F-processed-gene-12.244-mRNA-1",0.186659142374992
"augustus_masked-SAKL0F-processed-gene-12.245-mRNA-1",0.183922097086906
"snap_masked-SAKL0F-processed-gene-12.23-mRNA-1",0.0347845032811165
"snap_masked-SAKL0F-processed-gene-12.24-mRNA-1",0.128669917583466
"snap_masked-SAKL0F-processed-gene-12.25-mRNA-1",1.14860105514526
"maker-SAKL0F-snap-gene-12.268-mRNA-1",0.207908257842064
"snap_masked-SAKL0F-processed-gene-12.26-mRNA-1",0.203956454992294
"genemark-SAKL0F-processed-gene-12.161-mRNA-1",0.12248620390892
"augustus_masked-SAKL0F-processed-gene-12.247-mRNA-1",0.053694773465395
"snap_masked-SAKL0F-processed-gene-12.27-mRNA-1",0.517214894294739
"snap_masked-SAKL0F-processed-gene-12.28-mRNA-1",0.0676698908209801
"maker-SAKL0F-augustus-gene-12.270-mRNA-1",0.265969723463058
"augustus_masked-SAKL0F-processed-gene-12.206-mRNA-1",0.524453520774841
"augustus_masked-SAKL0F-processed-gene-12.207-mRNA-1",0.701235592365265
"augustus_masked-SAKL0F-processed-gene-12.208-mRNA-1",0.175161376595497
"snap_masked-SAKL0F-processed-gene-12.77-mRNA-1",0.30743932723999
"snap_masked-SAKL0F-processed-gene-12.78-mRNA-1",0.437837362289429
"augustus_masked-SAKL0F-processed-gene-12.209-mRNA-1",0.260947972536087
"augustus_masked-SAKL0F-processed-gene-12.249-mRNA-1",0.066582091152668
"augustus_masked-SAKL0F-processed-gene-12.210-mRNA-1",0.302955895662308
"augustus_masked-SAKL0F-processed-gene-12.250-mRNA-1",0.0793024078011513
"snap_masked-SAKL0F-processed-gene-12.34-mRNA-1",0.0827742367982864
"augustus_masked-SAKL0F-processed-gene-12.251-mRNA-1",0.512570261955261
"augustus_masked-SAKL0F-processed-gene-12.212-mRNA-1",0.441838264465332
"maker-SAKL0F-augustus-gene-12.271-mRNA-1",0.0927960872650146
"augustus_masked-SAKL0F-processed-gene-12.214-mRNA-1",0.555994153022766
"augustus_masked-SAKL0F-processed-gene-12.215-mRNA-1",0.250063896179199
"genemark-SAKL0F-processed-gene-12.168-mRNA-1",0.137551695108414
"augustus_masked-SAKL0F-processed-gene-12.216-mRNA-1",0.0954614579677582
"augustus_masked-SAKL0F-processed-gene-12.253-mRNA-1",0.871133625507355
"augustus_masked-SAKL0F-processed-gene-12.217-mRNA-1",0.0598613098263741
"augustus_masked-SAKL0F-processed-gene-12.254-mRNA-1",0.349632054567337
"augustus_masked-SAKL0F-processed-gene-12.218-mRNA-1",0.534797847270966
"snap_masked-SAKL0F-processed-gene-12.85-mRNA-1",0.297453641891479
"augustus_masked-SAKL0F-processed-gene-12.219-mRNA-1",0.069318987429142
"augustus_masked-SAKL0F-processed-gene-12.256-mRNA-1",0.245055809617043
"snap_masked-SAKL0F-processed-gene-12.43-mRNA-1",0.100367471575737
"augustus_masked-SAKL0F-processed-gene-12.220-mRNA-1",0.13968899846077
"snap_masked-SAKL0F-processed-gene-12.48-mRNA-1",0.877194881439209
"augustus_masked-SAKL0F-processed-gene-12.257-mRNA-1",0.446678876876831
"snap_masked-SAKL0F-processed-gene-12.49-mRNA-1",0.231539398431778
"augustus_masked-SAKL0F-processed-gene-12.222-mRNA-1",0.290595591068268
"augustus_masked-SAKL0F-processed-gene-12.223-mRNA-1",0.663956344127655
"augustus_masked-SAKL0F-processed-gene-12.224-mRNA-1",0.0968808606266975
"augustus_masked-SAKL0F-processed-gene-12.258-mRNA-1",0.307761281728745
"snap_masked-SAKL0F-processed-gene-12.53-mRNA-1",0.182220757007599
"augustus_masked-SAKL0F-processed-gene-12.259-mRNA-1",0.947509944438934
"augustus_masked-SAKL0F-processed-gene-12.226-mRNA-1",2.00636839866638
"snap_masked-SAKL0F-processed-gene-12.90-mRNA-1",2.98431944847107
"augustus_masked-SAKL0F-processed-gene-12.227-mRNA-1",2.38429665565491
"augustus_masked-SAKL0F-processed-gene-12.261-mRNA-1",2.23098635673523
"snap_masked-SAKL0F-processed-gene-12.56-mRNA-1",1.60117435455322
"augustus_masked-SAKL0F-processed-gene-12.228-mRNA-1",1.46524894237518
"snap_masked-SAKL0F-processed-gene-12.58-mRNA-1",2.95458602905273
"augustus_masked-SAKL0F-processed-gene-12.230-mRNA-1",2.47572231292725
"snap_masked-SAKL0F-processed-gene-12.60-mRNA-1",0.242173120379448
"maker-SAKL0G-snap-gene-0.30-mRNA-1",0.597170531749725
"genemark-SAKL0G-processed-gene-0.82-mRNA-1",0.418769121170044
"augustus_masked-SAKL0G-processed-gene-0.2-mRNA-1",0.0792140513658524
"augustus_masked-SAKL0G-processed-gene-0.3-mRNA-1",0.127397552132607
"augustus_masked-SAKL0G-processed-gene-0.16-mRNA-1",0.494975924491882
"augustus_masked-SAKL0G-processed-gene-0.17-mRNA-1",0.21902047097683
"genemark-SAKL0G-processed-gene-0.69-mRNA-1",0.210672855377197
"augustus_masked-SAKL0G-processed-gene-0.5-mRNA-1",0.253591984510422
"snap_masked-SAKL0G-processed-gene-0.53-mRNA-1",0.3748799264431
"augustus_masked-SAKL0G-processed-gene-0.18-mRNA-1",0.273331463336945
"augustus_masked-SAKL0G-processed-gene-0.6-mRNA-1",0.290039390325546
"augustus_masked-SAKL0G-processed-gene-0.19-mRNA-1",0.0838147327303886
"augustus_masked-SAKL0G-processed-gene-0.7-mRNA-1",0.67980945110321
"augustus_masked-SAKL0G-processed-gene-0.20-mRNA-1",0.268991649150848
"maker-SAKL0G-snap-gene-0.31-mRNA-1",0.36933097243309
"augustus_masked-SAKL0G-processed-gene-0.21-mRNA-1",0.19146540760994
"augustus_masked-SAKL0G-processed-gene-0.9-mRNA-1",0.801878809928894
"augustus_masked-SAKL0G-processed-gene-0.22-mRNA-1",0.494329512119293
"augustus_masked-SAKL0G-processed-gene-0.10-mRNA-1",0.371575623750687
"augustus_masked-SAKL0G-processed-gene-0.23-mRNA-1",0.47980609536171
"augustus_masked-SAKL0G-processed-gene-0.11-mRNA-1",0.416174381971359
"augustus_masked-SAKL0G-processed-gene-0.24-mRNA-1",0.648114264011383
"augustus_masked-SAKL0G-processed-gene-0.12-mRNA-1",0.331000149250031
"augustus_masked-SAKL0G-processed-gene-0.25-mRNA-1",0.276889473199844
"augustus_masked-SAKL0G-processed-gene-0.13-mRNA-1",0.322867333889008
"snap_masked-SAKL0G-processed-gene-0.61-mRNA-1",0.269925028085709
"augustus_masked-SAKL0G-processed-gene-0.27-mRNA-1",0.811148524284363
"augustus_masked-SAKL0G-processed-gene-0.28-mRNA-1",0.335197061300278
"augustus_masked-SAKL0G-processed-gene-0.14-mRNA-1",1.44356405735016
"augustus_masked-SAKL0G-processed-gene-0.29-mRNA-1",1.30526101589203
"augustus_masked-SAKL0G-processed-gene-0.15-mRNA-1",1.01189398765564
"augustus_masked-SAKL0G-processed-gene-1.4-mRNA-1",0.757834196090698
"augustus_masked-SAKL0G-processed-gene-1.0-mRNA-1",0.743076086044312
"augustus_masked-SAKL0G-processed-gene-1.1-mRNA-1",0.836231589317322
"augustus_masked-SAKL0G-processed-gene-1.5-mRNA-1",0.16663533449173
"augustus_masked-SAKL0G-processed-gene-1.2-mRNA-1",0.0666241720318794
"augustus_masked-SAKL0G-processed-gene-1.6-mRNA-1",0.856263518333435
"augustus_masked-SAKL0G-processed-gene-1.3-mRNA-1",0.668114840984344
"augustus_masked-SAKL0G-processed-gene-1.7-mRNA-1",0.241887405514717
"augustus_masked-SAKL0G-processed-gene-1.8-mRNA-1",0.522424280643463
"maker-SAKL0G-augustus-gene-1.54-mRNA-1",0.359687775373459
"augustus_masked-SAKL0G-processed-gene-1.9-mRNA-1",0.336871057748795
"maker-SAKL0G-augustus-gene-1.52-mRNA-1",0.360310882329941
"augustus_masked-SAKL0G-processed-gene-1.30-mRNA-1",1.03917992115021
"augustus_masked-SAKL0G-processed-gene-1.11-mRNA-1",1.10481536388397
"snap_masked-SAKL0G-processed-gene-1.88-mRNA-1",0.845627129077911
"augustus_masked-SAKL0G-processed-gene-1.12-mRNA-1",0.0990438982844353
"augustus_masked-SAKL0G-processed-gene-1.13-mRNA-1",0.673023343086243
"maker-SAKL0G-augustus-gene-1.53-mRNA-1",0.279286801815033
"genemark-SAKL0G-processed-gene-1.123-mRNA-1",1.29905831813812
"augustus_masked-SAKL0G-processed-gene-1.32-mRNA-1",0.144211083650589
"augustus_masked-SAKL0G-processed-gene-1.33-mRNA-1",0.880785822868347
"augustus_masked-SAKL0G-processed-gene-1.34-mRNA-1",0.158510133624077
"augustus_masked-SAKL0G-processed-gene-1.35-mRNA-1",0.277344614267349
"snap_masked-SAKL0G-processed-gene-1.93-mRNA-1",0.145615145564079
"snap_masked-SAKL0G-processed-gene-1.94-mRNA-1",0.830792665481567
"augustus_masked-SAKL0G-processed-gene-1.37-mRNA-1",0.801775991916656
"augustus_masked-SAKL0G-processed-gene-1.15-mRNA-1",0.232683718204498
"augustus_masked-SAKL0G-processed-gene-1.38-mRNA-1",0.530898451805115
"augustus_masked-SAKL0G-processed-gene-1.16-mRNA-1",0.269403785467148
"augustus_masked-SAKL0G-processed-gene-1.39-mRNA-1",0.149159133434296
"snap_masked-SAKL0G-processed-gene-1.99-mRNA-1",0.128425449132919
"snap_masked-SAKL0G-processed-gene-1.100-mRNA-1",0.707501351833344
"augustus_masked-SAKL0G-processed-gene-1.17-mRNA-1",0.64712256193161
"snap_masked-SAKL0G-processed-gene-1.74-mRNA-1",0.649017035961151
"augustus_masked-SAKL0G-processed-gene-1.19-mRNA-1",0.50051349401474
"augustus_masked-SAKL0G-processed-gene-1.20-mRNA-1",0.313221395015717
"snap_masked-SAKL0G-processed-gene-1.77-mRNA-1",1.29579365253448
"augustus_masked-SAKL0G-processed-gene-1.21-mRNA-1",0.486755460500717
"augustus_masked-SAKL0G-processed-gene-1.42-mRNA-1",0.576428115367889
"augustus_masked-SAKL0G-processed-gene-1.22-mRNA-1",0.91909784078598
"augustus_masked-SAKL0G-processed-gene-1.23-mRNA-1",0.266805499792099
"augustus_masked-SAKL0G-processed-gene-1.43-mRNA-1",0.566830158233643
"augustus_masked-SAKL0G-processed-gene-1.24-mRNA-1",0.655633270740509
"augustus_masked-SAKL0G-processed-gene-1.44-mRNA-1",0.304048955440521
"augustus_masked-SAKL0G-processed-gene-1.45-mRNA-1",1.57697522640228
"snap_masked-SAKL0G-processed-gene-1.82-mRNA-1",0.528081774711609
"genemark-SAKL0G-processed-gene-1.136-mRNA-1",0.232076972723007
"genemark-SAKL0G-processed-gene-1.137-mRNA-1",0.223185166716576
"augustus_masked-SAKL0G-processed-gene-1.46-mRNA-1",0.556153178215027
"augustus_masked-SAKL0G-processed-gene-1.47-mRNA-1",1.19297361373901
"augustus_masked-SAKL0G-processed-gene-1.27-mRNA-1",0.386265307664871
"augustus_masked-SAKL0G-processed-gene-2.13-mRNA-1",0.367081016302109
"augustus_masked-SAKL0G-processed-gene-2.16-mRNA-1",0.060927227139473
"augustus_masked-SAKL0G-processed-gene-2.14-mRNA-1",1.02257645130157
"augustus_masked-SAKL0G-processed-gene-2.15-mRNA-1",0.358832746744156
"augustus_masked-SAKL0G-processed-gene-2.37-mRNA-1",0.0606982298195362
"augustus_masked-SAKL0G-processed-gene-2.38-mRNA-1",0.11101445555687
"snap_masked-SAKL0G-processed-gene-2.136-mRNA-1",0.386420547962189
"augustus_masked-SAKL0G-processed-gene-2.17-mRNA-1",0.423630863428116
"augustus_masked-SAKL0G-processed-gene-2.39-mRNA-1",0.708391487598419
"snap_masked-SAKL0G-processed-gene-2.113-mRNA-1",0.593476474285126
"augustus_masked-SAKL0G-processed-gene-2.19-mRNA-1",0.701808452606201
"augustus_masked-SAKL0G-processed-gene-2.40-mRNA-1",0.233128279447556
"augustus_masked-SAKL0G-processed-gene-2.41-mRNA-1",0.702144861221313
"snap_masked-SAKL0G-processed-gene-2.140-mRNA-1",0.688616633415222
"augustus_masked-SAKL0G-processed-gene-2.20-mRNA-1",0.388185024261475
"augustus_masked-SAKL0G-processed-gene-2.43-mRNA-1",1.3316398859024
"augustus_masked-SAKL0G-processed-gene-2.44-mRNA-1",1.04144382476807
"augustus_masked-SAKL0G-processed-gene-2.21-mRNA-1",0.265260130167007
"augustus_masked-SAKL0G-processed-gene-2.45-mRNA-1",0.117920964956284
"augustus_masked-SAKL0G-processed-gene-2.46-mRNA-1",0.273049384355545
"augustus_masked-SAKL0G-processed-gene-2.22-mRNA-1",0.44467681646347
"augustus_masked-SAKL0G-processed-gene-2.47-mRNA-1",0.0960999801754951
"augustus_masked-SAKL0G-processed-gene-2.48-mRNA-1",0.383760631084442
"snap_masked-SAKL0G-processed-gene-2.118-mRNA-1",1.17587268352509
"maker-SAKL0G-augustus-gene-2.11-mRNA-1",0.376211673021317
"augustus_masked-SAKL0G-processed-gene-2.23-mRNA-1",0.230231583118439
"maker-SAKL0G-augustus-gene-2.9-mRNA-1",0.481409519910812
"augustus_masked-SAKL0G-processed-gene-2.51-mRNA-1",0.387915670871735
"augustus_masked-SAKL0G-processed-gene-2.25-mRNA-1",0.369210720062256
"snap_masked-SAKL0G-processed-gene-2.150-mRNA-1",0.498112440109253
"snap_masked-SAKL0G-processed-gene-2.122-mRNA-1",0.842671692371368
"snap_masked-SAKL0G-processed-gene-2.123-mRNA-1",0.187113896012306
"snap_masked-SAKL0G-processed-gene-2.151-mRNA-1",0.0536934584379196
"augustus_masked-SAKL0G-processed-gene-2.52-mRNA-1",0.998994588851929
"augustus_masked-SAKL0G-processed-gene-2.27-mRNA-1",0.420601516962051
"augustus_masked-SAKL0G-processed-gene-2.53-mRNA-1",0.525143563747406
"maker-SAKL0G-augustus-gene-2.10-mRNA-1",0.686271965503693
"genemark-SAKL0G-processed-gene-2.101-mRNA-1",0.197595357894897
"augustus_masked-SAKL0G-processed-gene-2.29-mRNA-1",0.659618556499481
"augustus_masked-SAKL0G-processed-gene-2.55-mRNA-1",0.618159890174866
"augustus_masked-SAKL0G-processed-gene-2.30-mRNA-1",0.525256216526031
"augustus_masked-SAKL0G-processed-gene-2.56-mRNA-1",0.105858989059925
"augustus_masked-SAKL0G-processed-gene-2.57-mRNA-1",0.38594251871109
"augustus_masked-SAKL0G-processed-gene-2.31-mRNA-1",0.418312162160873
"augustus_masked-SAKL0G-processed-gene-2.58-mRNA-1",1.04754388332367
"snap_masked-SAKL0G-processed-gene-2.159-mRNA-1",0.178487986326218
"augustus_masked-SAKL0G-processed-gene-2.32-mRNA-1",1.02709054946899
"augustus_masked-SAKL0G-processed-gene-2.33-mRNA-1",0.670471668243408
"augustus_masked-SAKL0G-processed-gene-2.34-mRNA-1",0.106456369161606
"augustus_masked-SAKL0G-processed-gene-2.60-mRNA-1",0.141865789890289
"augustus_masked-SAKL0G-processed-gene-2.35-mRNA-1",1.10921633243561
"augustus_masked-SAKL0G-processed-gene-2.36-mRNA-1",0.195664420723915
"augustus_masked-SAKL0G-processed-gene-3.108-mRNA-1",0.354238480329514
"augustus_masked-SAKL0G-processed-gene-3.106-mRNA-1",0.515884876251221
"snap_masked-SAKL0G-processed-gene-3.3-mRNA-1",0.228720352053642
"augustus_masked-SAKL0G-processed-gene-3.110-mRNA-1",0.130288064479828
"augustus_masked-SAKL0G-processed-gene-3.107-mRNA-1",0.495016515254974
"augustus_masked-SAKL0G-processed-gene-3.111-mRNA-1",0.471680492162704
"augustus_masked-SAKL0G-processed-gene-3.112-mRNA-1",0.659692049026489
"augustus_masked-SAKL0G-processed-gene-3.134-mRNA-1",0.147141724824905
"augustus_masked-SAKL0G-processed-gene-3.113-mRNA-1",0.510126650333405
"augustus_masked-SAKL0G-processed-gene-3.135-mRNA-1",0.0564083866775036
"augustus_masked-SAKL0G-processed-gene-3.136-mRNA-1",0.0475311949849129
"snap_masked-SAKL0G-processed-gene-3.8-mRNA-1",0.593564629554749
"augustus_masked-SAKL0G-processed-gene-3.137-mRNA-1",0.229021072387695
"snap_masked-SAKL0G-processed-gene-3.9-mRNA-1",0.416187912225723
"augustus_masked-SAKL0G-processed-gene-3.138-mRNA-1",0.540708363056183
"augustus_masked-SAKL0G-processed-gene-3.117-mRNA-1",0.231146350502968
"augustus_masked-SAKL0G-processed-gene-3.139-mRNA-1",1.4371645450592
"augustus_masked-SAKL0G-processed-gene-3.118-mRNA-1",0.711014151573181
"snap_masked-SAKL0G-processed-gene-3.33-mRNA-1",1.3506852388382
"augustus_masked-SAKL0G-processed-gene-3.119-mRNA-1",1.40945339202881
"augustus_masked-SAKL0G-processed-gene-3.140-mRNA-1",0.988577127456665
"augustus_masked-SAKL0G-processed-gene-3.120-mRNA-1",0.65162056684494
"augustus_masked-SAKL0G-processed-gene-3.141-mRNA-1",0.539562344551086
"augustus_masked-SAKL0G-processed-gene-3.121-mRNA-1",0.428023785352707
"augustus_masked-SAKL0G-processed-gene-3.142-mRNA-1",0.594604194164276
"augustus_masked-SAKL0G-processed-gene-3.122-mRNA-1",0.163382917642593
"augustus_masked-SAKL0G-processed-gene-3.143-mRNA-1",0.0479504652321339
"augustus_masked-SAKL0G-processed-gene-3.123-mRNA-1",0.220748916268349
"augustus_masked-SAKL0G-processed-gene-3.144-mRNA-1",0.846433460712433
"augustus_masked-SAKL0G-processed-gene-3.145-mRNA-1",1.71702265739441
"augustus_masked-SAKL0G-processed-gene-3.124-mRNA-1",0.934005200862885
"augustus_masked-SAKL0G-processed-gene-3.146-mRNA-1",0.452724456787109
"augustus_masked-SAKL0G-processed-gene-3.125-mRNA-1",1.18570530414581
"augustus_masked-SAKL0G-processed-gene-3.147-mRNA-1",0.212778076529503
"augustus_masked-SAKL0G-processed-gene-3.148-mRNA-1",0.29702290892601
"augustus_masked-SAKL0G-processed-gene-3.126-mRNA-1",0.825775563716888
"augustus_masked-SAKL0G-processed-gene-3.149-mRNA-1",0.65928715467453
"augustus_masked-SAKL0G-processed-gene-3.127-mRNA-1",0.099080502986908
"snap_masked-SAKL0G-processed-gene-3.44-mRNA-1",0.0357742570340633
"snap_masked-SAKL0G-processed-gene-3.45-mRNA-1",0.601058721542358
"augustus_masked-SAKL0G-processed-gene-3.151-mRNA-1",0.411918163299561
"augustus_masked-SAKL0G-processed-gene-3.152-mRNA-1",0.681686639785767
"augustus_masked-SAKL0G-processed-gene-3.128-mRNA-1",0.498046427965164
"augustus_masked-SAKL0G-processed-gene-3.153-mRNA-1",0.655716359615326
"augustus_masked-SAKL0G-processed-gene-3.154-mRNA-1",0.557330846786499
"augustus_masked-SAKL0G-processed-gene-3.129-mRNA-1",1.01848161220551
"augustus_masked-SAKL0G-processed-gene-3.155-mRNA-1",0.34740087389946
"augustus_masked-SAKL0G-processed-gene-3.156-mRNA-1",0.226310059428215
"augustus_masked-SAKL0G-processed-gene-3.130-mRNA-1",0.278200477361679
"snap_masked-SAKL0G-processed-gene-3.52-mRNA-1",0.0651406422257423
"augustus_masked-SAKL0G-processed-gene-3.131-mRNA-1",0.14596252143383
"augustus_masked-SAKL0G-processed-gene-3.158-mRNA-1",1.07813930511475
"augustus_masked-SAKL0G-processed-gene-3.132-mRNA-1",0.408693969249725
"snap_masked-SAKL0G-processed-gene-3.26-mRNA-1",0.121674872934818
"augustus_masked-SAKL0G-processed-gene-4.105-mRNA-1",0.0644794926047325
"snap_masked-SAKL0G-processed-gene-4.50-mRNA-1",0.142859265208244
"augustus_masked-SAKL0G-processed-gene-4.107-mRNA-1",0.969262778759003
"augustus_masked-SAKL0G-processed-gene-4.108-mRNA-1",1.20232951641083
"maker-SAKL0G-augustus-gene-4.103-mRNA-1",1.08346438407898
"snap_masked-SAKL0G-processed-gene-4.78-mRNA-1",2.16331887245178
"augustus_masked-SAKL0G-processed-gene-4.109-mRNA-1",1.85567772388458
"augustus_masked-SAKL0G-processed-gene-4.110-mRNA-1",0.267089158296585
"augustus_masked-SAKL0G-processed-gene-4.111-mRNA-1",0.379479199647903
"augustus_masked-SAKL0G-processed-gene-4.133-mRNA-1",0.312879920005798
"maker-SAKL0G-augustus-gene-4.102-mRNA-1",0.201781302690506
"augustus_masked-SAKL0G-processed-gene-4.134-mRNA-1",0.402714312076569
"augustus_masked-SAKL0G-processed-gene-4.135-mRNA-1",0.351088881492615
"augustus_masked-SAKL0G-processed-gene-4.113-mRNA-1",1.79339957237244
"augustus_masked-SAKL0G-processed-gene-4.136-mRNA-1",0.0438461229205132
"augustus_masked-SAKL0G-processed-gene-4.114-mRNA-1",0.678764224052429
"augustus_masked-SAKL0G-processed-gene-4.137-mRNA-1",0.145370125770569
"augustus_masked-SAKL0G-processed-gene-4.115-mRNA-1",0.165972128510475
"snap_masked-SAKL0G-processed-gene-4.85-mRNA-1",0.260079622268677
"augustus_masked-SAKL0G-processed-gene-4.139-mRNA-1",0.665697991847992
"augustus_masked-SAKL0G-processed-gene-4.116-mRNA-1",0.480378419160843
"augustus_masked-SAKL0G-processed-gene-4.117-mRNA-1",0.0441935695707798
"augustus_masked-SAKL0G-processed-gene-4.140-mRNA-1",0.204273715615273
"augustus_masked-SAKL0G-processed-gene-4.118-mRNA-1",0.231639489531517
"augustus_masked-SAKL0G-processed-gene-4.119-mRNA-1",0.161649972200394
"augustus_masked-SAKL0G-processed-gene-4.141-mRNA-1",1.37525761127472
"augustus_masked-SAKL0G-processed-gene-4.120-mRNA-1",1.43236637115479
"augustus_masked-SAKL0G-processed-gene-4.142-mRNA-1",0.737397789955139
"snap_masked-SAKL0G-processed-gene-4.66-mRNA-1",0.0973796471953392
"augustus_masked-SAKL0G-processed-gene-4.143-mRNA-1",0.705135941505432
"augustus_masked-SAKL0G-processed-gene-4.122-mRNA-1",0.331590503454208
"augustus_masked-SAKL0G-processed-gene-4.123-mRNA-1",0.822187900543213
"augustus_masked-SAKL0G-processed-gene-4.144-mRNA-1",0.0852089449763298
"augustus_masked-SAKL0G-processed-gene-4.124-mRNA-1",0.358548194169998
"augustus_masked-SAKL0G-processed-gene-4.145-mRNA-1",0.0568480156362057
"augustus_masked-SAKL0G-processed-gene-4.125-mRNA-1",0.348468065261841
"augustus_masked-SAKL0G-processed-gene-4.146-mRNA-1",0.0669113174080849
"snap_masked-SAKL0G-processed-gene-4.71-mRNA-1",0.455469757318497
"augustus_masked-SAKL0G-processed-gene-4.147-mRNA-1",0.852457404136658
"augustus_masked-SAKL0G-processed-gene-4.127-mRNA-1",0.475799113512039
"augustus_masked-SAKL0G-processed-gene-4.128-mRNA-1",0.256211549043655
"augustus_masked-SAKL0G-processed-gene-4.148-mRNA-1",0.877170979976654
"augustus_masked-SAKL0G-processed-gene-4.129-mRNA-1",0.0857490301132202
"augustus_masked-SAKL0G-processed-gene-4.130-mRNA-1",0.51937347650528
"augustus_masked-SAKL0G-processed-gene-4.149-mRNA-1",0.373981326818466
"augustus_masked-SAKL0G-processed-gene-4.131-mRNA-1",0.644599676132202
"augustus_masked-SAKL0G-processed-gene-4.150-mRNA-1",0.390451401472092
"snap_masked-SAKL0G-processed-gene-4.98-mRNA-1",1.00191676616669
"augustus_masked-SAKL0G-processed-gene-4.152-mRNA-1",0.710594713687897
"augustus_masked-SAKL0G-processed-gene-5.101-mRNA-1",0.758848667144775
"augustus_masked-SAKL0G-processed-gene-5.98-mRNA-1",0.788719356060028
"augustus_masked-SAKL0G-processed-gene-5.102-mRNA-1",0.826593995094299
"augustus_masked-SAKL0G-processed-gene-5.99-mRNA-1",0.199201837182045
"augustus_masked-SAKL0G-processed-gene-5.100-mRNA-1",0.077682763338089
"augustus_masked-SAKL0G-processed-gene-5.124-mRNA-1",0.441547185182571
"maker-SAKL0G-augustus-gene-5.153-mRNA-1",0.978304207324982
"augustus_masked-SAKL0G-processed-gene-5.103-mRNA-1",0.277074426412582
"genemark-SAKL0G-processed-gene-5.76-mRNA-1",0.174132317304611
"snap_masked-SAKL0G-processed-gene-5.5-mRNA-1",0.142970383167267
"maker-SAKL0G-augustus-gene-5.154-mRNA-1",0.368171036243439
"augustus_masked-SAKL0G-processed-gene-5.105-mRNA-1",0.0344643034040928
"snap_masked-SAKL0G-processed-gene-5.28-mRNA-1",0.362339705228806
"augustus_masked-SAKL0G-processed-gene-5.106-mRNA-1",0.988757610321045
"augustus_masked-SAKL0G-processed-gene-5.107-mRNA-1",0.660993158817291
"augustus_masked-SAKL0G-processed-gene-5.108-mRNA-1",0.577063143253326
"augustus_masked-SAKL0G-processed-gene-5.109-mRNA-1",0.111738286912441
"augustus_masked-SAKL0G-processed-gene-5.128-mRNA-1",0.995538890361786
"augustus_masked-SAKL0G-processed-gene-5.129-mRNA-1",2.71394062042236
"augustus_masked-SAKL0G-processed-gene-5.130-mRNA-1",1.61913108825684
"augustus_masked-SAKL0G-processed-gene-5.110-mRNA-1",1.11793196201324
"augustus_masked-SAKL0G-processed-gene-5.131-mRNA-1",0.552094578742981
"augustus_masked-SAKL0G-processed-gene-5.132-mRNA-1",1.06227052211761
"augustus_masked-SAKL0G-processed-gene-5.111-mRNA-1",0.393409371376038
"snap_masked-SAKL0G-processed-gene-5.34-mRNA-1",0.108261249959469
"snap_masked-SAKL0G-processed-gene-5.35-mRNA-1",0.613364994525909
"maker-SAKL0G-augustus-gene-5.150-mRNA-1",0.896093845367432
"augustus_masked-SAKL0G-processed-gene-5.113-mRNA-1",0.228536993265152
"augustus_masked-SAKL0G-processed-gene-5.134-mRNA-1",0.421796053647995
"augustus_masked-SAKL0G-processed-gene-5.135-mRNA-1",0.512044370174408
"augustus_masked-SAKL0G-processed-gene-5.114-mRNA-1",1.32268679141998
"augustus_masked-SAKL0G-processed-gene-5.115-mRNA-1",0.118154615163803
"augustus_masked-SAKL0G-processed-gene-5.116-mRNA-1",0.57797783613205
"augustus_masked-SAKL0G-processed-gene-5.117-mRNA-1",0.234412848949432
"augustus_masked-SAKL0G-processed-gene-5.118-mRNA-1",0.407104909420013
"augustus_masked-SAKL0G-processed-gene-5.136-mRNA-1",0.145007580518723
"augustus_masked-SAKL0G-processed-gene-5.119-mRNA-1",0.768467962741852
"augustus_masked-SAKL0G-processed-gene-5.137-mRNA-1",0.695399641990662
"snap_masked-SAKL0G-processed-gene-5.40-mRNA-1",1.04825818538666
"genemark-SAKL0G-processed-gene-5.90-mRNA-1",1.82389521598816
"augustus_masked-SAKL0G-processed-gene-5.139-mRNA-1",1.63876521587372
"augustus_masked-SAKL0G-processed-gene-5.120-mRNA-1",1.32864058017731
"snap_masked-SAKL0G-processed-gene-5.23-mRNA-1",0.49442920088768
"snap_masked-SAKL0G-processed-gene-5.24-mRNA-1",0.365518927574158
"augustus_masked-SAKL0G-processed-gene-5.140-mRNA-1",0.0482940077781677
"augustus_masked-SAKL0G-processed-gene-5.122-mRNA-1",0.407366245985031
"augustus_masked-SAKL0G-processed-gene-5.141-mRNA-1",0.460515081882477
"augustus_masked-SAKL0G-processed-gene-5.123-mRNA-1",0.759314239025116
"augustus_masked-SAKL0G-processed-gene-5.142-mRNA-1",1.38124227523804
"augustus_masked-SAKL0G-processed-gene-5.143-mRNA-1",2.07636618614197
"augustus_masked-SAKL0G-processed-gene-5.144-mRNA-1",1.04971551895142
"snap_masked-SAKL0G-processed-gene-5.48-mRNA-1",2.07902526855469
"snap_masked-SAKL0G-processed-gene-6.83-mRNA-1",0.825441002845764
"augustus_masked-SAKL0G-processed-gene-6.12-mRNA-1",0.174191996455193
"augustus_masked-SAKL0G-processed-gene-6.13-mRNA-1",0.717745840549469
"augustus_masked-SAKL0G-processed-gene-6.14-mRNA-1",0.806439638137817
"augustus_masked-SAKL0G-processed-gene-6.15-mRNA-1",0.599956393241882
"augustus_masked-SAKL0G-processed-gene-6.30-mRNA-1",0.613646030426025
"augustus_masked-SAKL0G-processed-gene-6.16-mRNA-1",0.652621686458588
"augustus_masked-SAKL0G-processed-gene-6.31-mRNA-1",0.198727667331696
"maker-SAKL0G-augustus-gene-6.4-mRNA-1",0.61790931224823
"snap_masked-SAKL0G-processed-gene-6.89-mRNA-1",0.0122120035812259
"augustus_masked-SAKL0G-processed-gene-6.32-mRNA-1",0.345069855451584
"augustus_masked-SAKL0G-processed-gene-6.33-mRNA-1",0.387840658426285
"snap_masked-SAKL0G-processed-gene-6.90-mRNA-1",0.748861968517303
"augustus_masked-SAKL0G-processed-gene-6.19-mRNA-1",0.0729196518659592
"augustus_masked-SAKL0G-processed-gene-6.34-mRNA-1",0.317306607961655
"augustus_masked-SAKL0G-processed-gene-6.20-mRNA-1",0.612697422504425
"snap_masked-SAKL0G-processed-gene-6.94-mRNA-1",0.438918888568878
"maker-SAKL0G-snap-gene-6.3-mRNA-1",0.387311398983002
"snap_masked-SAKL0G-processed-gene-6.109-mRNA-1",0.141665205359459
"augustus_masked-SAKL0G-processed-gene-6.23-mRNA-1",0.465256333351135
"augustus_masked-SAKL0G-processed-gene-6.24-mRNA-1",0.65940535068512
"augustus_masked-SAKL0G-processed-gene-6.36-mRNA-1",1.60905015468597
"augustus_masked-SAKL0G-processed-gene-6.25-mRNA-1",1.27726197242737
"augustus_masked-SAKL0G-processed-gene-6.26-mRNA-1",0.654215157032013
"augustus_masked-SAKL0G-processed-gene-6.27-mRNA-1",0.157116040587425
"augustus_masked-SAKL0G-processed-gene-6.37-mRNA-1",0.168766647577286
"augustus_masked-SAKL0G-processed-gene-6.38-mRNA-1",0.179296880960464
"augustus_masked-SAKL0G-processed-gene-6.28-mRNA-1",0.515128493309021
"augustus_masked-SAKL0G-processed-gene-6.39-mRNA-1",0.0688859075307846
"augustus_masked-SAKL0G-processed-gene-6.40-mRNA-1",0.327964037656784
"maker-SAKL0G-augustus-gene-6.7-mRNA-1",0.267397552728653
"snap_masked-SAKL0G-processed-gene-6.103-mRNA-1",0.801758408546448
"augustus_masked-SAKL0G-processed-gene-6.43-mRNA-1",0.147802382707596
"augustus_masked-SAKL0G-processed-gene-6.44-mRNA-1",0.139251932501793
"snap_masked-SAKL0G-processed-gene-6.118-mRNA-1",0.628573596477509
"augustus_masked-SAKL0G-processed-gene-7.96-mRNA-1",1.12296175956726
"augustus_masked-SAKL0G-processed-gene-7.97-mRNA-1",2.2356104850769
"augustus_masked-SAKL0G-processed-gene-7.95-mRNA-1",0.438680946826935
"augustus_masked-SAKL0G-processed-gene-7.98-mRNA-1",0.443156749010086
"augustus_masked-SAKL0G-processed-gene-7.99-mRNA-1",0.787797510623932
"augustus_masked-SAKL0G-processed-gene-7.116-mRNA-1",0.196916043758392
"augustus_masked-SAKL0G-processed-gene-7.100-mRNA-1",0.432254880666733
"augustus_masked-SAKL0G-processed-gene-7.117-mRNA-1",0.314994484186172
"augustus_masked-SAKL0G-processed-gene-7.118-mRNA-1",0.84832227230072
"augustus_masked-SAKL0G-processed-gene-7.101-mRNA-1",0.412267655134201
"augustus_masked-SAKL0G-processed-gene-7.102-mRNA-1",0.449909120798111
"augustus_masked-SAKL0G-processed-gene-7.103-mRNA-1",1.19887983798981
"augustus_masked-SAKL0G-processed-gene-7.104-mRNA-1",0.0723389834165573
"augustus_masked-SAKL0G-processed-gene-7.105-mRNA-1",0.299552321434021
"augustus_masked-SAKL0G-processed-gene-7.119-mRNA-1",0.416517287492752
"augustus_masked-SAKL0G-processed-gene-7.106-mRNA-1",0.399839997291565
"augustus_masked-SAKL0G-processed-gene-7.120-mRNA-1",0.400309354066849
"augustus_masked-SAKL0G-processed-gene-7.107-mRNA-1",0.173227682709694
"augustus_masked-SAKL0G-processed-gene-7.108-mRNA-1",0.179797947406769
"augustus_masked-SAKL0G-processed-gene-7.121-mRNA-1",0.655651688575745
"augustus_masked-SAKL0G-processed-gene-7.109-mRNA-1",0.739139676094055
"augustus_masked-SAKL0G-processed-gene-7.122-mRNA-1",0.663874208927155
"snap_masked-SAKL0G-processed-gene-7.75-mRNA-1",0.466310322284698
"snap_masked-SAKL0G-processed-gene-7.57-mRNA-1",0.633827865123749
"augustus_masked-SAKL0G-processed-gene-7.111-mRNA-1",0.551117300987244
"maker-SAKL0G-augustus-gene-7.94-mRNA-1",0.495648056268692
"augustus_masked-SAKL0G-processed-gene-7.124-mRNA-1",0.747362613677979
"augustus_masked-SAKL0G-processed-gene-7.125-mRNA-1",0.478735268115997
"snap_masked-SAKL0G-processed-gene-7.59-mRNA-1",2.70589685440063
"snap_masked-SAKL0G-processed-gene-7.80-mRNA-1",0.572516858577728
"snap_masked-SAKL0G-processed-gene-7.60-mRNA-1",1.1119612455368
"augustus_masked-SAKL0G-processed-gene-7.126-mRNA-1",0.211495444178581
"snap_masked-SAKL0G-processed-gene-7.82-mRNA-1",0.247986078262329
"snap_masked-SAKL0G-processed-gene-7.83-mRNA-1",0.38289612531662
"snap_masked-SAKL0G-processed-gene-7.84-mRNA-1",0.514745950698853
"snap_masked-SAKL0G-processed-gene-7.85-mRNA-1",0.572740077972412
"genemark-SAKL0G-processed-gene-7.18-mRNA-1",0.194358721375465
"augustus_masked-SAKL0G-processed-gene-7.114-mRNA-1",0.343913316726685
"snap_masked-SAKL0G-processed-gene-7.64-mRNA-1",0.156473115086555
"snap_masked-SAKL0G-processed-gene-7.65-mRNA-1",0.138011142611504
"snap_masked-SAKL0G-processed-gene-7.86-mRNA-1",0.310136348009109
"genemark-SAKL0G-processed-gene-7.38-mRNA-1",0.240665555000305
"genemark-SAKL0G-processed-gene-7.39-mRNA-1",1.19599759578705
"snap_masked-SAKL0G-processed-gene-7.90-mRNA-1",0.773978710174561
"augustus_masked-SAKL0G-processed-gene-7.115-mRNA-1",0.242972448468208
"augustus_masked-SAKL0G-processed-gene-7.132-mRNA-1",0.577230453491211
"augustus_masked-SAKL0G-processed-gene-8.102-mRNA-1",0.470591694116592
"genemark-SAKL0G-processed-gene-8.50-mRNA-1",0.29350408911705
"snap_masked-SAKL0G-processed-gene-8.4-mRNA-1",0.132480084896088
"augustus_masked-SAKL0G-processed-gene-8.99-mRNA-1",0.296807706356049
"augustus_masked-SAKL0G-processed-gene-8.100-mRNA-1",0.0277490057051182
"augustus_masked-SAKL0G-processed-gene-8.104-mRNA-1",0.221222534775734
"augustus_masked-SAKL0G-processed-gene-8.101-mRNA-1",0.257739782333374
"snap_masked-SAKL0G-processed-gene-8.6-mRNA-1",0.0558139979839325
"snap_masked-SAKL0G-processed-gene-8.7-mRNA-1",0.132775768637657
"augustus_masked-SAKL0G-processed-gene-8.131-mRNA-1",0.152808636426926
"augustus_masked-SAKL0G-processed-gene-8.106-mRNA-1",1.1152331829071
"augustus_masked-SAKL0G-processed-gene-8.107-mRNA-1",2.17133331298828
"snap_masked-SAKL0G-processed-gene-8.10-mRNA-1",0.636414885520935
"augustus_masked-SAKL0G-processed-gene-8.109-mRNA-1",0.0947634503245354
"snap_masked-SAKL0G-processed-gene-8.12-mRNA-1",0.31697678565979
"snap_masked-SAKL0G-processed-gene-8.13-mRNA-1",0.891966700553894
"augustus_masked-SAKL0G-processed-gene-8.132-mRNA-1",0.295866131782532
"augustus_masked-SAKL0G-processed-gene-8.111-mRNA-1",0.147939413785934
"snap_masked-SAKL0G-processed-gene-8.37-mRNA-1",0.46080681681633
"snap_masked-SAKL0G-processed-gene-8.15-mRNA-1",0.389737397432327
"genemark-SAKL0G-processed-gene-8.65-mRNA-1",0.751436591148376
"augustus_masked-SAKL0G-processed-gene-8.134-mRNA-1",1.031289935112
"augustus_masked-SAKL0G-processed-gene-8.114-mRNA-1",1.0257648229599
"augustus_masked-SAKL0G-processed-gene-8.115-mRNA-1",0.284964442253113
"snap_masked-SAKL0G-processed-gene-8.20-mRNA-1",0.684251308441162
"snap_masked-SAKL0G-processed-gene-8.21-mRNA-1",0.123959489166737
"augustus_masked-SAKL0G-processed-gene-8.135-mRNA-1",0.816398739814758
"augustus_masked-SAKL0G-processed-gene-8.136-mRNA-1",0.244859918951988
"augustus_masked-SAKL0G-processed-gene-8.118-mRNA-1",0.122815184295177
"augustus_masked-SAKL0G-processed-gene-8.137-mRNA-1",0.282471388578415
"augustus_masked-SAKL0G-processed-gene-8.119-mRNA-1",0.364825218915939
"augustus_masked-SAKL0G-processed-gene-8.138-mRNA-1",0.60920375585556
"augustus_masked-SAKL0G-processed-gene-8.120-mRNA-1",0.5155308842659
"snap_masked-SAKL0G-processed-gene-8.43-mRNA-1",1.47690379619598
"augustus_masked-SAKL0G-processed-gene-8.140-mRNA-1",0.921970665454865
"augustus_masked-SAKL0G-processed-gene-8.121-mRNA-1",0.435163795948029
"snap_masked-SAKL0G-processed-gene-8.26-mRNA-1",0.503567457199097
"snap_masked-SAKL0G-processed-gene-8.27-mRNA-1",0.288251519203186
"augustus_masked-SAKL0G-processed-gene-8.124-mRNA-1",0.883206307888031
"snap_masked-SAKL0G-processed-gene-8.29-mRNA-1",0.136368349194527
"augustus_masked-SAKL0G-processed-gene-8.126-mRNA-1",0.549897372722626
"augustus_masked-SAKL0G-processed-gene-8.141-mRNA-1",1.21275162696838
"augustus_masked-SAKL0G-processed-gene-8.127-mRNA-1",1.09971237182617
"augustus_masked-SAKL0G-processed-gene-8.142-mRNA-1",0.237368047237396
"augustus_masked-SAKL0G-processed-gene-8.143-mRNA-1",0.975919306278229
"augustus_masked-SAKL0G-processed-gene-8.128-mRNA-1",0.469095557928085
"augustus_masked-SAKL0G-processed-gene-8.144-mRNA-1",1.02025771141052
"augustus_masked-SAKL0G-processed-gene-8.129-mRNA-1",0.610437154769897
"augustus_masked-SAKL0G-processed-gene-8.145-mRNA-1",0.0900306180119514
"snap_masked-SAKL0G-processed-gene-8.34-mRNA-1",0.358690083026886
"augustus_masked-SAKL0G-processed-gene-9.15-mRNA-1",0.458345353603363
"maker-SAKL0G-augustus-gene-9.4-mRNA-1",0.576675117015839
"augustus_masked-SAKL0G-processed-gene-9.16-mRNA-1",0.224360033869743
"augustus_masked-SAKL0G-processed-gene-9.12-mRNA-1",0.454058617353439
"augustus_masked-SAKL0G-processed-gene-9.13-mRNA-1",0.874696135520935
"augustus_masked-SAKL0G-processed-gene-9.14-mRNA-1",0.515777170658112
"augustus_masked-SAKL0G-processed-gene-9.17-mRNA-1",0.462078273296356
"augustus_masked-SAKL0G-processed-gene-9.41-mRNA-1",0.285384923219681
"snap_masked-SAKL0G-processed-gene-9.116-mRNA-1",0.29944571852684
"augustus_masked-SAKL0G-processed-gene-9.42-mRNA-1",0.256467819213867
"augustus_masked-SAKL0G-processed-gene-9.18-mRNA-1",0.414765894412994
"augustus_masked-SAKL0G-processed-gene-9.43-mRNA-1",0.732583343982697
"augustus_masked-SAKL0G-processed-gene-9.44-mRNA-1",0.768188178539276
"snap_masked-SAKL0G-processed-gene-9.118-mRNA-1",0.345052063465118
"augustus_masked-SAKL0G-processed-gene-9.20-mRNA-1",0.159750297665596
"augustus_masked-SAKL0G-processed-gene-9.21-mRNA-1",0.143812641501427
"augustus_masked-SAKL0G-processed-gene-9.22-mRNA-1",0.273033261299133
"augustus_masked-SAKL0G-processed-gene-9.23-mRNA-1",0.106910534203053
"snap_masked-SAKL0G-processed-gene-9.144-mRNA-1",0.119060009717941
"augustus_masked-SAKL0G-processed-gene-9.24-mRNA-1",0.298519611358643
"snap_masked-SAKL0G-processed-gene-9.124-mRNA-1",0.274063676595688
"augustus_masked-SAKL0G-processed-gene-9.46-mRNA-1",0.516753733158112
"augustus_masked-SAKL0G-processed-gene-9.26-mRNA-1",0.939792513847351
"augustus_masked-SAKL0G-processed-gene-9.27-mRNA-1",0.544947028160095
"augustus_masked-SAKL0G-processed-gene-9.28-mRNA-1",0.285137861967087
"augustus_masked-SAKL0G-processed-gene-9.29-mRNA-1",0.180065676569939
"augustus_masked-SAKL0G-processed-gene-9.47-mRNA-1",0.161921933293343
"augustus_masked-SAKL0G-processed-gene-9.48-mRNA-1",0.861609578132629
"augustus_masked-SAKL0G-processed-gene-9.30-mRNA-1",0.686667799949646
"augustus_masked-SAKL0G-processed-gene-9.49-mRNA-1",0.376946896314621
"augustus_masked-SAKL0G-processed-gene-9.31-mRNA-1",1.16223704814911
"augustus_masked-SAKL0G-processed-gene-9.32-mRNA-1",0.976643145084381
"augustus_masked-SAKL0G-processed-gene-9.50-mRNA-1",0.623615145683289
"augustus_masked-SAKL0G-processed-gene-9.33-mRNA-1",1.17945790290833
"augustus_masked-SAKL0G-processed-gene-9.34-mRNA-1",0.192110255360603
"augustus_masked-SAKL0G-processed-gene-9.51-mRNA-1",0.215805485844612
"augustus_masked-SAKL0G-processed-gene-9.52-mRNA-1",0.0935455709695816
"snap_masked-SAKL0G-processed-gene-9.134-mRNA-1",0.185070022940636
"augustus_masked-SAKL0G-processed-gene-9.35-mRNA-1",1.44463980197906
"snap_masked-SAKL0G-processed-gene-9.152-mRNA-1",0.555409073829651
"augustus_masked-SAKL0G-processed-gene-9.53-mRNA-1",1.1207982301712
"augustus_masked-SAKL0G-processed-gene-9.54-mRNA-1",1.3647962808609
"augustus_masked-SAKL0G-processed-gene-9.36-mRNA-1",0.437219679355621
"augustus_masked-SAKL0G-processed-gene-9.55-mRNA-1",0.29948154091835
"augustus_masked-SAKL0G-processed-gene-9.56-mRNA-1",1.23738491535187
"augustus_masked-SAKL0G-processed-gene-9.37-mRNA-1",2.13865494728088
"snap_masked-SAKL0G-processed-gene-9.157-mRNA-1",0.154006227850914
"maker-SAKL0G-augustus-gene-9.6-mRNA-1",0.595723569393158
"augustus_masked-SAKL0G-processed-gene-9.57-mRNA-1",0.927694380283356
"augustus_masked-SAKL0G-processed-gene-9.39-mRNA-1",0.930223286151886
"augustus_masked-SAKL0G-processed-gene-9.40-mRNA-1",0.482010692358017
"augustus_masked-SAKL0G-processed-gene-10.94-mRNA-1",0.473491370677948
"augustus_masked-SAKL0G-processed-gene-10.95-mRNA-1",0.360359191894531
"augustus_masked-SAKL0G-processed-gene-10.92-mRNA-1",0.529391705989838
"augustus_masked-SAKL0G-processed-gene-10.96-mRNA-1",0.346466422080994
"augustus_masked-SAKL0G-processed-gene-10.93-mRNA-1",0.103832133114338
"genemark-SAKL0G-processed-gene-10.53-mRNA-1",0.608960628509521
"augustus_masked-SAKL0G-processed-gene-10.98-mRNA-1",0.375463753938675
"augustus_masked-SAKL0G-processed-gene-10.99-mRNA-1",0.222219899296761
"augustus_masked-SAKL0G-processed-gene-10.118-mRNA-1",0.681851983070374
"augustus_masked-SAKL0G-processed-gene-10.100-mRNA-1",0.965471208095551
"augustus_masked-SAKL0G-processed-gene-10.119-mRNA-1",0.924523293972015
"augustus_masked-SAKL0G-processed-gene-10.120-mRNA-1",0.30925241112709
"augustus_masked-SAKL0G-processed-gene-10.121-mRNA-1",0.749673962593079
"snap_masked-SAKL0G-processed-gene-10.9-mRNA-1",0.93581086397171
"snap_masked-SAKL0G-processed-gene-10.10-mRNA-1",0.552343130111694
"augustus_masked-SAKL0G-processed-gene-10.122-mRNA-1",1.32197904586792
"snap_masked-SAKL0G-processed-gene-10.11-mRNA-1",0.106669187545776
"maker-SAKL0G-snap-gene-10.139-mRNA-1",1.32264947891235
"augustus_masked-SAKL0G-processed-gene-10.123-mRNA-1",1.11592328548431
"augustus_masked-SAKL0G-processed-gene-10.104-mRNA-1",1.44182991981506
"augustus_masked-SAKL0G-processed-gene-10.124-mRNA-1",1.4749743938446
"augustus_masked-SAKL0G-processed-gene-10.105-mRNA-1",0.591793596744537
"augustus_masked-SAKL0G-processed-gene-10.106-mRNA-1",0.256631851196289
"augustus_masked-SAKL0G-processed-gene-10.125-mRNA-1",0.141226679086685
"augustus_masked-SAKL0G-processed-gene-10.126-mRNA-1",1.44489502906799
"augustus_masked-SAKL0G-processed-gene-10.107-mRNA-1",1.14256060123444
"snap_masked-SAKL0G-processed-gene-10.17-mRNA-1",0.42416113615036
"maker-SAKL0G-snap-gene-10.140-mRNA-1",0.35799714922905
"augustus_masked-SAKL0G-processed-gene-10.110-mRNA-1",0.406467497348785
"snap_masked-SAKL0G-processed-gene-10.21-mRNA-1",0.077365517616272
"snap_masked-SAKL0G-processed-gene-10.22-mRNA-1",0.69489449262619
"snap_masked-SAKL0G-processed-gene-10.37-mRNA-1",0.7046058177948
"augustus_masked-SAKL0G-processed-gene-10.113-mRNA-1",0.312188595533371
"augustus_masked-SAKL0G-processed-gene-10.128-mRNA-1",0.189057841897011
"snap_masked-SAKL0G-processed-gene-10.39-mRNA-1",0.260157763957977
"snap_masked-SAKL0G-processed-gene-10.40-mRNA-1",0.18379208445549
"augustus_masked-SAKL0G-processed-gene-10.114-mRNA-1",0.386167347431183
"augustus_masked-SAKL0G-processed-gene-10.130-mRNA-1",0.400607287883759
"augustus_masked-SAKL0G-processed-gene-10.131-mRNA-1",0.417378902435303
"maker-SAKL0G-augustus-gene-10.138-mRNA-1",0.113843195140362
"snap_masked-SAKL0G-processed-gene-10.44-mRNA-1",0.0738035216927528
"augustus_masked-SAKL0G-processed-gene-10.115-mRNA-1",0.0536730922758579
"augustus_masked-SAKL0G-processed-gene-10.134-mRNA-1",0.543037056922913
"augustus_masked-SAKL0G-processed-gene-10.135-mRNA-1",1.23446881771088
"augustus_masked-SAKL0G-processed-gene-10.116-mRNA-1",0.315320461988449
"augustus_masked-SAKL0G-processed-gene-10.136-mRNA-1",0.192483603954315
"augustus_masked-SAKL0G-processed-gene-10.117-mRNA-1",0.295566409826279
"augustus_masked-SAKL0G-processed-gene-11.9-mRNA-1",0.148118749260902
"snap_masked-SAKL0G-processed-gene-11.93-mRNA-1",0.230474472045898
"augustus_masked-SAKL0G-processed-gene-11.10-mRNA-1",0.175865441560745
"snap_masked-SAKL0G-processed-gene-11.94-mRNA-1",0.233206763863564
"augustus_masked-SAKL0G-processed-gene-11.8-mRNA-1",0.608764111995697
"snap_masked-SAKL0G-processed-gene-11.98-mRNA-1",0.155539408326149
"augustus_masked-SAKL0G-processed-gene-11.12-mRNA-1",0.0731624066829681
"augustus_masked-SAKL0G-processed-gene-11.27-mRNA-1",0.496684581041336
"augustus_masked-SAKL0G-processed-gene-11.28-mRNA-1",0.324241727590561
"augustus_masked-SAKL0G-processed-gene-11.13-mRNA-1",0.204638734459877
"augustus_masked-SAKL0G-processed-gene-11.29-mRNA-1",1.34448671340942
"augustus_masked-SAKL0G-processed-gene-11.30-mRNA-1",0.849623143672943
"augustus_masked-SAKL0G-processed-gene-11.14-mRNA-1",0.566574692726135
"genemark-SAKL0G-processed-gene-11.74-mRNA-1",0.953548550605774
"augustus_masked-SAKL0G-processed-gene-11.15-mRNA-1",0.7679403424263
"augustus_masked-SAKL0G-processed-gene-11.31-mRNA-1",0.152760878205299
"augustus_masked-SAKL0G-processed-gene-11.16-mRNA-1",0.203335404396057
"augustus_masked-SAKL0G-processed-gene-11.32-mRNA-1",0.194637894630432
"augustus_masked-SAKL0G-processed-gene-11.17-mRNA-1",0.170847624540329
"augustus_masked-SAKL0G-processed-gene-11.18-mRNA-1",1.26402497291565
"augustus_masked-SAKL0G-processed-gene-11.33-mRNA-1",0.0293054413050413
"augustus_masked-SAKL0G-processed-gene-11.19-mRNA-1",0.357786566019058
"augustus_masked-SAKL0G-processed-gene-11.34-mRNA-1",0.603349626064301
"augustus_masked-SAKL0G-processed-gene-11.35-mRNA-1",0.797889590263367
"snap_masked-SAKL0G-processed-gene-11.126-mRNA-1",0.913529396057129
"genemark-SAKL0G-processed-gene-11.81-mRNA-1",0.253215819597244
"augustus_masked-SAKL0G-processed-gene-11.37-mRNA-1",0.18140934407711
"augustus_masked-SAKL0G-processed-gene-11.38-mRNA-1",0.354656368494034
"augustus_masked-SAKL0G-processed-gene-11.39-mRNA-1",1.05721950531006
"augustus_masked-SAKL0G-processed-gene-11.20-mRNA-1",0.93216460943222
"maker-SAKL0G-snap-gene-11.3-mRNA-1",1.79462957382202
"augustus_masked-SAKL0G-processed-gene-11.40-mRNA-1",1.04369854927063
"snap_masked-SAKL0G-processed-gene-11.108-mRNA-1",0.776577115058899
"augustus_masked-SAKL0G-processed-gene-11.41-mRNA-1",0.14887997508049
"augustus_masked-SAKL0G-processed-gene-11.21-mRNA-1",0.373160660266876
"augustus_masked-SAKL0G-processed-gene-11.22-mRNA-1",0.124864660203457
"maker-SAKL0G-augustus-gene-11.6-mRNA-1",0.311971217393875
"augustus_masked-SAKL0G-processed-gene-11.23-mRNA-1",0.0994813367724419
"snap_masked-SAKL0G-processed-gene-11.135-mRNA-1",1.04585707187653
"snap_masked-SAKL0G-processed-gene-11.112-mRNA-1",0.417401373386383
"snap_masked-SAKL0G-processed-gene-11.113-mRNA-1",1.00170314311981
"augustus_masked-SAKL0G-processed-gene-11.44-mRNA-1",0.29758033156395
"snap_masked-SAKL0G-processed-gene-11.114-mRNA-1",1.15407907962799
"augustus_masked-SAKL0G-processed-gene-11.45-mRNA-1",0.135212302207947
"snap_masked-SAKL0G-processed-gene-11.138-mRNA-1",0.444353967905045
"augustus_masked-SAKL0G-processed-gene-11.47-mRNA-1",0.570694088935852
"augustus_masked-SAKL0G-processed-gene-11.25-mRNA-1",0.390290319919586
"snap_masked-SAKL0G-processed-gene-11.140-mRNA-1",1.37035012245178
"snap_masked-SAKL0G-processed-gene-11.116-mRNA-1",0.812506914138794
"augustus_masked-SAKL0G-processed-gene-12.98-mRNA-1",0.302328407764435
"augustus_masked-SAKL0G-processed-gene-12.99-mRNA-1",0.328461050987244
"augustus_masked-SAKL0G-processed-gene-12.100-mRNA-1",0.495650678873062
"augustus_masked-SAKL0G-processed-gene-12.101-mRNA-1",0.182972624897957
"augustus_masked-SAKL0G-processed-gene-12.102-mRNA-1",0.583794713020325
"augustus_masked-SAKL0G-processed-gene-12.103-mRNA-1",0.24885194003582
"augustus_masked-SAKL0G-processed-gene-12.104-mRNA-1",0.728001654148102
"augustus_masked-SAKL0G-processed-gene-12.105-mRNA-1",0.0577464587986469
"augustus_masked-SAKL0G-processed-gene-12.124-mRNA-1",1.47116160392761
"snap_masked-SAKL0G-processed-gene-12.8-mRNA-1",0.0887097865343094
"augustus_masked-SAKL0G-processed-gene-12.106-mRNA-1",0.511433720588684
"augustus_masked-SAKL0G-processed-gene-12.125-mRNA-1",0.498359620571136
"augustus_masked-SAKL0G-processed-gene-12.126-mRNA-1",0.654596090316772
"augustus_masked-SAKL0G-processed-gene-12.127-mRNA-1",1.46518170833588
"snap_masked-SAKL0G-processed-gene-12.32-mRNA-1",1.29067051410675
"augustus_masked-SAKL0G-processed-gene-12.107-mRNA-1",0.267359972000122
"augustus_masked-SAKL0G-processed-gene-12.108-mRNA-1",0.125708743929863
"augustus_masked-SAKL0G-processed-gene-12.129-mRNA-1",0.285377711057663
"augustus_masked-SAKL0G-processed-gene-12.109-mRNA-1",0.475749164819717
"augustus_masked-SAKL0G-processed-gene-12.130-mRNA-1",0.175369903445244
"maker-SAKL0G-augustus-gene-12.148-mRNA-1",0.603950142860413
"augustus_masked-SAKL0G-processed-gene-12.131-mRNA-1",0.116629920899868
"augustus_masked-SAKL0G-processed-gene-12.111-mRNA-1",0.107786133885384
"augustus_masked-SAKL0G-processed-gene-12.132-mRNA-1",0.176945999264717
"augustus_masked-SAKL0G-processed-gene-12.133-mRNA-1",0.707203567028046
"augustus_masked-SAKL0G-processed-gene-12.112-mRNA-1",0.880227565765381
"augustus_masked-SAKL0G-processed-gene-12.113-mRNA-1",1.15458703041077
"augustus_masked-SAKL0G-processed-gene-12.134-mRNA-1",0.809672296047211
"augustus_masked-SAKL0G-processed-gene-12.114-mRNA-1",0.372098326683044
"augustus_masked-SAKL0G-processed-gene-12.135-mRNA-1",0.587382018566132
"augustus_masked-SAKL0G-processed-gene-12.115-mRNA-1",0.928145587444305
"augustus_masked-SAKL0G-processed-gene-12.136-mRNA-1",0.734933793544769
"augustus_masked-SAKL0G-processed-gene-12.116-mRNA-1",0.11622292548418
"augustus_masked-SAKL0G-processed-gene-12.137-mRNA-1",1.07642221450806
"augustus_masked-SAKL0G-processed-gene-12.138-mRNA-1",0.71550577878952
"augustus_masked-SAKL0G-processed-gene-12.117-mRNA-1",0.511229991912842
"augustus_masked-SAKL0G-processed-gene-12.139-mRNA-1",0.785528540611267
"augustus_masked-SAKL0G-processed-gene-12.118-mRNA-1",0.604579508304596
"augustus_masked-SAKL0G-processed-gene-12.140-mRNA-1",0.597389578819275
"augustus_masked-SAKL0G-processed-gene-12.141-mRNA-1",0.294381439685822
"augustus_masked-SAKL0G-processed-gene-12.119-mRNA-1",0.397351861000061
"augustus_masked-SAKL0G-processed-gene-12.142-mRNA-1",0.43693745136261
"augustus_masked-SAKL0G-processed-gene-12.120-mRNA-1",1.20059883594513
"augustus_masked-SAKL0G-processed-gene-12.143-mRNA-1",0.845979869365692
"augustus_masked-SAKL0G-processed-gene-12.121-mRNA-1",1.26450669765472
"augustus_masked-SAKL0G-processed-gene-12.144-mRNA-1",0.550336241722107
"augustus_masked-SAKL0G-processed-gene-12.122-mRNA-1",0.282357782125473
"augustus_masked-SAKL0G-processed-gene-12.123-mRNA-1",0.0599626749753952
"augustus_masked-SAKL0G-processed-gene-13.98-mRNA-1",0.557321906089783
"maker-SAKL0G-augustus-gene-13.91-mRNA-1",0.349545359611511
"augustus_masked-SAKL0G-processed-gene-13.96-mRNA-1",0.426897287368774
"augustus_masked-SAKL0G-processed-gene-13.99-mRNA-1",0.0677168741822243
"augustus_masked-SAKL0G-processed-gene-13.97-mRNA-1",0.177918940782547
"augustus_masked-SAKL0G-processed-gene-13.121-mRNA-1",0.171868830919266
"augustus_masked-SAKL0G-processed-gene-13.100-mRNA-1",0.443622946739197
"augustus_masked-SAKL0G-processed-gene-13.122-mRNA-1",0.45976921916008
"augustus_masked-SAKL0G-processed-gene-13.123-mRNA-1",0.48442667722702
"augustus_masked-SAKL0G-processed-gene-13.124-mRNA-1",2.46506595611572
"augustus_masked-SAKL0G-processed-gene-13.101-mRNA-1",1.44464123249054
"snap_masked-SAKL0G-processed-gene-13.74-mRNA-1",0.986342906951904
"snap_masked-SAKL0G-processed-gene-13.51-mRNA-1",1.06828320026398
"augustus_masked-SAKL0G-processed-gene-13.126-mRNA-1",0.713052570819855
"maker-SAKL0G-snap-gene-13.94-mRNA-1",0.429985016584396
"augustus_masked-SAKL0G-processed-gene-13.104-mRNA-1",0.158542230725288
"augustus_masked-SAKL0G-processed-gene-13.127-mRNA-1",0.676393926143646
"augustus_masked-SAKL0G-processed-gene-13.105-mRNA-1",0.532039880752563
"augustus_masked-SAKL0G-processed-gene-13.128-mRNA-1",0.297441691160202
"augustus_masked-SAKL0G-processed-gene-13.106-mRNA-1",0.834948539733887
"augustus_masked-SAKL0G-processed-gene-13.129-mRNA-1",0.19849805533886
"augustus_masked-SAKL0G-processed-gene-13.107-mRNA-1",0.722117125988007
"augustus_masked-SAKL0G-processed-gene-13.130-mRNA-1",0.512514710426331
"snap_masked-SAKL0G-processed-gene-13.80-mRNA-1",0.544524967670441
"augustus_masked-SAKL0G-processed-gene-13.108-mRNA-1",0.431658953428268
"augustus_masked-SAKL0G-processed-gene-13.109-mRNA-1",0.353070229291916
"augustus_masked-SAKL0G-processed-gene-13.132-mRNA-1",0.231637567281723
"snap_masked-SAKL0G-processed-gene-13.82-mRNA-1",1.2626177072525
"augustus_masked-SAKL0G-processed-gene-13.110-mRNA-1",1.132652759552
"augustus_masked-SAKL0G-processed-gene-13.134-mRNA-1",1.45540976524353
"augustus_masked-SAKL0G-processed-gene-13.111-mRNA-1",0.737465143203735
"snap_masked-SAKL0G-processed-gene-13.61-mRNA-1",0.365527659654617
"snap_masked-SAKL0G-processed-gene-13.84-mRNA-1",0.216183707118034
"augustus_masked-SAKL0G-processed-gene-13.113-mRNA-1",0.647754192352295
"augustus_masked-SAKL0G-processed-gene-13.114-mRNA-1",1.22161138057709
"augustus_masked-SAKL0G-processed-gene-13.136-mRNA-1",0.632136225700378
"augustus_masked-SAKL0G-processed-gene-13.115-mRNA-1",0.998119413852692
"snap_masked-SAKL0G-processed-gene-13.65-mRNA-1",0.283080011606216
"augustus_masked-SAKL0G-processed-gene-13.137-mRNA-1",0.746956348419189
"augustus_masked-SAKL0G-processed-gene-13.117-mRNA-1",0.48154279589653
"snap_masked-SAKL0G-processed-gene-13.87-mRNA-1",0.166624948382378
"augustus_masked-SAKL0G-processed-gene-13.118-mRNA-1",0.439832389354706
"augustus_masked-SAKL0G-processed-gene-13.119-mRNA-1",1.56190884113312
"augustus_masked-SAKL0G-processed-gene-13.139-mRNA-1",0.531038284301758
"augustus_masked-SAKL0G-processed-gene-13.120-mRNA-1",0.342817515134811
"augustus_masked-SAKL0G-processed-gene-14.81-mRNA-1",0.421753972768784
"augustus_masked-SAKL0G-processed-gene-14.82-mRNA-1",0.153077319264412
"augustus_masked-SAKL0G-processed-gene-14.83-mRNA-1",0.483993023633957
"augustus_masked-SAKL0G-processed-gene-14.84-mRNA-1",0.465869665145874
"augustus_masked-SAKL0G-processed-gene-14.85-mRNA-1",0.357104241847992
"augustus_masked-SAKL0G-processed-gene-14.86-mRNA-1",0.863199055194855
"snap_masked-SAKL0G-processed-gene-14.6-mRNA-1",0.869172751903534
"augustus_masked-SAKL0G-processed-gene-14.109-mRNA-1",0.705199718475342
"augustus_masked-SAKL0G-processed-gene-14.88-mRNA-1",0.61488139629364
"augustus_masked-SAKL0G-processed-gene-14.89-mRNA-1",0.147511690855026
"augustus_masked-SAKL0G-processed-gene-14.110-mRNA-1",0.532777845859528
"augustus_masked-SAKL0G-processed-gene-14.111-mRNA-1",0.400706171989441
"augustus_masked-SAKL0G-processed-gene-14.90-mRNA-1",0.432207942008972
"snap_masked-SAKL0G-processed-gene-14.10-mRNA-1",1.49303555488586
"snap_masked-SAKL0G-processed-gene-14.11-mRNA-1",0.189928665757179
"augustus_masked-SAKL0G-processed-gene-14.92-mRNA-1",1.4845883846283
"augustus_masked-SAKL0G-processed-gene-14.112-mRNA-1",0.120182819664478
"augustus_masked-SAKL0G-processed-gene-14.93-mRNA-1",0.489477157592773
"augustus_masked-SAKL0G-processed-gene-14.113-mRNA-1",0.552626371383667
"augustus_masked-SAKL0G-processed-gene-14.94-mRNA-1",1.12054288387299
"augustus_masked-SAKL0G-processed-gene-14.95-mRNA-1",0.278754264116287
"augustus_masked-SAKL0G-processed-gene-14.96-mRNA-1",1.04708957672119
"augustus_masked-SAKL0G-processed-gene-14.97-mRNA-1",0.171213358640671
"maker-SAKL0G-augustus-gene-14.126-mRNA-1",0.139059692621231
"augustus_masked-SAKL0G-processed-gene-14.114-mRNA-1",0.552952587604523
"augustus_masked-SAKL0G-processed-gene-14.99-mRNA-1",0.220404535531998
"augustus_masked-SAKL0G-processed-gene-14.115-mRNA-1",0.382190376520157
"snap_masked-SAKL0G-processed-gene-14.20-mRNA-1",0.171143144369125
"augustus_masked-SAKL0G-processed-gene-14.100-mRNA-1",1.24137890338898
"augustus_masked-SAKL0G-processed-gene-14.101-mRNA-1",0.922081589698792
"snap_masked-SAKL0G-processed-gene-14.23-mRNA-1",0.384864985942841
"augustus_masked-SAKL0G-processed-gene-14.116-mRNA-1",0.237781181931496
"genemark-SAKL0G-processed-gene-14.63-mRNA-1",0.260021895170212
"genemark-SAKL0G-processed-gene-14.64-mRNA-1",0.133470728993416
"augustus_masked-SAKL0G-processed-gene-14.117-mRNA-1",0.316630691289902
"augustus_masked-SAKL0G-processed-gene-14.105-mRNA-1",0.30392661690712
"maker-SAKL0G-augustus-gene-14.129-mRNA-1",0.414308905601501
"augustus_masked-SAKL0G-processed-gene-14.118-mRNA-1",0.0967494323849678
"augustus_masked-SAKL0G-processed-gene-14.107-mRNA-1",0.385883003473282
"augustus_masked-SAKL0G-processed-gene-14.119-mRNA-1",0.311535030603409
"augustus_masked-SAKL0G-processed-gene-14.120-mRNA-1",1.00261163711548
"augustus_masked-SAKL0G-processed-gene-14.108-mRNA-1",1.08347129821777
"augustus_masked-SAKL0G-processed-gene-15.2-mRNA-1",1.93004179000854
"snap_masked-SAKL0G-processed-gene-15.58-mRNA-1",1.44187557697296
"augustus_masked-SAKL0G-processed-gene-15.0-mRNA-1",0.33838951587677
"augustus_masked-SAKL0G-processed-gene-15.4-mRNA-1",0.432472258806229
"augustus_masked-SAKL0G-processed-gene-15.1-mRNA-1",0.726319849491119
"augustus_masked-SAKL0G-processed-gene-15.5-mRNA-1",0.457402795553207
"augustus_masked-SAKL0G-processed-gene-15.6-mRNA-1",0.179460257291794
"snap_masked-SAKL0G-processed-gene-15.82-mRNA-1",0.157481372356415
"augustus_masked-SAKL0G-processed-gene-15.7-mRNA-1",0.117826946079731
"augustus_masked-SAKL0G-processed-gene-15.28-mRNA-1",1.20734012126923
"augustus_masked-SAKL0G-processed-gene-15.8-mRNA-1",0.430286914110184
"maker-SAKL0G-snap-gene-15.52-mRNA-1",0.401392608880997
"genemark-SAKL0G-processed-gene-15.115-mRNA-1",0.710784256458282
"snap_masked-SAKL0G-processed-gene-15.64-mRNA-1",0.80065780878067
"snap_masked-SAKL0G-processed-gene-15.65-mRNA-1",0.2669577896595
"snap_masked-SAKL0G-processed-gene-15.66-mRNA-1",0.478090524673462
"snap_masked-SAKL0G-processed-gene-15.85-mRNA-1",0.125271305441856
"augustus_masked-SAKL0G-processed-gene-15.31-mRNA-1",0.153427183628082
"snap_masked-SAKL0G-processed-gene-15.87-mRNA-1",0.407304108142853
"snap_masked-SAKL0G-processed-gene-15.88-mRNA-1",0.339904189109802
"augustus_masked-SAKL0G-processed-gene-15.34-mRNA-1",0.829305410385132
"snap_masked-SAKL0G-processed-gene-15.67-mRNA-1",0.762998461723328
"snap_masked-SAKL0G-processed-gene-15.90-mRNA-1",0.359242081642151
"snap_masked-SAKL0G-processed-gene-15.91-mRNA-1",0.303782343864441
"augustus_masked-SAKL0G-processed-gene-15.13-mRNA-1",0.333266139030457
"augustus_masked-SAKL0G-processed-gene-15.36-mRNA-1",0.962158858776093
"augustus_masked-SAKL0G-processed-gene-15.14-mRNA-1",1.19602489471436
"augustus_masked-SAKL0G-processed-gene-15.15-mRNA-1",0.23632150888443
"augustus_masked-SAKL0G-processed-gene-15.16-mRNA-1",1.0388320684433
"augustus_masked-SAKL0G-processed-gene-15.17-mRNA-1",0.420135259628296
"augustus_masked-SAKL0G-processed-gene-15.18-mRNA-1",0.257521450519562
"augustus_masked-SAKL0G-processed-gene-15.19-mRNA-1",0.172368168830872
"maker-SAKL0G-augustus-gene-15.50-mRNA-1",0.25167515873909
"augustus_masked-SAKL0G-processed-gene-15.38-mRNA-1",1.17701840400696
"augustus_masked-SAKL0G-processed-gene-15.39-mRNA-1",0.503451764583588
"augustus_masked-SAKL0G-processed-gene-15.40-mRNA-1",0.429174900054932
"snap_masked-SAKL0G-processed-gene-15.97-mRNA-1",0.621414005756378
"genemark-SAKL0G-processed-gene-15.151-mRNA-1",0.394617170095444
"snap_masked-SAKL0G-processed-gene-15.99-mRNA-1",1.10336649417877
"snap_masked-SAKL0G-processed-gene-15.100-mRNA-1",1.68167364597321
"augustus_masked-SAKL0G-processed-gene-15.42-mRNA-1",0.732407569885254
"augustus_masked-SAKL0G-processed-gene-15.43-mRNA-1",1.90389943122864
"augustus_masked-SAKL0G-processed-gene-15.20-mRNA-1",0.724615275859833
"augustus_masked-SAKL0G-processed-gene-15.44-mRNA-1",1.41478192806244
"augustus_masked-SAKL0G-processed-gene-15.21-mRNA-1",0.437627255916595
"augustus_masked-SAKL0G-processed-gene-15.45-mRNA-1",0.341384500265121
"augustus_masked-SAKL0G-processed-gene-15.22-mRNA-1",0.621490836143494
"augustus_masked-SAKL0G-processed-gene-15.46-mRNA-1",0.607126533985138
"augustus_masked-SAKL0G-processed-gene-15.23-mRNA-1",0.734034657478333
"snap_masked-SAKL0G-processed-gene-15.78-mRNA-1",0.413564085960388
"snap_masked-SAKL0G-processed-gene-15.79-mRNA-1",0.309345543384552
"augustus_masked-SAKL0G-processed-gene-15.25-mRNA-1",0.439512342214584
"augustus_masked-SAKL0G-processed-gene-15.26-mRNA-1",0.35861936211586
"augustus_masked-SAKL0G-processed-gene-16.135-mRNA-1",0.125830784440041
"augustus_masked-SAKL0G-processed-gene-16.132-mRNA-1",0.494281619787216
"augustus_masked-SAKL0G-processed-gene-16.136-mRNA-1",0.378992080688477
"augustus_masked-SAKL0G-processed-gene-16.133-mRNA-1",0.37171259522438
"snap_masked-SAKL0G-processed-gene-16.5-mRNA-1",0.393591672182083
"augustus_masked-SAKL0G-processed-gene-16.134-mRNA-1",0.369183093309402
"augustus_masked-SAKL0G-processed-gene-16.138-mRNA-1",0.14209720492363
"snap_masked-SAKL0G-processed-gene-16.35-mRNA-1",0.34323513507843
"snap_masked-SAKL0G-processed-gene-16.36-mRNA-1",1.97849130630493
"augustus_masked-SAKL0G-processed-gene-16.139-mRNA-1",0.434493005275726
"augustus_masked-SAKL0G-processed-gene-16.140-mRNA-1",0.190977364778519
"augustus_masked-SAKL0G-processed-gene-16.166-mRNA-1",0.262733221054077
"augustus_masked-SAKL0G-processed-gene-16.141-mRNA-1",0.478299379348755
"augustus_masked-SAKL0G-processed-gene-16.167-mRNA-1",0.159236997365952
"augustus_masked-SAKL0G-processed-gene-16.142-mRNA-1",0.21465040743351
"augustus_masked-SAKL0G-processed-gene-16.168-mRNA-1",0.722345232963562
"augustus_masked-SAKL0G-processed-gene-16.169-mRNA-1",1.10952270030975
"augustus_masked-SAKL0G-processed-gene-16.170-mRNA-1",1.73074805736542
"augustus_masked-SAKL0G-processed-gene-16.143-mRNA-1",0.388427466154099
"augustus_masked-SAKL0G-processed-gene-16.144-mRNA-1",0.0227806940674782
"augustus_masked-SAKL0G-processed-gene-16.171-mRNA-1",0.158776104450226
"augustus_masked-SAKL0G-processed-gene-16.172-mRNA-1",0.339630156755447
"maker-SAKL0G-augustus-gene-16.197-mRNA-1",1.03229546546936
"snap_masked-SAKL0G-processed-gene-16.12-mRNA-1",0.296724081039429
"snap_masked-SAKL0G-processed-gene-16.13-mRNA-1",0.0359686091542244
"augustus_masked-SAKL0G-processed-gene-16.174-mRNA-1",0.252788573503494
"augustus_masked-SAKL0G-processed-gene-16.146-mRNA-1",0.777227163314819
"augustus_masked-SAKL0G-processed-gene-16.147-mRNA-1",0.544174909591675
"augustus_masked-SAKL0G-processed-gene-16.175-mRNA-1",1.35719919204712
"augustus_masked-SAKL0G-processed-gene-16.176-mRNA-1",1.90093410015106
"augustus_masked-SAKL0G-processed-gene-16.177-mRNA-1",0.674715876579285
"augustus_masked-SAKL0G-processed-gene-16.148-mRNA-1",0.185280859470367
"augustus_masked-SAKL0G-processed-gene-16.178-mRNA-1",0.104451224207878
"snap_masked-SAKL0G-processed-gene-16.51-mRNA-1",0.390750557184219
"snap_masked-SAKL0G-processed-gene-16.52-mRNA-1",0.925655961036682
"augustus_masked-SAKL0G-processed-gene-16.149-mRNA-1",0.499050229787827
"augustus_masked-SAKL0G-processed-gene-16.180-mRNA-1",0.273470729589462
"augustus_masked-SAKL0G-processed-gene-16.150-mRNA-1",0.257231324911118
"augustus_masked-SAKL0G-processed-gene-16.181-mRNA-1",0.686937570571899
"augustus_masked-SAKL0G-processed-gene-16.151-mRNA-1",1.71424555778503
"augustus_masked-SAKL0G-processed-gene-16.152-mRNA-1",0.349883198738098
"augustus_masked-SAKL0G-processed-gene-16.182-mRNA-1",0.899856507778168
"augustus_masked-SAKL0G-processed-gene-16.153-mRNA-1",0.200068444013596
"snap_masked-SAKL0G-processed-gene-16.56-mRNA-1",0.411011099815369
"augustus_masked-SAKL0G-processed-gene-16.154-mRNA-1",0.269534140825272
"augustus_masked-SAKL0G-processed-gene-16.155-mRNA-1",0.464903622865677
"augustus_masked-SAKL0G-processed-gene-16.184-mRNA-1",0.741769552230835
"augustus_masked-SAKL0G-processed-gene-16.156-mRNA-1",0.282815515995026
"augustus_masked-SAKL0G-processed-gene-16.157-mRNA-1",0.8482626080513
"augustus_masked-SAKL0G-processed-gene-16.185-mRNA-1",0.0836889520287514
"augustus_masked-SAKL0G-processed-gene-16.186-mRNA-1",0.374392747879028
"augustus_masked-SAKL0G-processed-gene-16.158-mRNA-1",0.245554745197296
"augustus_masked-SAKL0G-processed-gene-16.159-mRNA-1",0.182376638054848
"augustus_masked-SAKL0G-processed-gene-16.187-mRNA-1",0.234645888209343
"augustus_masked-SAKL0G-processed-gene-16.160-mRNA-1",0.023476691916585
"augustus_masked-SAKL0G-processed-gene-16.188-mRNA-1",0.553064286708832
"augustus_masked-SAKL0G-processed-gene-16.189-mRNA-1",0.351019769906998
"snap_masked-SAKL0G-processed-gene-16.63-mRNA-1",0.446657598018646
"augustus_masked-SAKL0G-processed-gene-16.161-mRNA-1",0.250785738229752
"snap_masked-SAKL0G-processed-gene-16.30-mRNA-1",1.01459646224976
"augustus_masked-SAKL0G-processed-gene-16.162-mRNA-1",0.203039318323135
"augustus_masked-SAKL0G-processed-gene-16.191-mRNA-1",0.822450697422028
"augustus_masked-SAKL0G-processed-gene-16.192-mRNA-1",0.314459174871445
"augustus_masked-SAKL0G-processed-gene-16.163-mRNA-1",1.02386808395386
"augustus_masked-SAKL0G-processed-gene-16.193-mRNA-1",0.0619160123169422
"maker-SAKL0G-augustus-gene-16.195-mRNA-1",0.648158133029938
"genemark-SAKL0H-processed-gene-0.40-mRNA-1",3.3299777507782
"snap_masked-SAKL0H-processed-gene-0.0-mRNA-1",3.53759098052979
"snap_masked-SAKL0H-processed-gene-0.1-mRNA-1",2.85013914108276
"maker-SAKL0H-snap-gene-0.79-mRNA-1",2.67326498031616
"snap_masked-SAKL0H-processed-gene-0.14-mRNA-1",2.6896595954895
"genemark-SAKL0H-processed-gene-0.42-mRNA-1",0.288747370243073
"augustus_masked-SAKL0H-processed-gene-0.54-mRNA-1",1.1026736497879
"maker-SAKL0H-augustus-gene-0.84-mRNA-1",1.76685321331024
"augustus_masked-SAKL0H-processed-gene-0.66-mRNA-1",1.68830442428589
"snap_masked-SAKL0H-processed-gene-0.3-mRNA-1",0.280665963888168
"snap_masked-SAKL0H-processed-gene-0.18-mRNA-1",0.831089854240417
"augustus_masked-SAKL0H-processed-gene-0.67-mRNA-1",1.22022676467896
"augustus_masked-SAKL0H-processed-gene-0.68-mRNA-1",1.1080447435379
"snap_masked-SAKL0H-processed-gene-0.21-mRNA-1",0.256898790597916
"snap_masked-SAKL0H-processed-gene-0.4-mRNA-1",0.351803719997406
"augustus_masked-SAKL0H-processed-gene-0.56-mRNA-1",0.444263726472855
"snap_masked-SAKL0H-processed-gene-0.22-mRNA-1",0.222567349672318
"augustus_masked-SAKL0H-processed-gene-0.57-mRNA-1",0.161461591720581
"augustus_masked-SAKL0H-processed-gene-0.71-mRNA-1",0.45150163769722
"augustus_masked-SAKL0H-processed-gene-0.58-mRNA-1",0.129932686686516
"augustus_masked-SAKL0H-processed-gene-0.72-mRNA-1",0.304429084062576
"augustus_masked-SAKL0H-processed-gene-0.59-mRNA-1",0.161461606621742
"augustus_masked-SAKL0H-processed-gene-0.60-mRNA-1",0.544265389442444
"augustus_masked-SAKL0H-processed-gene-0.73-mRNA-1",0.743210136890411
"augustus_masked-SAKL0H-processed-gene-0.74-mRNA-1",0.207336872816086
"snap_masked-SAKL0H-processed-gene-0.11-mRNA-1",0.154670119285583
"snap_masked-SAKL0H-processed-gene-0.27-mRNA-1",0.296121567487717
"augustus_masked-SAKL0H-processed-gene-0.76-mRNA-1",0.500468313694
"augustus_masked-SAKL0H-processed-gene-0.62-mRNA-1",0.668527841567993
"augustus_masked-SAKL0H-processed-gene-1.6-mRNA-1",0.797394037246704
"augustus_masked-SAKL0H-processed-gene-1.7-mRNA-1",0.273946940898895
"augustus_masked-SAKL0H-processed-gene-1.8-mRNA-1",0.560671627521515
"augustus_masked-SAKL0H-processed-gene-1.9-mRNA-1",0.151399537920952
"augustus_masked-SAKL0H-processed-gene-1.10-mRNA-1",0.370364725589752
"maker-SAKL0H-augustus-gene-1.0-mRNA-1",0.139065444469452
"augustus_masked-SAKL0H-processed-gene-1.11-mRNA-1",0.659475147724152
"augustus_masked-SAKL0H-processed-gene-1.34-mRNA-1",0.0912161096930504
"augustus_masked-SAKL0H-processed-gene-1.12-mRNA-1",0.689654290676117
"augustus_masked-SAKL0H-processed-gene-1.13-mRNA-1",0.437869668006897
"augustus_masked-SAKL0H-processed-gene-1.14-mRNA-1",0.159901887178421
"augustus_masked-SAKL0H-processed-gene-1.15-mRNA-1",0.61286860704422
"augustus_masked-SAKL0H-processed-gene-1.16-mRNA-1",0.216293916106224
"augustus_masked-SAKL0H-processed-gene-1.35-mRNA-1",0.0396300628781319
"augustus_masked-SAKL0H-processed-gene-1.17-mRNA-1",0.13293544948101
"augustus_masked-SAKL0H-processed-gene-1.36-mRNA-1",0.247954025864601
"augustus_masked-SAKL0H-processed-gene-1.37-mRNA-1",0.460719496011734
"augustus_masked-SAKL0H-processed-gene-1.18-mRNA-1",0.68843400478363
"augustus_masked-SAKL0H-processed-gene-1.19-mRNA-1",0.578672289848328
"augustus_masked-SAKL0H-processed-gene-1.20-mRNA-1",0.236817628145218
"augustus_masked-SAKL0H-processed-gene-1.38-mRNA-1",0.0464400425553322
"augustus_masked-SAKL0H-processed-gene-1.39-mRNA-1",0.200203657150269
"augustus_masked-SAKL0H-processed-gene-1.21-mRNA-1",0.121975429356098
"augustus_masked-SAKL0H-processed-gene-1.40-mRNA-1",0.201757356524467
"augustus_masked-SAKL0H-processed-gene-1.22-mRNA-1",0.557089865207672
"augustus_masked-SAKL0H-processed-gene-1.23-mRNA-1",0.65828663110733
"genemark-SAKL0H-processed-gene-1.85-mRNA-1",0.194680169224739
"augustus_masked-SAKL0H-processed-gene-1.42-mRNA-1",0.764164686203003
"augustus_masked-SAKL0H-processed-gene-1.24-mRNA-1",0.173582747578621
"augustus_masked-SAKL0H-processed-gene-1.25-mRNA-1",0.322645783424377
"augustus_masked-SAKL0H-processed-gene-1.26-mRNA-1",0.370749980211258
"augustus_masked-SAKL0H-processed-gene-1.43-mRNA-1",0.589010775089264
"augustus_masked-SAKL0H-processed-gene-1.27-mRNA-1",0.133633136749268
"augustus_masked-SAKL0H-processed-gene-1.44-mRNA-1",0.0948654413223267
"augustus_masked-SAKL0H-processed-gene-1.28-mRNA-1",0.522494733333588
"augustus_masked-SAKL0H-processed-gene-1.45-mRNA-1",0.416170835494995
"augustus_masked-SAKL0H-processed-gene-1.29-mRNA-1",0.110956862568855
"augustus_masked-SAKL0H-processed-gene-1.46-mRNA-1",0.771619021892548
"maker-SAKL0H-snap-gene-1.2-mRNA-1",0.229455545544624
"augustus_masked-SAKL0H-processed-gene-1.31-mRNA-1",0.740559637546539
"augustus_masked-SAKL0H-processed-gene-1.32-mRNA-1",0.173488318920135
"augustus_masked-SAKL0H-processed-gene-1.47-mRNA-1",0.426383316516876
"augustus_masked-SAKL0H-processed-gene-1.48-mRNA-1",0.454645067453384
"snap_masked-SAKL0H-processed-gene-2.46-mRNA-1",0.119781881570816
"augustus_masked-SAKL0H-processed-gene-2.103-mRNA-1",0.269880563020706
"augustus_masked-SAKL0H-processed-gene-2.104-mRNA-1",0.408640056848526
"augustus_masked-SAKL0H-processed-gene-2.105-mRNA-1",0.214018240571022
"augustus_masked-SAKL0H-processed-gene-2.106-mRNA-1",0.508556246757507
"augustus_masked-SAKL0H-processed-gene-2.107-mRNA-1",0.602554321289062
"snap_masked-SAKL0H-processed-gene-2.52-mRNA-1",0.229059040546417
"augustus_masked-SAKL0H-processed-gene-2.109-mRNA-1",0.0534474141895771
"augustus_masked-SAKL0H-processed-gene-2.131-mRNA-1",0.143514260649681
"augustus_masked-SAKL0H-processed-gene-2.132-mRNA-1",0.265644907951355
"augustus_masked-SAKL0H-processed-gene-2.133-mRNA-1",0.427289605140686
"augustus_masked-SAKL0H-processed-gene-2.134-mRNA-1",0.642838776111603
"maker-SAKL0H-snap-gene-2.101-mRNA-1",0.448746830224991
"snap_masked-SAKL0H-processed-gene-2.82-mRNA-1",0.0732099786400795
"augustus_masked-SAKL0H-processed-gene-2.110-mRNA-1",0.300517648458481
"augustus_masked-SAKL0H-processed-gene-2.111-mRNA-1",0.130094796419144
"snap_masked-SAKL0H-processed-gene-2.56-mRNA-1",0.313558518886566
"snap_masked-SAKL0H-processed-gene-2.57-mRNA-1",0.0969323143362999
"snap_masked-SAKL0H-processed-gene-2.58-mRNA-1",0.147230684757233
"augustus_masked-SAKL0H-processed-gene-2.137-mRNA-1",0.518493056297302
"augustus_masked-SAKL0H-processed-gene-2.138-mRNA-1",0.67879194021225
"augustus_masked-SAKL0H-processed-gene-2.139-mRNA-1",0.602585852146149
"augustus_masked-SAKL0H-processed-gene-2.114-mRNA-1",0.398427128791809
"augustus_masked-SAKL0H-processed-gene-2.115-mRNA-1",0.158056035637856
"augustus_masked-SAKL0H-processed-gene-2.116-mRNA-1",0.506299078464508
"augustus_masked-SAKL0H-processed-gene-2.140-mRNA-1",0.952460706233978
"augustus_masked-SAKL0H-processed-gene-2.117-mRNA-1",0.372750550508499
"augustus_masked-SAKL0H-processed-gene-2.118-mRNA-1",0.332228273153305
"augustus_masked-SAKL0H-processed-gene-2.119-mRNA-1",0.296152204275131
"snap_masked-SAKL0H-processed-gene-2.65-mRNA-1",0.406956046819687
"augustus_masked-SAKL0H-processed-gene-2.141-mRNA-1",1.00225210189819
"augustus_masked-SAKL0H-processed-gene-2.121-mRNA-1",0.370238929986954
"snap_masked-SAKL0H-processed-gene-2.88-mRNA-1",0.80877161026001
"snap_masked-SAKL0H-processed-gene-2.67-mRNA-1",0.489651292562485
"snap_masked-SAKL0H-processed-gene-2.68-mRNA-1",0.304102629423141
"augustus_masked-SAKL0H-processed-gene-2.124-mRNA-1",0.167277693748474
"snap_masked-SAKL0H-processed-gene-2.89-mRNA-1",0.335612654685974
"augustus_masked-SAKL0H-processed-gene-2.125-mRNA-1",0.119558528065681
"snap_masked-SAKL0H-processed-gene-2.71-mRNA-1",0.135409250855446
"snap_masked-SAKL0H-processed-gene-2.90-mRNA-1",0.428233295679092
"augustus_masked-SAKL0H-processed-gene-2.127-mRNA-1",0.795819044113159
"snap_masked-SAKL0H-processed-gene-2.91-mRNA-1",0.254151284694672
"augustus_masked-SAKL0H-processed-gene-2.128-mRNA-1",0.497111052274704
"snap_masked-SAKL0H-processed-gene-2.92-mRNA-1",0.723391056060791
"augustus_masked-SAKL0H-processed-gene-2.145-mRNA-1",0.444439768791199
"genemark-SAKL0H-processed-gene-2.26-mRNA-1",0.157090798020363
"augustus_masked-SAKL0H-processed-gene-2.146-mRNA-1",0.10408116877079
"augustus_masked-SAKL0H-processed-gene-2.147-mRNA-1",0.243661120533943
"maker-SAKL0H-augustus-gene-2.97-mRNA-1",0.0499761998653412
"augustus_masked-SAKL0H-processed-gene-3.89-mRNA-1",0.380212396383286
"augustus_masked-SAKL0H-processed-gene-3.87-mRNA-1",0.685518085956573
"augustus_masked-SAKL0H-processed-gene-3.88-mRNA-1",0.0962018147110939
"augustus_masked-SAKL0H-processed-gene-3.106-mRNA-1",0.338113576173782
"augustus_masked-SAKL0H-processed-gene-3.90-mRNA-1",0.20598204433918
"augustus_masked-SAKL0H-processed-gene-3.107-mRNA-1",1.17947769165039
"augustus_masked-SAKL0H-processed-gene-3.91-mRNA-1",0.0781041234731674
"augustus_masked-SAKL0H-processed-gene-3.108-mRNA-1",0.0826030820608139
"augustus_masked-SAKL0H-processed-gene-3.92-mRNA-1",0.0863128080964088
"augustus_masked-SAKL0H-processed-gene-3.109-mRNA-1",0.237288072705269
"augustus_masked-SAKL0H-processed-gene-3.110-mRNA-1",0.911850690841675
"augustus_masked-SAKL0H-processed-gene-3.93-mRNA-1",0.832696974277496
"augustus_masked-SAKL0H-processed-gene-3.94-mRNA-1",0.111563324928284
"augustus_masked-SAKL0H-processed-gene-3.111-mRNA-1",0.485785901546478
"augustus_masked-SAKL0H-processed-gene-3.112-mRNA-1",0.624863386154175
"augustus_masked-SAKL0H-processed-gene-3.95-mRNA-1",0.26566419005394
"augustus_masked-SAKL0H-processed-gene-3.113-mRNA-1",0.073627308011055
"augustus_masked-SAKL0H-processed-gene-3.96-mRNA-1",0.874468803405762
"augustus_masked-SAKL0H-processed-gene-3.114-mRNA-1",0.124434567987919
"augustus_masked-SAKL0H-processed-gene-3.115-mRNA-1",0.423469841480255
"snap_masked-SAKL0H-processed-gene-3.54-mRNA-1",0.0829746201634407
"snap_masked-SAKL0H-processed-gene-3.55-mRNA-1",0.0561011508107185
"augustus_masked-SAKL0H-processed-gene-3.116-mRNA-1",0.232007920742035
"augustus_masked-SAKL0H-processed-gene-3.97-mRNA-1",0.652477085590363
"augustus_masked-SAKL0H-processed-gene-3.117-mRNA-1",0.26557195186615
"snap_masked-SAKL0H-processed-gene-3.57-mRNA-1",0.74659264087677
"augustus_masked-SAKL0H-processed-gene-3.98-mRNA-1",0.476752251386642
"augustus_masked-SAKL0H-processed-gene-3.118-mRNA-1",0.440234035253525
"augustus_masked-SAKL0H-processed-gene-3.99-mRNA-1",0.544813752174377
"augustus_masked-SAKL0H-processed-gene-3.119-mRNA-1",0.880587816238403
"augustus_masked-SAKL0H-processed-gene-3.100-mRNA-1",0.446224421262741
"augustus_masked-SAKL0H-processed-gene-3.120-mRNA-1",0.103796452283859
"augustus_masked-SAKL0H-processed-gene-3.121-mRNA-1",0.130128353834152
"augustus_masked-SAKL0H-processed-gene-3.101-mRNA-1",0.247587233781815
"augustus_masked-SAKL0H-processed-gene-3.122-mRNA-1",0.287777274847031
"augustus_masked-SAKL0H-processed-gene-3.123-mRNA-1",0.196433484554291
"augustus_masked-SAKL0H-processed-gene-3.102-mRNA-1",0.261210411787033
"augustus_masked-SAKL0H-processed-gene-3.103-mRNA-1",0.389571577310562
"maker-SAKL0H-augustus-gene-3.86-mRNA-1",0.176796644926071
"augustus_masked-SAKL0H-processed-gene-3.104-mRNA-1",0.0617475546896458
"augustus_masked-SAKL0H-processed-gene-3.125-mRNA-1",0.547311544418335
"augustus_masked-SAKL0H-processed-gene-3.105-mRNA-1",0.170330211520195
"augustus_masked-SAKL0H-processed-gene-4.87-mRNA-1",0.636155366897583
"augustus_masked-SAKL0H-processed-gene-4.85-mRNA-1",0.0924237221479416
"augustus_masked-SAKL0H-processed-gene-4.88-mRNA-1",0.83321613073349
"augustus_masked-SAKL0H-processed-gene-4.86-mRNA-1",0.735848009586334
"augustus_masked-SAKL0H-processed-gene-4.89-mRNA-1",0.224745437502861
"genemark-SAKL0H-processed-gene-4.66-mRNA-1",0.205443695187569
"augustus_masked-SAKL0H-processed-gene-4.109-mRNA-1",1.8597207069397
"augustus_masked-SAKL0H-processed-gene-4.90-mRNA-1",0.533491253852844
"genemark-SAKL0H-processed-gene-4.68-mRNA-1",0.216265290975571
"augustus_masked-SAKL0H-processed-gene-4.91-mRNA-1",0.242177084088326
"augustus_masked-SAKL0H-processed-gene-4.92-mRNA-1",0.0946203321218491
"augustus_masked-SAKL0H-processed-gene-4.111-mRNA-1",0.329123049974442
"maker-SAKL0H-snap-gene-4.127-mRNA-1",0.311822712421417
"snap_masked-SAKL0H-processed-gene-4.29-mRNA-1",0.143393889069557
"maker-SAKL0H-augustus-gene-4.124-mRNA-1",0.131478235125542
"augustus_masked-SAKL0H-processed-gene-4.95-mRNA-1",0.244811460375786
"augustus_masked-SAKL0H-processed-gene-4.112-mRNA-1",0.391223073005676
"augustus_masked-SAKL0H-processed-gene-4.96-mRNA-1",0.800064921379089
"maker-SAKL0H-augustus-gene-4.125-mRNA-1",0.211222961544991
"augustus_masked-SAKL0H-processed-gene-4.98-mRNA-1",0.640581369400024
"augustus_masked-SAKL0H-processed-gene-4.113-mRNA-1",0.127660989761353
"augustus_masked-SAKL0H-processed-gene-4.99-mRNA-1",0.141497418284416
"augustus_masked-SAKL0H-processed-gene-4.114-mRNA-1",0.158829867839813
"augustus_masked-SAKL0H-processed-gene-4.100-mRNA-1",0.0745757073163986
"augustus_masked-SAKL0H-processed-gene-4.101-mRNA-1",0.0559269636869431
"augustus_masked-SAKL0H-processed-gene-4.115-mRNA-1",0.0815963745117188
"augustus_masked-SAKL0H-processed-gene-4.102-mRNA-1",0.146315455436707
"snap_masked-SAKL0H-processed-gene-4.18-mRNA-1",0.185302928090096
"snap_masked-SAKL0H-processed-gene-4.19-mRNA-1",0.162634894251823
"augustus_masked-SAKL0H-processed-gene-4.116-mRNA-1",0.108551129698753
"snap_masked-SAKL0H-processed-gene-4.34-mRNA-1",0.0377300158143044
"snap_masked-SAKL0H-processed-gene-4.20-mRNA-1",0.0619461834430695
"augustus_masked-SAKL0H-processed-gene-4.118-mRNA-1",0.576858162879944
"augustus_masked-SAKL0H-processed-gene-4.119-mRNA-1",0.808797895908356
"snap_masked-SAKL0H-processed-gene-4.21-mRNA-1",0.310334175825119
"augustus_masked-SAKL0H-processed-gene-4.106-mRNA-1",0.481980413198471
"augustus_masked-SAKL0H-processed-gene-4.120-mRNA-1",0.169168248772621
"augustus_masked-SAKL0H-processed-gene-4.121-mRNA-1",0.205547794699669
"augustus_masked-SAKL0H-processed-gene-4.107-mRNA-1",0.139950543642044
"augustus_masked-SAKL0H-processed-gene-4.122-mRNA-1",0.324068039655685
"augustus_masked-SAKL0H-processed-gene-4.123-mRNA-1",0.247137427330017
"snap_masked-SAKL0H-processed-gene-5.53-mRNA-1",0.480869859457016
"snap_masked-SAKL0H-processed-gene-5.54-mRNA-1",0.223758026957512
"augustus_masked-SAKL0H-processed-gene-5.114-mRNA-1",0.499322533607483
"augustus_masked-SAKL0H-processed-gene-5.112-mRNA-1",0.0717084482312202
"augustus_masked-SAKL0H-processed-gene-5.115-mRNA-1",0.29321226477623
"snap_masked-SAKL0H-processed-gene-5.59-mRNA-1",0.806008338928223
"augustus_masked-SAKL0H-processed-gene-5.113-mRNA-1",0.376080900430679
"augustus_masked-SAKL0H-processed-gene-5.136-mRNA-1",0.431229025125504
"augustus_masked-SAKL0H-processed-gene-5.116-mRNA-1",0.537911951541901
"snap_masked-SAKL0H-processed-gene-5.80-mRNA-1",0.170841872692108
"snap_masked-SAKL0H-processed-gene-5.81-mRNA-1",0.0484596155583858
"snap_masked-SAKL0H-processed-gene-5.82-mRNA-1",0.144636049866676
"augustus_masked-SAKL0H-processed-gene-5.138-mRNA-1",0.159833118319511
"augustus_masked-SAKL0H-processed-gene-5.117-mRNA-1",0.229481175541878
"snap_masked-SAKL0H-processed-gene-5.62-mRNA-1",0.223342910408974
"augustus_masked-SAKL0H-processed-gene-5.139-mRNA-1",0.0994279459118843
"augustus_masked-SAKL0H-processed-gene-5.119-mRNA-1",0.0755966603755951
"snap_masked-SAKL0H-processed-gene-5.85-mRNA-1",0.237698256969452
"augustus_masked-SAKL0H-processed-gene-5.140-mRNA-1",0.479006946086884
"augustus_masked-SAKL0H-processed-gene-5.141-mRNA-1",0.562790215015411
"augustus_masked-SAKL0H-processed-gene-5.120-mRNA-1",0.16960121691227
"augustus_masked-SAKL0H-processed-gene-5.142-mRNA-1",0.0596623867750168
"augustus_masked-SAKL0H-processed-gene-5.121-mRNA-1",0.298696517944336
"augustus_masked-SAKL0H-processed-gene-5.122-mRNA-1",0.157896518707275
"snap_masked-SAKL0H-processed-gene-5.89-mRNA-1",1.58573925495148
"snap_masked-SAKL0H-processed-gene-5.90-mRNA-1",0.114873580634594
"augustus_masked-SAKL0H-processed-gene-5.123-mRNA-1",0.131449490785599
"augustus_masked-SAKL0H-processed-gene-5.144-mRNA-1",0.153475165367126
"augustus_masked-SAKL0H-processed-gene-5.124-mRNA-1",0.141005203127861
"augustus_masked-SAKL0H-processed-gene-5.145-mRNA-1",0.567721605300903
"augustus_masked-SAKL0H-processed-gene-5.146-mRNA-1",0.0524821989238262
"augustus_masked-SAKL0H-processed-gene-5.125-mRNA-1",0.434148102998734
"snap_masked-SAKL0H-processed-gene-5.94-mRNA-1",0.203878879547119
"augustus_masked-SAKL0H-processed-gene-5.126-mRNA-1",0.241714179515839
"augustus_masked-SAKL0H-processed-gene-5.127-mRNA-1",0.223369970917702
"augustus_masked-SAKL0H-processed-gene-5.128-mRNA-1",0.155962809920311
"augustus_masked-SAKL0H-processed-gene-5.148-mRNA-1",0.0748079940676689
"augustus_masked-SAKL0H-processed-gene-5.149-mRNA-1",0.458246380090714
"augustus_masked-SAKL0H-processed-gene-5.150-mRNA-1",0.387170642614365
"snap_masked-SAKL0H-processed-gene-5.98-mRNA-1",0.151917055249214
"augustus_masked-SAKL0H-processed-gene-5.129-mRNA-1",0.117261320352554
"augustus_masked-SAKL0H-processed-gene-5.152-mRNA-1",2.29106712341309
"augustus_masked-SAKL0H-processed-gene-5.130-mRNA-1",0.261565506458282
"augustus_masked-SAKL0H-processed-gene-5.131-mRNA-1",1.50418984889984
"augustus_masked-SAKL0H-processed-gene-5.153-mRNA-1",0.320300728082657
"augustus_masked-SAKL0H-processed-gene-5.132-mRNA-1",0.413019567728043
"augustus_masked-SAKL0H-processed-gene-5.154-mRNA-1",0.28228422999382
"augustus_masked-SAKL0H-processed-gene-5.133-mRNA-1",1.14993965625763
"augustus_masked-SAKL0H-processed-gene-5.155-mRNA-1",0.876676499843597
"augustus_masked-SAKL0H-processed-gene-5.156-mRNA-1",1.21604704856873
"augustus_masked-SAKL0H-processed-gene-5.157-mRNA-1",0.608699977397919
"snap_masked-SAKL0H-processed-gene-5.105-mRNA-1",0.829439759254456
"snap_masked-SAKL0H-processed-gene-5.106-mRNA-1",0.456861883401871
"augustus_masked-SAKL0H-processed-gene-5.134-mRNA-1",0.523429811000824
"augustus_masked-SAKL0H-processed-gene-5.159-mRNA-1",1.74604964256287
"augustus_masked-SAKL0H-processed-gene-5.135-mRNA-1",0.658779799938202
"augustus_masked-SAKL0H-processed-gene-5.160-mRNA-1",0.664535582065582
"augustus_masked-SAKL0H-processed-gene-5.161-mRNA-1",0.20900921523571
"augustus_masked-SAKL0H-processed-gene-6.11-mRNA-1",0.42612287402153
"augustus_masked-SAKL0H-processed-gene-6.12-mRNA-1",0.168010279536247
"augustus_masked-SAKL0H-processed-gene-6.15-mRNA-1",0.23719234764576
"augustus_masked-SAKL0H-processed-gene-6.13-mRNA-1",0.386744558811188
"snap_masked-SAKL0H-processed-gene-6.117-mRNA-1",0.384691029787064
"augustus_masked-SAKL0H-processed-gene-6.14-mRNA-1",0.712969541549683
"snap_masked-SAKL0H-processed-gene-6.141-mRNA-1",0.0332092270255089
"snap_masked-SAKL0H-processed-gene-6.142-mRNA-1",0.243698328733444
"augustus_masked-SAKL0H-processed-gene-6.40-mRNA-1",0.547892868518829
"augustus_masked-SAKL0H-processed-gene-6.41-mRNA-1",0.43916392326355
"augustus_masked-SAKL0H-processed-gene-6.17-mRNA-1",1.02478241920471
"augustus_masked-SAKL0H-processed-gene-6.42-mRNA-1",0.318166613578796
"augustus_masked-SAKL0H-processed-gene-6.43-mRNA-1",1.31679821014404
"snap_masked-SAKL0H-processed-gene-6.119-mRNA-1",2.66456198692322
"augustus_masked-SAKL0H-processed-gene-6.19-mRNA-1",1.93838429450989
"snap_masked-SAKL0H-processed-gene-6.121-mRNA-1",0.107195690274239
"snap_masked-SAKL0H-processed-gene-6.122-mRNA-1",0.515627384185791
"maker-SAKL0H-snap-gene-6.8-mRNA-1",0.339651674032211
"augustus_masked-SAKL0H-processed-gene-6.47-mRNA-1",0.704969763755798
"augustus_masked-SAKL0H-processed-gene-6.21-mRNA-1",0.111240543425083
"augustus_masked-SAKL0H-processed-gene-6.48-mRNA-1",0.492668151855469
"augustus_masked-SAKL0H-processed-gene-6.22-mRNA-1",0.622988343238831
"augustus_masked-SAKL0H-processed-gene-6.23-mRNA-1",1.0232058763504
"augustus_masked-SAKL0H-processed-gene-6.24-mRNA-1",0.85259485244751
"augustus_masked-SAKL0H-processed-gene-6.49-mRNA-1",0.576602578163147
"augustus_masked-SAKL0H-processed-gene-6.50-mRNA-1",0.821585953235626
"augustus_masked-SAKL0H-processed-gene-6.25-mRNA-1",0.234344601631165
"augustus_masked-SAKL0H-processed-gene-6.51-mRNA-1",0.299834758043289
"augustus_masked-SAKL0H-processed-gene-6.26-mRNA-1",0.981124341487885
"augustus_masked-SAKL0H-processed-gene-6.52-mRNA-1",0.66177761554718
"augustus_masked-SAKL0H-processed-gene-6.27-mRNA-1",1.0075466632843
"snap_masked-SAKL0H-processed-gene-6.129-mRNA-1",0.198727443814278
"augustus_masked-SAKL0H-processed-gene-6.53-mRNA-1",0.192510217428207
"augustus_masked-SAKL0H-processed-gene-6.29-mRNA-1",0.115866810083389
"augustus_masked-SAKL0H-processed-gene-6.30-mRNA-1",0.0598165579140186
"snap_masked-SAKL0H-processed-gene-6.132-mRNA-1",0.297692775726318
"augustus_masked-SAKL0H-processed-gene-6.32-mRNA-1",0.227970838546753
"augustus_masked-SAKL0H-processed-gene-6.54-mRNA-1",0.365805774927139
"augustus_masked-SAKL0H-processed-gene-6.55-mRNA-1",0.122283816337585
"genemark-SAKL0H-processed-gene-6.81-mRNA-1",0.287531852722168
"augustus_masked-SAKL0H-processed-gene-6.34-mRNA-1",0.431375235319138
"augustus_masked-SAKL0H-processed-gene-6.56-mRNA-1",0.653295814990997
"augustus_masked-SAKL0H-processed-gene-6.35-mRNA-1",0.635106444358826
"augustus_masked-SAKL0H-processed-gene-6.36-mRNA-1",0.612208127975464
"augustus_masked-SAKL0H-processed-gene-6.37-mRNA-1",0.304337471723557
"snap_masked-SAKL0H-processed-gene-6.163-mRNA-1",0.599137842655182
"snap_masked-SAKL0H-processed-gene-6.140-mRNA-1",0.851946234703064
"augustus_masked-SAKL0H-processed-gene-6.58-mRNA-1",0.126379624009132
"augustus_masked-SAKL0H-processed-gene-6.59-mRNA-1",0.295382648706436
"augustus_masked-SAKL0H-processed-gene-7.3-mRNA-1",0.1066904515028
"augustus_masked-SAKL0H-processed-gene-7.0-mRNA-1",0.699257135391235
"augustus_masked-SAKL0H-processed-gene-7.1-mRNA-1",0.154534846544266
"augustus_masked-SAKL0H-processed-gene-7.4-mRNA-1",0.0974561125040054
"augustus_masked-SAKL0H-processed-gene-7.2-mRNA-1",0.165512785315514
"augustus_masked-SAKL0H-processed-gene-7.28-mRNA-1",0.714168906211853
"augustus_masked-SAKL0H-processed-gene-7.5-mRNA-1",0.198201805353165
"augustus_masked-SAKL0H-processed-gene-7.6-mRNA-1",0.185840770602226
"augustus_masked-SAKL0H-processed-gene-7.29-mRNA-1",0.156802728772163
"augustus_masked-SAKL0H-processed-gene-7.7-mRNA-1",0.0812932178378105
"augustus_masked-SAKL0H-processed-gene-7.30-mRNA-1",0.377582490444183
"augustus_masked-SAKL0H-processed-gene-7.8-mRNA-1",0.829342067241669
"augustus_masked-SAKL0H-processed-gene-7.31-mRNA-1",0.245611011981964
"augustus_masked-SAKL0H-processed-gene-7.9-mRNA-1",0.765809535980225
"augustus_masked-SAKL0H-processed-gene-7.10-mRNA-1",0.701944410800934
"snap_masked-SAKL0H-processed-gene-7.74-mRNA-1",0.705572724342346
"augustus_masked-SAKL0H-processed-gene-7.11-mRNA-1",0.576460301876068
"augustus_masked-SAKL0H-processed-gene-7.32-mRNA-1",0.15833692252636
"genemark-SAKL0H-processed-gene-7.153-mRNA-1",0.369470685720444
"augustus_masked-SAKL0H-processed-gene-7.12-mRNA-1",0.327757984399796
"augustus_masked-SAKL0H-processed-gene-7.34-mRNA-1",0.163046389818192
"augustus_masked-SAKL0H-processed-gene-7.35-mRNA-1",0.516299664974213
"augustus_masked-SAKL0H-processed-gene-7.13-mRNA-1",1.24077534675598
"augustus_masked-SAKL0H-processed-gene-7.14-mRNA-1",1.54659295082092
"genemark-SAKL0H-processed-gene-7.156-mRNA-1",0.513052463531494
"augustus_masked-SAKL0H-processed-gene-7.37-mRNA-1",0.916887700557709
"augustus_masked-SAKL0H-processed-gene-7.15-mRNA-1",0.145995333790779
"augustus_masked-SAKL0H-processed-gene-7.38-mRNA-1",0.174808815121651
"augustus_masked-SAKL0H-processed-gene-7.16-mRNA-1",0.963943064212799
"augustus_masked-SAKL0H-processed-gene-7.17-mRNA-1",0.996907234191895
"augustus_masked-SAKL0H-processed-gene-7.39-mRNA-1",0.33284854888916
"snap_masked-SAKL0H-processed-gene-7.82-mRNA-1",0.268576085567474
"snap_masked-SAKL0H-processed-gene-7.83-mRNA-1",0.460273265838623
"maker-SAKL0H-snap-gene-7.55-mRNA-1",0.258202522993088
"snap_masked-SAKL0H-processed-gene-7.106-mRNA-1",0.29863229393959
"augustus_masked-SAKL0H-processed-gene-7.40-mRNA-1",0.361052542924881
"augustus_masked-SAKL0H-processed-gene-7.41-mRNA-1",0.419829517602921
"augustus_masked-SAKL0H-processed-gene-7.20-mRNA-1",0.301455199718475
"augustus_masked-SAKL0H-processed-gene-7.42-mRNA-1",0.371242940425873
"augustus_masked-SAKL0H-processed-gene-7.43-mRNA-1",0.219335317611694
"snap_masked-SAKL0H-processed-gene-7.85-mRNA-1",0.154717922210693
"snap_masked-SAKL0H-processed-gene-7.86-mRNA-1",0.0590548440814018
"augustus_masked-SAKL0H-processed-gene-7.44-mRNA-1",1.08310496807098
"augustus_masked-SAKL0H-processed-gene-7.22-mRNA-1",0.802338838577271
"augustus_masked-SAKL0H-processed-gene-7.23-mRNA-1",0.167006000876427
"augustus_masked-SAKL0H-processed-gene-7.45-mRNA-1",0.175076454877853
"augustus_masked-SAKL0H-processed-gene-7.24-mRNA-1",0.486526906490326
"augustus_masked-SAKL0H-processed-gene-7.25-mRNA-1",0.542968153953552
"augustus_masked-SAKL0H-processed-gene-7.46-mRNA-1",0.135070621967316
"augustus_masked-SAKL0H-processed-gene-7.47-mRNA-1",0.424144059419632
"maker-SAKL0H-snap-gene-7.56-mRNA-1",0.277576625347137
"augustus_masked-SAKL0H-processed-gene-7.48-mRNA-1",0.100431360304356
"augustus_masked-SAKL0H-processed-gene-7.49-mRNA-1",0.60742712020874
"augustus_masked-SAKL0H-processed-gene-7.50-mRNA-1",1.07663404941559
"maker-SAKL0H-snap-gene-8.48-mRNA-1",0.365734249353409
"augustus_masked-SAKL0H-processed-gene-8.2-mRNA-1",0.0842934176325798
"augustus_masked-SAKL0H-processed-gene-8.3-mRNA-1",0.277130722999573
"augustus_masked-SAKL0H-processed-gene-8.4-mRNA-1",0.47305765748024
"maker-SAKL0H-augustus-gene-8.47-mRNA-1",0.799477219581604
"augustus_masked-SAKL0H-processed-gene-8.5-mRNA-1",0.66020405292511
"augustus_masked-SAKL0H-processed-gene-8.6-mRNA-1",0.51912796497345
"augustus_masked-SAKL0H-processed-gene-8.7-mRNA-1",0.380790382623672
"augustus_masked-SAKL0H-processed-gene-8.8-mRNA-1",0.510291457176208
"augustus_masked-SAKL0H-processed-gene-8.9-mRNA-1",0.426615506410599
"augustus_masked-SAKL0H-processed-gene-8.26-mRNA-1",0.319080531597137
"augustus_masked-SAKL0H-processed-gene-8.10-mRNA-1",0.057889424264431
"augustus_masked-SAKL0H-processed-gene-8.27-mRNA-1",0.58756947517395
"augustus_masked-SAKL0H-processed-gene-8.11-mRNA-1",0.26598185300827
"augustus_masked-SAKL0H-processed-gene-8.28-mRNA-1",0.243182182312012
"snap_masked-SAKL0H-processed-gene-8.66-mRNA-1",0.0752359256148338
"maker-SAKL0H-augustus-gene-8.43-mRNA-1",0.813803732395172
"augustus_masked-SAKL0H-processed-gene-8.29-mRNA-1",0.412600725889206
"augustus_masked-SAKL0H-processed-gene-8.30-mRNA-1",0.629329979419708
"augustus_masked-SAKL0H-processed-gene-8.13-mRNA-1",1.12793529033661
"snap_masked-SAKL0H-processed-gene-8.87-mRNA-1",0.145319581031799
"maker-SAKL0H-snap-gene-8.50-mRNA-1",0.657780647277832
"augustus_masked-SAKL0H-processed-gene-8.16-mRNA-1",0.0544126853346825
"augustus_masked-SAKL0H-processed-gene-8.31-mRNA-1",0.129955053329468
"snap_masked-SAKL0H-processed-gene-8.72-mRNA-1",0.198768809437752
"augustus_masked-SAKL0H-processed-gene-8.32-mRNA-1",0.0840187594294548
"augustus_masked-SAKL0H-processed-gene-8.33-mRNA-1",0.93528425693512
"augustus_masked-SAKL0H-processed-gene-8.34-mRNA-1",1.08796203136444
"augustus_masked-SAKL0H-processed-gene-8.35-mRNA-1",1.10753464698792
"augustus_masked-SAKL0H-processed-gene-8.36-mRNA-1",0.793061077594757
"augustus_masked-SAKL0H-processed-gene-8.37-mRNA-1",0.779444575309753
"snap_masked-SAKL0H-processed-gene-8.73-mRNA-1",0.767375648021698
"augustus_masked-SAKL0H-processed-gene-8.19-mRNA-1",0.0666315406560898
"augustus_masked-SAKL0H-processed-gene-8.20-mRNA-1",0.768230497837067
"augustus_masked-SAKL0H-processed-gene-8.21-mRNA-1",0.612046480178833
"snap_masked-SAKL0H-processed-gene-8.95-mRNA-1",0.767218708992004
"augustus_masked-SAKL0H-processed-gene-8.22-mRNA-1",0.549004912376404
"augustus_masked-SAKL0H-processed-gene-8.39-mRNA-1",0.586870670318604
"snap_masked-SAKL0H-processed-gene-8.79-mRNA-1",0.742917954921722
"snap_masked-SAKL0H-processed-gene-8.97-mRNA-1",0.111973628401756
"snap_masked-SAKL0H-processed-gene-8.98-mRNA-1",0.0724019035696983
"snap_masked-SAKL0H-processed-gene-8.99-mRNA-1",0.589327275753021
"augustus_masked-SAKL0H-processed-gene-8.41-mRNA-1",0.492102831602097
"augustus_masked-SAKL0H-processed-gene-8.42-mRNA-1",0.0986977517604828
"snap_masked-SAKL0H-processed-gene-8.80-mRNA-1",0.527943193912506
"augustus_masked-SAKL0H-processed-gene-9.113-mRNA-1",0.195569291710854
"augustus_masked-SAKL0H-processed-gene-9.114-mRNA-1",0.821550369262695
"snap_masked-SAKL0H-processed-gene-9.52-mRNA-1",0.544611036777496
"snap_masked-SAKL0H-processed-gene-9.53-mRNA-1",0.417642861604691
"snap_masked-SAKL0H-processed-gene-9.48-mRNA-1",0.173800930380821
"snap_masked-SAKL0H-processed-gene-9.54-mRNA-1",0.231564298272133
"snap_masked-SAKL0H-processed-gene-9.55-mRNA-1",1.03681790828705
"snap_masked-SAKL0H-processed-gene-9.49-mRNA-1",0.421362906694412
"augustus_masked-SAKL0H-processed-gene-9.118-mRNA-1",0.08470219373703
"augustus_masked-SAKL0H-processed-gene-9.119-mRNA-1",0.379104942083359
"snap_masked-SAKL0H-processed-gene-9.77-mRNA-1",0.461540371179581
"augustus_masked-SAKL0H-processed-gene-9.120-mRNA-1",0.425870299339294
"augustus_masked-SAKL0H-processed-gene-9.135-mRNA-1",0.219462469220161
"augustus_masked-SAKL0H-processed-gene-9.121-mRNA-1",0.175528660416603
"augustus_masked-SAKL0H-processed-gene-9.136-mRNA-1",2.81645250320435
"augustus_masked-SAKL0H-processed-gene-9.137-mRNA-1",1.90108406543732
"snap_masked-SAKL0H-processed-gene-9.81-mRNA-1",1.57391691207886
"augustus_masked-SAKL0H-processed-gene-9.122-mRNA-1",0.751055002212524
"augustus_masked-SAKL0H-processed-gene-9.138-mRNA-1",1.61857521533966
"maker-SAKL0H-snap-gene-9.107-mRNA-1",0.64381206035614
"snap_masked-SAKL0H-processed-gene-9.85-mRNA-1",0.326101273298264
"augustus_masked-SAKL0H-processed-gene-9.142-mRNA-1",0.131482139229774
"augustus_masked-SAKL0H-processed-gene-9.123-mRNA-1",0.260738909244537
"snap_masked-SAKL0H-processed-gene-9.62-mRNA-1",0.30439692735672
"augustus_masked-SAKL0H-processed-gene-9.143-mRNA-1",0.201187819242477
"augustus_masked-SAKL0H-processed-gene-9.124-mRNA-1",0.167371854186058
"augustus_masked-SAKL0H-processed-gene-9.144-mRNA-1",0.16739684343338
"augustus_masked-SAKL0H-processed-gene-9.145-mRNA-1",0.579498827457428
"augustus_masked-SAKL0H-processed-gene-9.146-mRNA-1",0.229057982563972
"snap_masked-SAKL0H-processed-gene-9.64-mRNA-1",0.449781835079193
"snap_masked-SAKL0H-processed-gene-9.65-mRNA-1",1.04085326194763
"snap_masked-SAKL0H-processed-gene-9.66-mRNA-1",0.369219213724136
"snap_masked-SAKL0H-processed-gene-9.67-mRNA-1",0.266068011522293
"augustus_masked-SAKL0H-processed-gene-9.147-mRNA-1",0.314458429813385
"snap_masked-SAKL0H-processed-gene-9.92-mRNA-1",0.562910377979279
"augustus_masked-SAKL0H-processed-gene-9.127-mRNA-1",0.571734011173248
"augustus_masked-SAKL0H-processed-gene-9.128-mRNA-1",0.608015537261963
"snap_masked-SAKL0H-processed-gene-9.69-mRNA-1",0.771261394023895
"augustus_masked-SAKL0H-processed-gene-9.130-mRNA-1",0.248929530382156
"augustus_masked-SAKL0H-processed-gene-9.149-mRNA-1",0.181581690907478
"augustus_masked-SAKL0H-processed-gene-9.131-mRNA-1",0.199877053499222
"augustus_masked-SAKL0H-processed-gene-9.150-mRNA-1",0.339972943067551
"augustus_masked-SAKL0H-processed-gene-9.132-mRNA-1",0.0567015446722507
"augustus_masked-SAKL0H-processed-gene-9.151-mRNA-1",0.0790288969874382
"maker-SAKL0H-augustus-gene-9.103-mRNA-1",0.327204138040543
"snap_masked-SAKL0H-processed-gene-9.74-mRNA-1",0.55640184879303
"snap_masked-SAKL0H-processed-gene-9.75-mRNA-1",0.0468060858547688
"maker-SAKL0H-augustus-gene-9.104-mRNA-1",0.290934354066849
"snap_masked-SAKL0H-processed-gene-9.100-mRNA-1",0.0960757434368134
"augustus_masked-SAKL0H-processed-gene-9.134-mRNA-1",0.193888455629349
"augustus_masked-SAKL0H-processed-gene-10.7-mRNA-1",0.103868342936039
"snap_masked-SAKL0H-processed-gene-10.97-mRNA-1",0.445852100849152
"maker-SAKL0H-snap-gene-10.1-mRNA-1",0.306705355644226
"augustus_masked-SAKL0H-processed-gene-10.5-mRNA-1",0.111733488738537
"augustus_masked-SAKL0H-processed-gene-10.6-mRNA-1",0.875349700450897
"augustus_masked-SAKL0H-processed-gene-10.9-mRNA-1",0.0492653734982014
"augustus_masked-SAKL0H-processed-gene-10.28-mRNA-1",0.834124565124512
"augustus_masked-SAKL0H-processed-gene-10.29-mRNA-1",0.825779676437378
"augustus_masked-SAKL0H-processed-gene-10.10-mRNA-1",0.958005428314209
"augustus_masked-SAKL0H-processed-gene-10.30-mRNA-1",0.577476799488068
"augustus_masked-SAKL0H-processed-gene-10.11-mRNA-1",0.188234731554985
"augustus_masked-SAKL0H-processed-gene-10.31-mRNA-1",0.509272515773773
"augustus_masked-SAKL0H-processed-gene-10.32-mRNA-1",0.282606422901154
"augustus_masked-SAKL0H-processed-gene-10.33-mRNA-1",0.489203691482544
"augustus_masked-SAKL0H-processed-gene-10.12-mRNA-1",0.0890265181660652
"augustus_masked-SAKL0H-processed-gene-10.34-mRNA-1",0.206821948289871
"augustus_masked-SAKL0H-processed-gene-10.35-mRNA-1",0.059345331043005
"augustus_masked-SAKL0H-processed-gene-10.13-mRNA-1",0.174152567982674
"augustus_masked-SAKL0H-processed-gene-10.14-mRNA-1",0.162085890769958
"augustus_masked-SAKL0H-processed-gene-10.15-mRNA-1",0.171726986765862
"augustus_masked-SAKL0H-processed-gene-10.36-mRNA-1",0.0478566326200962
"augustus_masked-SAKL0H-processed-gene-10.16-mRNA-1",0.567241847515106
"genemark-SAKL0H-processed-gene-10.84-mRNA-1",0.266228497028351
"augustus_masked-SAKL0H-processed-gene-10.17-mRNA-1",0.25543424487114
"augustus_masked-SAKL0H-processed-gene-10.37-mRNA-1",0.263313889503479
"augustus_masked-SAKL0H-processed-gene-10.38-mRNA-1",0.368401437997818
"augustus_masked-SAKL0H-processed-gene-10.39-mRNA-1",0.257235318422318
"augustus_masked-SAKL0H-processed-gene-10.18-mRNA-1",0.670868873596191
"augustus_masked-SAKL0H-processed-gene-10.40-mRNA-1",0.133950755000114
"augustus_masked-SAKL0H-processed-gene-10.41-mRNA-1",0.609211266040802
"augustus_masked-SAKL0H-processed-gene-10.19-mRNA-1",0.583125710487366
"augustus_masked-SAKL0H-processed-gene-10.20-mRNA-1",0.0382908545434475
"augustus_masked-SAKL0H-processed-gene-10.42-mRNA-1",0.130025714635849
"augustus_masked-SAKL0H-processed-gene-10.21-mRNA-1",0.582813858985901
"augustus_masked-SAKL0H-processed-gene-10.22-mRNA-1",0.0355868488550186
"augustus_masked-SAKL0H-processed-gene-10.43-mRNA-1",0.415468454360962
"augustus_masked-SAKL0H-processed-gene-10.44-mRNA-1",0.0890030935406685
"augustus_masked-SAKL0H-processed-gene-10.45-mRNA-1",0.126973450183868
"augustus_masked-SAKL0H-processed-gene-10.23-mRNA-1",0.325628191232681
"augustus_masked-SAKL0H-processed-gene-10.46-mRNA-1",0.0962344408035278
"augustus_masked-SAKL0H-processed-gene-10.47-mRNA-1",0.395094454288483
"augustus_masked-SAKL0H-processed-gene-10.24-mRNA-1",0.080316074192524
"augustus_masked-SAKL0H-processed-gene-10.48-mRNA-1",0.0655248537659645
"augustus_masked-SAKL0H-processed-gene-10.25-mRNA-1",0.0636123195290565
"augustus_masked-SAKL0H-processed-gene-10.26-mRNA-1",0.459781676530838
"augustus_masked-SAKL0H-processed-gene-11.0-mRNA-1",0.21966777741909
"augustus_masked-SAKL0H-processed-gene-11.1-mRNA-1",0.260277718305588
"augustus_masked-SAKL0H-processed-gene-11.2-mRNA-1",0.346159547567368
"augustus_masked-SAKL0H-processed-gene-11.3-mRNA-1",0.285835951566696
"augustus_masked-SAKL0H-processed-gene-11.4-mRNA-1",0.0307530239224434
"augustus_masked-SAKL0H-processed-gene-11.5-mRNA-1",0.415655940771103
"augustus_masked-SAKL0H-processed-gene-11.6-mRNA-1",0.136718049645424
"augustus_masked-SAKL0H-processed-gene-11.7-mRNA-1",0.561660408973694
"snap_masked-SAKL0H-processed-gene-11.78-mRNA-1",0.177967622876167
"snap_masked-SAKL0H-processed-gene-11.60-mRNA-1",0.186378791928291
"augustus_masked-SAKL0H-processed-gene-11.27-mRNA-1",0.388897061347961
"augustus_masked-SAKL0H-processed-gene-11.9-mRNA-1",0.751829087734222
"augustus_masked-SAKL0H-processed-gene-11.28-mRNA-1",0.537049412727356
"maker-SAKL0H-snap-gene-11.49-mRNA-1",0.13992340862751
"augustus_masked-SAKL0H-processed-gene-11.30-mRNA-1",0.238683700561523
"augustus_masked-SAKL0H-processed-gene-11.31-mRNA-1",0.374767333269119
"augustus_masked-SAKL0H-processed-gene-11.32-mRNA-1",0.149258717894554
"snap_masked-SAKL0H-processed-gene-11.85-mRNA-1",1.12876737117767
"augustus_masked-SAKL0H-processed-gene-11.34-mRNA-1",0.816055536270142
"augustus_masked-SAKL0H-processed-gene-11.10-mRNA-1",0.580525636672974
"augustus_masked-SAKL0H-processed-gene-11.35-mRNA-1",0.295699566602707
"augustus_masked-SAKL0H-processed-gene-11.11-mRNA-1",0.730448067188263
"snap_masked-SAKL0H-processed-gene-11.88-mRNA-1",0.304401487112045
"augustus_masked-SAKL0H-processed-gene-11.12-mRNA-1",0.288368552923203
"augustus_masked-SAKL0H-processed-gene-11.37-mRNA-1",1.04462242126465
"augustus_masked-SAKL0H-processed-gene-11.13-mRNA-1",0.629625678062439
"augustus_masked-SAKL0H-processed-gene-11.38-mRNA-1",0.409574329853058
"snap_masked-SAKL0H-processed-gene-11.65-mRNA-1",0.12696672976017
"augustus_masked-SAKL0H-processed-gene-11.39-mRNA-1",0.760003924369812
"augustus_masked-SAKL0H-processed-gene-11.15-mRNA-1",0.189904764294624
"augustus_masked-SAKL0H-processed-gene-11.40-mRNA-1",0.699399828910828
"augustus_masked-SAKL0H-processed-gene-11.16-mRNA-1",0.382858663797379
"augustus_masked-SAKL0H-processed-gene-11.41-mRNA-1",0.399643272161484
"augustus_masked-SAKL0H-processed-gene-11.17-mRNA-1",0.142057120800018
"snap_masked-SAKL0H-processed-gene-11.93-mRNA-1",0.325113117694855
"genemark-SAKL0H-processed-gene-11.118-mRNA-1",0.198898628354073
"augustus_masked-SAKL0H-processed-gene-11.19-mRNA-1",0.266515135765076
"augustus_masked-SAKL0H-processed-gene-11.20-mRNA-1",0.344391971826553
"snap_masked-SAKL0H-processed-gene-11.72-mRNA-1",0.714574038982391
"snap_masked-SAKL0H-processed-gene-11.73-mRNA-1",0.294042468070984
"augustus_masked-SAKL0H-processed-gene-11.22-mRNA-1",0.137486532330513
"augustus_masked-SAKL0H-processed-gene-11.43-mRNA-1",0.177340745925903
"snap_masked-SAKL0H-processed-gene-11.75-mRNA-1",0.245335564017296
"augustus_masked-SAKL0H-processed-gene-11.44-mRNA-1",0.0966879278421402
"augustus_masked-SAKL0H-processed-gene-11.45-mRNA-1",0.956416547298431
"augustus_masked-SAKL0H-processed-gene-11.46-mRNA-1",0.739649832248688
"augustus_masked-SAKL0H-processed-gene-11.24-mRNA-1",0.169293820858002
"genemark-SAKL0H-processed-gene-11.125-mRNA-1",0.190813824534416
"augustus_masked-SAKL0H-processed-gene-11.47-mRNA-1",0.534138917922974
"snap_masked-SAKL0H-processed-gene-11.77-mRNA-1",0.351432234048843
"augustus_masked-SAKL0H-processed-gene-12.75-mRNA-1",1.35650455951691
"augustus_masked-SAKL0H-processed-gene-12.74-mRNA-1",0.328534781932831
"augustus_masked-SAKL0H-processed-gene-12.76-mRNA-1",0.0651698857545853
"snap_masked-SAKL0H-processed-gene-12.3-mRNA-1",0.40919953584671
"augustus_masked-SAKL0H-processed-gene-12.78-mRNA-1",0.215898424386978
"augustus_masked-SAKL0H-processed-gene-12.94-mRNA-1",0.164433509111404
"augustus_masked-SAKL0H-processed-gene-12.79-mRNA-1",0.737177610397339
"snap_masked-SAKL0H-processed-gene-12.6-mRNA-1",1.36943554878235
"augustus_masked-SAKL0H-processed-gene-12.95-mRNA-1",0.154942572116852
"augustus_masked-SAKL0H-processed-gene-12.81-mRNA-1",0.167610615491867
"augustus_masked-SAKL0H-processed-gene-12.96-mRNA-1",0.0920140594244003
"augustus_masked-SAKL0H-processed-gene-12.82-mRNA-1",0.385368198156357
"augustus_masked-SAKL0H-processed-gene-12.97-mRNA-1",1.04385471343994
"maker-SAKL0H-snap-gene-12.108-mRNA-1",1.21809065341949
"snap_masked-SAKL0H-processed-gene-12.9-mRNA-1",0.0555151551961899
"augustus_masked-SAKL0H-processed-gene-12.84-mRNA-1",0.116432279348373
"augustus_masked-SAKL0H-processed-gene-12.85-mRNA-1",0.446837902069092
"augustus_masked-SAKL0H-processed-gene-12.98-mRNA-1",0.124985568225384
"augustus_masked-SAKL0H-processed-gene-12.99-mRNA-1",0.184669613838196
"augustus_masked-SAKL0H-processed-gene-12.100-mRNA-1",0.1447813808918
"snap_masked-SAKL0H-processed-gene-12.12-mRNA-1",0.187913343310356
"augustus_masked-SAKL0H-processed-gene-12.87-mRNA-1",0.179755493998528
"augustus_masked-SAKL0H-processed-gene-12.88-mRNA-1",0.294913917779922
"augustus_masked-SAKL0H-processed-gene-12.89-mRNA-1",0.177798241376877
"augustus_masked-SAKL0H-processed-gene-12.101-mRNA-1",1.04371011257172
"augustus_masked-SAKL0H-processed-gene-12.90-mRNA-1",0.122322216629982
"augustus_masked-SAKL0H-processed-gene-12.91-mRNA-1",0.252207398414612
"augustus_masked-SAKL0H-processed-gene-12.102-mRNA-1",0.578980624675751
"augustus_masked-SAKL0H-processed-gene-12.103-mRNA-1",0.136427044868469
"augustus_masked-SAKL0H-processed-gene-12.104-mRNA-1",0.140864625573158
"snap_masked-SAKL0H-processed-gene-12.18-mRNA-1",0.674291670322418
"augustus_masked-SAKL0H-processed-gene-12.92-mRNA-1",0.135378181934357
"snap_masked-SAKL0H-processed-gene-12.32-mRNA-1",0.823825240135193
"augustus_masked-SAKL0H-processed-gene-12.106-mRNA-1",0.635622143745422
"augustus_masked-SAKL0H-processed-gene-12.93-mRNA-1",0.489981353282928
"augustus_masked-SAKL0H-processed-gene-12.107-mRNA-1",0.529695451259613
"maker-SAKL0H-snap-gene-13.47-mRNA-1",0.199968501925468
"augustus_masked-SAKL0H-processed-gene-13.2-mRNA-1",0.34594938158989
"augustus_masked-SAKL0H-processed-gene-13.3-mRNA-1",0.568156838417053
"snap_masked-SAKL0H-processed-gene-13.53-mRNA-1",1.38333368301392
"snap_masked-SAKL0H-processed-gene-13.54-mRNA-1",1.0694397687912
"augustus_masked-SAKL0H-processed-gene-13.5-mRNA-1",0.185500413179398
"augustus_masked-SAKL0H-processed-gene-13.22-mRNA-1",0.075462594628334
"augustus_masked-SAKL0H-processed-gene-13.6-mRNA-1",0.0781421586871147
"augustus_masked-SAKL0H-processed-gene-13.23-mRNA-1",0.132473349571228
"augustus_masked-SAKL0H-processed-gene-13.24-mRNA-1",0.110566854476929
"augustus_masked-SAKL0H-processed-gene-13.25-mRNA-1",0.108078874647617
"augustus_masked-SAKL0H-processed-gene-13.26-mRNA-1",0.489392042160034
"augustus_masked-SAKL0H-processed-gene-13.27-mRNA-1",0.370882630348206
"augustus_masked-SAKL0H-processed-gene-13.7-mRNA-1",0.693679928779602
"augustus_masked-SAKL0H-processed-gene-13.8-mRNA-1",0.471612542867661
"augustus_masked-SAKL0H-processed-gene-13.28-mRNA-1",0.723835945129395
"augustus_masked-SAKL0H-processed-gene-13.9-mRNA-1",0.864405632019043
"maker-SAKL0H-augustus-gene-13.45-mRNA-1",0.112085692584515
"augustus_masked-SAKL0H-processed-gene-13.31-mRNA-1",1.29157078266144
"augustus_masked-SAKL0H-processed-gene-13.10-mRNA-1",0.726106405258179
"augustus_masked-SAKL0H-processed-gene-13.32-mRNA-1",0.502986133098602
"snap_masked-SAKL0H-processed-gene-13.61-mRNA-1",0.717772662639618
"snap_masked-SAKL0H-processed-gene-13.62-mRNA-1",0.273296475410461
"augustus_masked-SAKL0H-processed-gene-13.12-mRNA-1",0.195719599723816
"maker-SAKL0H-augustus-gene-13.46-mRNA-1",0.338823735713959
"snap_masked-SAKL0H-processed-gene-13.89-mRNA-1",0.513293266296387
"augustus_masked-SAKL0H-processed-gene-13.13-mRNA-1",0.322106003761292
"snap_masked-SAKL0H-processed-gene-13.65-mRNA-1",0.485237181186676
"snap_masked-SAKL0H-processed-gene-13.66-mRNA-1",0.0269879102706909
"augustus_masked-SAKL0H-processed-gene-13.15-mRNA-1",1.11473214626312
"maker-SAKL0H-augustus-gene-13.41-mRNA-1",0.138264834880829
"augustus_masked-SAKL0H-processed-gene-13.17-mRNA-1",0.696434319019318
"augustus_masked-SAKL0H-processed-gene-13.35-mRNA-1",0.49613082408905
"augustus_masked-SAKL0H-processed-gene-13.18-mRNA-1",0.722339868545532
"augustus_masked-SAKL0H-processed-gene-13.19-mRNA-1",0.396906226873398
"genemark-SAKL0H-processed-gene-13.132-mRNA-1",0.625449299812317
"augustus_masked-SAKL0H-processed-gene-13.20-mRNA-1",0.0393694341182709
"augustus_masked-SAKL0H-processed-gene-13.37-mRNA-1",0.251962214708328
"augustus_masked-SAKL0H-processed-gene-13.38-mRNA-1",0.361593186855316
"augustus_masked-SAKL0H-processed-gene-13.21-mRNA-1",0.316102832555771
"augustus_masked-SAKL0H-processed-gene-14.2-mRNA-1",0.0982861146330833
"augustus_masked-SAKL0H-processed-gene-14.0-mRNA-1",0.184612333774567
"augustus_masked-SAKL0H-processed-gene-14.3-mRNA-1",0.10422233492136
"augustus_masked-SAKL0H-processed-gene-14.1-mRNA-1",0.185357913374901
"augustus_masked-SAKL0H-processed-gene-14.24-mRNA-1",0.986577033996582
"augustus_masked-SAKL0H-processed-gene-14.4-mRNA-1",0.656726181507111
"augustus_masked-SAKL0H-processed-gene-14.25-mRNA-1",2.03986501693726
"augustus_masked-SAKL0H-processed-gene-14.5-mRNA-1",1.90414476394653
"augustus_masked-SAKL0H-processed-gene-14.6-mRNA-1",0.316258639097214
"augustus_masked-SAKL0H-processed-gene-14.7-mRNA-1",0.435301035642624
"augustus_masked-SAKL0H-processed-gene-14.26-mRNA-1",0.225626945495605
"augustus_masked-SAKL0H-processed-gene-14.8-mRNA-1",0.0984901115298271
"augustus_masked-SAKL0H-processed-gene-14.9-mRNA-1",0.397337585687637
"augustus_masked-SAKL0H-processed-gene-14.27-mRNA-1",0.586122393608093
"augustus_masked-SAKL0H-processed-gene-14.10-mRNA-1",0.29011470079422
"augustus_masked-SAKL0H-processed-gene-14.11-mRNA-1",0.572948813438416
"maker-SAKL0H-augustus-gene-14.42-mRNA-1",0.815826237201691
"augustus_masked-SAKL0H-processed-gene-14.28-mRNA-1",0.281878352165222
"augustus_masked-SAKL0H-processed-gene-14.29-mRNA-1",0.211859285831451
"maker-SAKL0H-snap-gene-14.46-mRNA-1",0.651459217071533
"snap_masked-SAKL0H-processed-gene-14.59-mRNA-1",0.637598037719727
"augustus_masked-SAKL0H-processed-gene-14.31-mRNA-1",0.202995106577873
"augustus_masked-SAKL0H-processed-gene-14.13-mRNA-1",0.409815162420273
"augustus_masked-SAKL0H-processed-gene-14.32-mRNA-1",0.11574362963438
"augustus_masked-SAKL0H-processed-gene-14.14-mRNA-1",0.296913862228394
"augustus_masked-SAKL0H-processed-gene-14.33-mRNA-1",0.860755383968353
"augustus_masked-SAKL0H-processed-gene-14.15-mRNA-1",0.696852624416351
"augustus_masked-SAKL0H-processed-gene-14.16-mRNA-1",0.651926398277283
"augustus_masked-SAKL0H-processed-gene-14.34-mRNA-1",0.179309889674187
"augustus_masked-SAKL0H-processed-gene-14.17-mRNA-1",1.42068016529083
"augustus_masked-SAKL0H-processed-gene-14.18-mRNA-1",1.19563746452332
"augustus_masked-SAKL0H-processed-gene-14.19-mRNA-1",0.28751465678215
"augustus_masked-SAKL0H-processed-gene-14.20-mRNA-1",0.109888836741447
"augustus_masked-SAKL0H-processed-gene-14.35-mRNA-1",0.110054202377796
"augustus_masked-SAKL0H-processed-gene-14.21-mRNA-1",0.836760342121124
"augustus_masked-SAKL0H-processed-gene-14.36-mRNA-1",0.0676298961043358
"augustus_masked-SAKL0H-processed-gene-14.37-mRNA-1",0.730421185493469
"augustus_masked-SAKL0H-processed-gene-14.38-mRNA-1",0.491335511207581
"augustus_masked-SAKL0H-processed-gene-14.39-mRNA-1",1.02671635150909
"augustus_masked-SAKL0H-processed-gene-14.22-mRNA-1",0.641051828861237
"augustus_masked-SAKL0H-processed-gene-14.23-mRNA-1",0.114440865814686
"snap_masked-SAKL0H-processed-gene-14.88-mRNA-1",1.07168579101562
"augustus_masked-SAKL0H-processed-gene-14.40-mRNA-1",0.216523513197899
"augustus_masked-SAKL0H-processed-gene-15.3-mRNA-1",0.100082375109196
"augustus_masked-SAKL0H-processed-gene-15.6-mRNA-1",1.23604381084442
"augustus_masked-SAKL0H-processed-gene-15.4-mRNA-1",1.04340922832489
"augustus_masked-SAKL0H-processed-gene-15.7-mRNA-1",0.468516290187836
"augustus_masked-SAKL0H-processed-gene-15.8-mRNA-1",0.430096954107285
"augustus_masked-SAKL0H-processed-gene-15.5-mRNA-1",0.144311636686325
"augustus_masked-SAKL0H-processed-gene-15.24-mRNA-1",0.0916651710867882
"augustus_masked-SAKL0H-processed-gene-15.25-mRNA-1",0.381619781255722
"augustus_masked-SAKL0H-processed-gene-15.9-mRNA-1",0.855056643486023
"augustus_masked-SAKL0H-processed-gene-15.10-mRNA-1",1.7402663230896
"augustus_masked-SAKL0H-processed-gene-15.11-mRNA-1",0.812495470046997
"augustus_masked-SAKL0H-processed-gene-15.12-mRNA-1",0.213670775294304
"augustus_masked-SAKL0H-processed-gene-15.26-mRNA-1",0.113642297685146
"augustus_masked-SAKL0H-processed-gene-15.13-mRNA-1",0.105528235435486
"snap_masked-SAKL0H-processed-gene-15.85-mRNA-1",0.384926825761795
"snap_masked-SAKL0H-processed-gene-15.86-mRNA-1",0.318214774131775
"augustus_masked-SAKL0H-processed-gene-15.27-mRNA-1",0.037093561142683
"augustus_masked-SAKL0H-processed-gene-15.15-mRNA-1",0.893836736679077
"augustus_masked-SAKL0H-processed-gene-15.28-mRNA-1",0.170882642269135
"augustus_masked-SAKL0H-processed-gene-15.29-mRNA-1",0.5180584192276
"augustus_masked-SAKL0H-processed-gene-15.30-mRNA-1",1.34419298171997
"augustus_masked-SAKL0H-processed-gene-15.16-mRNA-1",1.70510005950928
"augustus_masked-SAKL0H-processed-gene-15.17-mRNA-1",0.0727002248167992
"augustus_masked-SAKL0H-processed-gene-15.31-mRNA-1",0.261468648910522
"augustus_masked-SAKL0H-processed-gene-15.32-mRNA-1",0.898321926593781
"augustus_masked-SAKL0H-processed-gene-15.33-mRNA-1",0.987153172492981
"snap_masked-SAKL0H-processed-gene-15.90-mRNA-1",0.710756659507751
"augustus_masked-SAKL0H-processed-gene-15.34-mRNA-1",0.198253378272057
"augustus_masked-SAKL0H-processed-gene-15.19-mRNA-1",1.00311732292175
"augustus_masked-SAKL0H-processed-gene-15.20-mRNA-1",0.272316336631775
"augustus_masked-SAKL0H-processed-gene-15.35-mRNA-1",0.343163400888443
"augustus_masked-SAKL0H-processed-gene-15.21-mRNA-1",0.0423567481338978
"augustus_masked-SAKL0H-processed-gene-15.36-mRNA-1",0.261423408985138
"augustus_masked-SAKL0H-processed-gene-15.22-mRNA-1",0.0754312127828598
"augustus_masked-SAKL0H-processed-gene-15.37-mRNA-1",0.356181979179382
"augustus_masked-SAKL0H-processed-gene-15.23-mRNA-1",0.382916033267975
"snap_masked-SAKL0H-processed-gene-16.105-mRNA-1",0.5480637550354
"augustus_masked-SAKL0H-processed-gene-16.9-mRNA-1",0.363615155220032
"maker-SAKL0H-augustus-gene-16.4-mRNA-1",1.46946179866791
"augustus_masked-SAKL0H-processed-gene-16.11-mRNA-1",1.29386878013611
"augustus_masked-SAKL0H-processed-gene-16.40-mRNA-1",0.461002022027969
"snap_masked-SAKL0H-processed-gene-16.109-mRNA-1",0.477210432291031
"augustus_masked-SAKL0H-processed-gene-16.12-mRNA-1",0.56762969493866
"maker-SAKL0H-augustus-gene-16.2-mRNA-1",1.27251493930817
"augustus_masked-SAKL0H-processed-gene-16.15-mRNA-1",0.113406993448734
"augustus_masked-SAKL0H-processed-gene-16.16-mRNA-1",0.0705042332410812
"snap_masked-SAKL0H-processed-gene-16.140-mRNA-1",0.414860606193542
"augustus_masked-SAKL0H-processed-gene-16.17-mRNA-1",0.598877847194672
"augustus_masked-SAKL0H-processed-gene-16.18-mRNA-1",0.812150239944458
"augustus_masked-SAKL0H-processed-gene-16.19-mRNA-1",1.45843517780304
"augustus_masked-SAKL0H-processed-gene-16.20-mRNA-1",1.0567981004715
"augustus_masked-SAKL0H-processed-gene-16.21-mRNA-1",0.934947371482849
"snap_masked-SAKL0H-processed-gene-16.120-mRNA-1",0.176458582282066
"augustus_masked-SAKL0H-processed-gene-16.23-mRNA-1",0.538217484951019
"augustus_masked-SAKL0H-processed-gene-16.42-mRNA-1",0.515304684638977
"augustus_masked-SAKL0H-processed-gene-16.43-mRNA-1",0.737140893936157
"augustus_masked-SAKL0H-processed-gene-16.24-mRNA-1",0.331419140100479
"augustus_masked-SAKL0H-processed-gene-16.25-mRNA-1",0.448057800531387
"augustus_masked-SAKL0H-processed-gene-16.44-mRNA-1",0.0962035655975342
"augustus_masked-SAKL0H-processed-gene-16.26-mRNA-1",0.169443905353546
"snap_masked-SAKL0H-processed-gene-16.144-mRNA-1",0.231017962098122
"augustus_masked-SAKL0H-processed-gene-16.46-mRNA-1",0.831846296787262
"snap_masked-SAKL0H-processed-gene-16.125-mRNA-1",1.22357761859894
"augustus_masked-SAKL0H-processed-gene-16.28-mRNA-1",0.281843483448029
"augustus_masked-SAKL0H-processed-gene-16.47-mRNA-1",0.18486750125885
"snap_masked-SAKL0H-processed-gene-16.127-mRNA-1",0.248974114656448
"augustus_masked-SAKL0H-processed-gene-16.30-mRNA-1",0.452141612768173
"maker-SAKL0H-augustus-gene-16.3-mRNA-1",0.124076835811138
"augustus_masked-SAKL0H-processed-gene-16.48-mRNA-1",1.36717188358307
"augustus_masked-SAKL0H-processed-gene-16.49-mRNA-1",1.75050640106201
"augustus_masked-SAKL0H-processed-gene-16.50-mRNA-1",0.337958157062531
"augustus_masked-SAKL0H-processed-gene-16.33-mRNA-1",0.377426385879517
"augustus_masked-SAKL0H-processed-gene-16.51-mRNA-1",0.272985428571701
"snap_masked-SAKL0H-processed-gene-16.132-mRNA-1",0.469251900911331
"snap_masked-SAKL0H-processed-gene-16.151-mRNA-1",0.275463342666626
"snap_masked-SAKL0H-processed-gene-16.152-mRNA-1",1.94000625610352
"augustus_masked-SAKL0H-processed-gene-16.35-mRNA-1",1.11414003372192
"augustus_masked-SAKL0H-processed-gene-16.53-mRNA-1",0.239949241280556
"augustus_masked-SAKL0H-processed-gene-16.36-mRNA-1",0.897374391555786
"augustus_masked-SAKL0H-processed-gene-16.37-mRNA-1",1.00545191764832
"snap_masked-SAKL0H-processed-gene-16.136-mRNA-1",1.09803092479706
"augustus_masked-SAKL0H-processed-gene-16.39-mRNA-1",0.506711542606354
"augustus_masked-SAKL0H-processed-gene-16.54-mRNA-1",0.263740420341492
"snap_masked-SAKL0H-processed-gene-16.138-mRNA-1",0.289909213781357
"augustus_masked-SAKL0H-processed-gene-16.55-mRNA-1",0.291854530572891
"augustus_masked-SAKL0H-processed-gene-17.96-mRNA-1",0.510755300521851
"augustus_masked-SAKL0H-processed-gene-17.98-mRNA-1",0.178008660674095
"augustus_masked-SAKL0H-processed-gene-17.99-mRNA-1",0.318258225917816
"augustus_masked-SAKL0H-processed-gene-17.97-mRNA-1",0.132784262299538
"genemark-SAKL0H-processed-gene-17.4-mRNA-1",0.334600865840912
"maker-SAKL0H-snap-gene-17.88-mRNA-1",0.792782962322235
"augustus_masked-SAKL0H-processed-gene-17.119-mRNA-1",0.340027749538422
"augustus_masked-SAKL0H-processed-gene-17.120-mRNA-1",0.408284217119217
"augustus_masked-SAKL0H-processed-gene-17.121-mRNA-1",1.84156262874603
"augustus_masked-SAKL0H-processed-gene-17.102-mRNA-1",2.32621550559998
"maker-SAKL0H-augustus-gene-17.85-mRNA-1",0.95528119802475
"augustus_masked-SAKL0H-processed-gene-17.122-mRNA-1",0.580384492874146
"augustus_masked-SAKL0H-processed-gene-17.104-mRNA-1",0.682447850704193
"augustus_masked-SAKL0H-processed-gene-17.105-mRNA-1",0.486187607049942
"augustus_masked-SAKL0H-processed-gene-17.123-mRNA-1",0.130309477448463
"augustus_masked-SAKL0H-processed-gene-17.106-mRNA-1",0.3123639523983
"augustus_masked-SAKL0H-processed-gene-17.124-mRNA-1",0.541202783584595
"augustus_masked-SAKL0H-processed-gene-17.125-mRNA-1",0.269386380910873
"augustus_masked-SAKL0H-processed-gene-17.126-mRNA-1",0.555858552455902
"augustus_masked-SAKL0H-processed-gene-17.107-mRNA-1",0.636067628860474
"augustus_masked-SAKL0H-processed-gene-17.108-mRNA-1",0.377662926912308
"genemark-SAKL0H-processed-gene-17.33-mRNA-1",0.282015889883041
"augustus_masked-SAKL0H-processed-gene-17.128-mRNA-1",0.182034581899643
"augustus_masked-SAKL0H-processed-gene-17.109-mRNA-1",1.81287240982056
"augustus_masked-SAKL0H-processed-gene-17.110-mRNA-1",0.840472459793091
"augustus_masked-SAKL0H-processed-gene-17.111-mRNA-1",0.0875906571745872
"augustus_masked-SAKL0H-processed-gene-17.129-mRNA-1",0.777117908000946
"augustus_masked-SAKL0H-processed-gene-17.130-mRNA-1",0.744423449039459
"augustus_masked-SAKL0H-processed-gene-17.131-mRNA-1",0.970495283603668
"augustus_masked-SAKL0H-processed-gene-17.112-mRNA-1",0.0969006046652794
"augustus_masked-SAKL0H-processed-gene-17.113-mRNA-1",0.108213938772678
"augustus_masked-SAKL0H-processed-gene-17.114-mRNA-1",0.0646423250436783
"augustus_masked-SAKL0H-processed-gene-17.132-mRNA-1",0.788143932819366
"augustus_masked-SAKL0H-processed-gene-17.115-mRNA-1",0.779520630836487
"augustus_masked-SAKL0H-processed-gene-17.133-mRNA-1",1.08105754852295
"augustus_masked-SAKL0H-processed-gene-17.116-mRNA-1",0.287493497133255
"augustus_masked-SAKL0H-processed-gene-17.134-mRNA-1",0.172257423400879
"augustus_masked-SAKL0H-processed-gene-17.135-mRNA-1",0.241216525435448
"augustus_masked-SAKL0H-processed-gene-17.136-mRNA-1",0.225260093808174
"snap_masked-SAKL0H-processed-gene-17.64-mRNA-1",0.195203974843025
"augustus_masked-SAKL0H-processed-gene-17.117-mRNA-1",0.229462280869484
"snap_masked-SAKL0H-processed-gene-18.41-mRNA-1",0.879590332508087
"snap_masked-SAKL0H-processed-gene-18.42-mRNA-1",0.287847369909286
"snap_masked-SAKL0H-processed-gene-18.43-mRNA-1",0.978919923305511
"augustus_masked-SAKL0H-processed-gene-18.95-mRNA-1",0.807575285434723
"augustus_masked-SAKL0H-processed-gene-18.112-mRNA-1",0.822472751140594
"augustus_masked-SAKL0H-processed-gene-18.113-mRNA-1",1.19381523132324
"augustus_masked-SAKL0H-processed-gene-18.96-mRNA-1",0.329014986753464
"augustus_masked-SAKL0H-processed-gene-18.114-mRNA-1",0.359509706497192
"augustus_masked-SAKL0H-processed-gene-18.97-mRNA-1",0.364350408315659
"augustus_masked-SAKL0H-processed-gene-18.98-mRNA-1",0.810745298862457
"augustus_masked-SAKL0H-processed-gene-18.115-mRNA-1",1.0269855260849
"snap_masked-SAKL0H-processed-gene-18.65-mRNA-1",0.46160227060318
"snap_masked-SAKL0H-processed-gene-18.66-mRNA-1",0.403314620256424
"augustus_masked-SAKL0H-processed-gene-18.99-mRNA-1",0.253538757562637
"augustus_masked-SAKL0H-processed-gene-18.117-mRNA-1",0.372267037630081
"augustus_masked-SAKL0H-processed-gene-18.118-mRNA-1",0.682017683982849
"snap_masked-SAKL0H-processed-gene-18.49-mRNA-1",0.383711278438568
"augustus_masked-SAKL0H-processed-gene-18.101-mRNA-1",0.194955244660378
"augustus_masked-SAKL0H-processed-gene-18.102-mRNA-1",1.11848247051239
"augustus_masked-SAKL0H-processed-gene-18.119-mRNA-1",0.598994731903076
"genemark-SAKL0H-processed-gene-18.29-mRNA-1",1.21205544471741
"augustus_masked-SAKL0H-processed-gene-18.103-mRNA-1",0.322749316692352
"augustus_masked-SAKL0H-processed-gene-18.104-mRNA-1",0.53005987405777
"augustus_masked-SAKL0H-processed-gene-18.105-mRNA-1",0.72255527973175
"augustus_masked-SAKL0H-processed-gene-18.121-mRNA-1",0.84583306312561
"augustus_masked-SAKL0H-processed-gene-18.122-mRNA-1",0.520303845405579
"augustus_masked-SAKL0H-processed-gene-18.123-mRNA-1",0.623645603656769
"genemark-SAKL0H-processed-gene-18.14-mRNA-1",0.903144478797913
"augustus_masked-SAKL0H-processed-gene-18.107-mRNA-1",0.902407050132751
"augustus_masked-SAKL0H-processed-gene-18.124-mRNA-1",0.471170336008072
"augustus_masked-SAKL0H-processed-gene-18.108-mRNA-1",0.224386349320412
"augustus_masked-SAKL0H-processed-gene-18.109-mRNA-1",0.0817824006080627
"augustus_masked-SAKL0H-processed-gene-18.125-mRNA-1",0.18025729060173
"maker-SAKL0H-augustus-gene-18.90-mRNA-1",0.495421409606934
"snap_masked-SAKL0H-processed-gene-18.77-mRNA-1",0.25949490070343
"augustus_masked-SAKL0H-processed-gene-18.128-mRNA-1",0.0336054377257824
"augustus_masked-SAKL0H-processed-gene-18.129-mRNA-1",0.159547716379166
"snap_masked-SAKL0H-processed-gene-18.80-mRNA-1",0.15964075922966
"augustus_masked-SAKL0H-processed-gene-18.131-mRNA-1",0.530122518539429
"augustus_masked-SAKL0H-processed-gene-18.110-mRNA-1",0.55425751209259
"augustus_masked-SAKL0H-processed-gene-18.111-mRNA-1",0.384356409311295
"augustus_masked-SAKL0H-processed-gene-18.132-mRNA-1",1.59077799320221
"augustus_masked-SAKL0H-processed-gene-19.11-mRNA-1",1.13950145244598
"snap_masked-SAKL0H-processed-gene-19.98-mRNA-1",0.907631754875183
"augustus_masked-SAKL0H-processed-gene-19.12-mRNA-1",0.514774322509766
"augustus_masked-SAKL0H-processed-gene-19.16-mRNA-1",0.826973795890808
"augustus_masked-SAKL0H-processed-gene-19.13-mRNA-1",0.811004817485809
"augustus_masked-SAKL0H-processed-gene-19.17-mRNA-1",1.04515826702118
"augustus_masked-SAKL0H-processed-gene-19.14-mRNA-1",1.0957704782486
"augustus_masked-SAKL0H-processed-gene-19.18-mRNA-1",0.710338532924652
"augustus_masked-SAKL0H-processed-gene-19.19-mRNA-1",0.450958549976349
"snap_masked-SAKL0H-processed-gene-19.115-mRNA-1",0.0953187867999077
"augustus_masked-SAKL0H-processed-gene-19.33-mRNA-1",0.334802448749542
"augustus_masked-SAKL0H-processed-gene-19.34-mRNA-1",0.934796750545502
"augustus_masked-SAKL0H-processed-gene-19.20-mRNA-1",0.942710876464844
"snap_masked-SAKL0H-processed-gene-19.118-mRNA-1",0.0751862674951553
"maker-SAKL0H-snap-gene-19.6-mRNA-1",0.945770680904388
"augustus_masked-SAKL0H-processed-gene-19.21-mRNA-1",0.890626013278961
"snap_masked-SAKL0H-processed-gene-19.121-mRNA-1",0.948790490627289
"augustus_masked-SAKL0H-processed-gene-19.38-mRNA-1",0.0605198405683041
"augustus_masked-SAKL0H-processed-gene-19.22-mRNA-1",1.04120421409607
"augustus_masked-SAKL0H-processed-gene-19.39-mRNA-1",1.17701148986816
"augustus_masked-SAKL0H-processed-gene-19.23-mRNA-1",0.239162117242813
"augustus_masked-SAKL0H-processed-gene-19.40-mRNA-1",0.554238259792328
"augustus_masked-SAKL0H-processed-gene-19.41-mRNA-1",0.179544404149055
"augustus_masked-SAKL0H-processed-gene-19.24-mRNA-1",0.229400992393494
"snap_masked-SAKL0H-processed-gene-19.108-mRNA-1",0.379008561372757
"augustus_masked-SAKL0H-processed-gene-19.42-mRNA-1",0.11381758004427
"augustus_masked-SAKL0H-processed-gene-19.43-mRNA-1",0.403955549001694
"augustus_masked-SAKL0H-processed-gene-19.26-mRNA-1",0.133993163704872
"snap_masked-SAKL0H-processed-gene-19.128-mRNA-1",0.244386598467827
"snap_masked-SAKL0H-processed-gene-19.129-mRNA-1",0.107207953929901
"snap_masked-SAKL0H-processed-gene-19.130-mRNA-1",0.280664026737213
"maker-SAKL0H-augustus-gene-19.9-mRNA-1",0.217848598957062
"augustus_masked-SAKL0H-processed-gene-19.28-mRNA-1",0.142018720507622
"augustus_masked-SAKL0H-processed-gene-19.45-mRNA-1",0.598292231559753
"maker-SAKL0H-augustus-gene-19.10-mRNA-1",0.841876029968262
"augustus_masked-SAKL0H-processed-gene-19.29-mRNA-1",0.97902774810791
"augustus_masked-SAKL0H-processed-gene-19.47-mRNA-1",0.272868901491165
"snap_masked-SAKL0H-processed-gene-19.113-mRNA-1",0.0640648528933525
"augustus_masked-SAKL0H-processed-gene-19.48-mRNA-1",0.210738569498062
"snap_masked-SAKL0H-processed-gene-19.114-mRNA-1",0.25324547290802
"augustus_masked-SAKL0H-processed-gene-19.49-mRNA-1",0.247056394815445
"snap_masked-SAKL0H-processed-gene-20.97-mRNA-1",0.134646907448769
"augustus_masked-SAKL0H-processed-gene-20.16-mRNA-1",0.450893968343735
"augustus_masked-SAKL0H-processed-gene-20.12-mRNA-1",0.468599677085876
"maker-SAKL0H-augustus-gene-20.8-mRNA-1",0.506761074066162
"augustus_masked-SAKL0H-processed-gene-20.13-mRNA-1",0.212388455867767
"maker-SAKL0H-augustus-gene-20.7-mRNA-1",1.08101499080658
"augustus_masked-SAKL0H-processed-gene-20.15-mRNA-1",0.858716249465942
"augustus_masked-SAKL0H-processed-gene-20.18-mRNA-1",1.92624819278717
"augustus_masked-SAKL0H-processed-gene-20.19-mRNA-1",0.771559417247772
"snap_masked-SAKL0H-processed-gene-20.107-mRNA-1",0.455010265111923
"augustus_masked-SAKL0H-processed-gene-20.20-mRNA-1",0.316280961036682
"augustus_masked-SAKL0H-processed-gene-20.21-mRNA-1",0.279879540205002
"augustus_masked-SAKL0H-processed-gene-20.33-mRNA-1",0.414926469326019
"genemark-SAKL0H-processed-gene-20.65-mRNA-1",1.1560070514679
"snap_masked-SAKL0H-processed-gene-20.125-mRNA-1",0.222149237990379
"augustus_masked-SAKL0H-processed-gene-20.35-mRNA-1",0.371791660785675
"augustus_masked-SAKL0H-processed-gene-20.36-mRNA-1",0.810875833034515
"snap_masked-SAKL0H-processed-gene-20.111-mRNA-1",0.749490082263947
"augustus_masked-SAKL0H-processed-gene-20.22-mRNA-1",1.21305251121521
"augustus_masked-SAKL0H-processed-gene-20.37-mRNA-1",0.901916444301605
"snap_masked-SAKL0H-processed-gene-20.128-mRNA-1",0.400631755590439
"augustus_masked-SAKL0H-processed-gene-20.23-mRNA-1",0.83450311422348
"augustus_masked-SAKL0H-processed-gene-20.39-mRNA-1",0.415267765522003
"augustus_masked-SAKL0H-processed-gene-20.24-mRNA-1",1.12892127037048
"augustus_masked-SAKL0H-processed-gene-20.25-mRNA-1",1.05545508861542
"augustus_masked-SAKL0H-processed-gene-20.40-mRNA-1",0.726638555526733
"augustus_masked-SAKL0H-processed-gene-20.41-mRNA-1",0.698347806930542
"augustus_masked-SAKL0H-processed-gene-20.42-mRNA-1",0.0210348274558783
"snap_masked-SAKL0H-processed-gene-20.134-mRNA-1",1.22550976276398
"augustus_masked-SAKL0H-processed-gene-20.44-mRNA-1",1.35597312450409
"augustus_masked-SAKL0H-processed-gene-20.26-mRNA-1",1.08065116405487
"augustus_masked-SAKL0H-processed-gene-20.27-mRNA-1",0.154308214783669
"augustus_masked-SAKL0H-processed-gene-20.45-mRNA-1",0.367920249700546
"augustus_masked-SAKL0H-processed-gene-20.28-mRNA-1",0.293377369642258
"augustus_masked-SAKL0H-processed-gene-20.46-mRNA-1",0.440027564764023
"augustus_masked-SAKL0H-processed-gene-20.29-mRNA-1",0.729351341724396
"snap_masked-SAKL0H-processed-gene-20.138-mRNA-1",1.1194349527359
"snap_masked-SAKL0H-processed-gene-20.139-mRNA-1",0.406699389219284
"augustus_masked-SAKL0H-processed-gene-20.47-mRNA-1",0.248490139842033
"augustus_masked-SAKL0H-processed-gene-20.48-mRNA-1",0.417509794235229
"augustus_masked-SAKL0H-processed-gene-20.49-mRNA-1",0.479078888893127
"augustus_masked-SAKL0H-processed-gene-20.30-mRNA-1",0.906671047210693
"augustus_masked-SAKL0H-processed-gene-20.31-mRNA-1",1.20550167560577
"snap_masked-SAKL0H-processed-gene-20.143-mRNA-1",1.07001161575317
"augustus_masked-SAKL0H-processed-gene-20.32-mRNA-1",0.0581486150622368
"augustus_masked-SAKL0H-processed-gene-20.51-mRNA-1",0.0430106483399868
"augustus_masked-SAKL0H-processed-gene-21.87-mRNA-1",0.0589240863919258
"augustus_masked-SAKL0H-processed-gene-21.88-mRNA-1",0.6036776304245
"augustus_masked-SAKL0H-processed-gene-21.84-mRNA-1",1.00990498065948
"augustus_masked-SAKL0H-processed-gene-21.85-mRNA-1",0.229601681232452
"augustus_masked-SAKL0H-processed-gene-21.86-mRNA-1",0.754104614257812
"augustus_masked-SAKL0H-processed-gene-21.106-mRNA-1",0.298068344593048
"augustus_masked-SAKL0H-processed-gene-21.107-mRNA-1",0.560155630111694
"augustus_masked-SAKL0H-processed-gene-21.89-mRNA-1",0.386714369058609
"augustus_masked-SAKL0H-processed-gene-21.108-mRNA-1",0.323553800582886
"augustus_masked-SAKL0H-processed-gene-21.90-mRNA-1",0.0494342781603336
"augustus_masked-SAKL0H-processed-gene-21.109-mRNA-1",0.352896422147751
"augustus_masked-SAKL0H-processed-gene-21.110-mRNA-1",1.78204047679901
"augustus_masked-SAKL0H-processed-gene-21.91-mRNA-1",0.670207619667053
"augustus_masked-SAKL0H-processed-gene-21.111-mRNA-1",0.284081965684891
"augustus_masked-SAKL0H-processed-gene-21.92-mRNA-1",0.211856439709663
"augustus_masked-SAKL0H-processed-gene-21.93-mRNA-1",0.342179179191589
"snap_masked-SAKL0H-processed-gene-21.70-mRNA-1",0.786267161369324
"snap_masked-SAKL0H-processed-gene-21.47-mRNA-1",0.726050674915314
"snap_masked-SAKL0H-processed-gene-21.71-mRNA-1",1.62388098239899
"augustus_masked-SAKL0H-processed-gene-21.113-mRNA-1",0.644505560398102
"augustus_masked-SAKL0H-processed-gene-21.94-mRNA-1",1.5108767747879
"augustus_masked-SAKL0H-processed-gene-21.95-mRNA-1",0.542768180370331
"snap_masked-SAKL0H-processed-gene-21.50-mRNA-1",0.142615884542465
"snap_masked-SAKL0H-processed-gene-21.51-mRNA-1",0.268123388290405
"augustus_masked-SAKL0H-processed-gene-21.114-mRNA-1",0.461747854948044
"augustus_masked-SAKL0H-processed-gene-21.115-mRNA-1",1.38334846496582
"augustus_masked-SAKL0H-processed-gene-21.97-mRNA-1",0.796522736549377
"augustus_masked-SAKL0H-processed-gene-21.116-mRNA-1",1.19286096096039
"genemark-SAKL0H-processed-gene-21.13-mRNA-1",0.674245536327362
"augustus_masked-SAKL0H-processed-gene-21.117-mRNA-1",0.373899459838867
"augustus_masked-SAKL0H-processed-gene-21.99-mRNA-1",0.830542743206024
"augustus_masked-SAKL0H-processed-gene-21.100-mRNA-1",0.798663675785065
"maker-SAKL0H-augustus-gene-21.81-mRNA-1",0.450056195259094
"augustus_masked-SAKL0H-processed-gene-21.102-mRNA-1",0.277289658784866
"augustus_masked-SAKL0H-processed-gene-21.103-mRNA-1",0.362228363752365
"augustus_masked-SAKL0H-processed-gene-21.104-mRNA-1",0.601625740528107
"maker-SAKL0H-snap-gene-21.83-mRNA-1",0.375319987535477
"augustus_masked-SAKL0H-processed-gene-21.105-mRNA-1",0.358692109584808
"augustus_masked-SAKL0H-processed-gene-21.120-mRNA-1",0.305338650941849
"augustus_masked-SAKL0H-processed-gene-22.0-mRNA-1",0.189288794994354
"augustus_masked-SAKL0H-processed-gene-22.1-mRNA-1",0.166885182261467
"snap_masked-SAKL0H-processed-gene-22.55-mRNA-1",0.505558013916016
"augustus_masked-SAKL0H-processed-gene-22.25-mRNA-1",1.5811642408371
"maker-SAKL0H-augustus-gene-22.42-mRNA-1",0.527435839176178
"augustus_masked-SAKL0H-processed-gene-22.4-mRNA-1",0.239016890525818
"augustus_masked-SAKL0H-processed-gene-22.5-mRNA-1",0.263221442699432
"augustus_masked-SAKL0H-processed-gene-22.26-mRNA-1",0.951912462711334
"augustus_masked-SAKL0H-processed-gene-22.27-mRNA-1",0.789854168891907
"maker-SAKL0H-snap-gene-22.50-mRNA-1",0.161224186420441
"snap_masked-SAKL0H-processed-gene-22.86-mRNA-1",0.433359265327454
"augustus_masked-SAKL0H-processed-gene-22.31-mRNA-1",0.303843110799789
"augustus_masked-SAKL0H-processed-gene-22.32-mRNA-1",0.491950869560242
"snap_masked-SAKL0H-processed-gene-22.59-mRNA-1",0.998396754264832
"snap_masked-SAKL0H-processed-gene-22.60-mRNA-1",0.463841587305069
"snap_masked-SAKL0H-processed-gene-22.89-mRNA-1",0.281666070222855
"snap_masked-SAKL0H-processed-gene-22.61-mRNA-1",0.310147106647491
"snap_masked-SAKL0H-processed-gene-22.90-mRNA-1",0.311468511819839
"augustus_masked-SAKL0H-processed-gene-22.8-mRNA-1",0.212664261460304
"snap_masked-SAKL0H-processed-gene-22.91-mRNA-1",0.0665420517325401
"snap_masked-SAKL0H-processed-gene-22.92-mRNA-1",0.932548820972443
"maker-SAKL0H-snap-gene-22.51-mRNA-1",0.955893993377686
"snap_masked-SAKL0H-processed-gene-22.63-mRNA-1",0.928987085819244
"augustus_masked-SAKL0H-processed-gene-22.10-mRNA-1",0.806803226470947
"augustus_masked-SAKL0H-processed-gene-22.11-mRNA-1",0.362790942192078
"snap_masked-SAKL0H-processed-gene-22.66-mRNA-1",0.561703979969025
"augustus_masked-SAKL0H-processed-gene-22.36-mRNA-1",0.0982661694288254
"augustus_masked-SAKL0H-processed-gene-22.13-mRNA-1",0.193998768925667
"augustus_masked-SAKL0H-processed-gene-22.14-mRNA-1",0.109998993575573
"augustus_masked-SAKL0H-processed-gene-22.37-mRNA-1",0.139115124940872
"augustus_masked-SAKL0H-processed-gene-22.15-mRNA-1",0.460908204317093
"augustus_masked-SAKL0H-processed-gene-22.16-mRNA-1",0.699856519699097
"augustus_masked-SAKL0H-processed-gene-22.17-mRNA-1",0.746346056461334
"augustus_masked-SAKL0H-processed-gene-22.18-mRNA-1",0.461697190999985
"augustus_masked-SAKL0H-processed-gene-22.19-mRNA-1",0.364272713661194
"augustus_masked-SAKL0H-processed-gene-22.38-mRNA-1",0.0829127952456474
"snap_masked-SAKL0H-processed-gene-22.96-mRNA-1",0.670645296573639
"snap_masked-SAKL0H-processed-gene-22.75-mRNA-1",0.343320548534393
"maker-SAKL0H-augustus-gene-22.44-mRNA-1",0.179888233542442
"snap_masked-SAKL0H-processed-gene-22.77-mRNA-1",0.334025740623474
"augustus_masked-SAKL0H-processed-gene-22.39-mRNA-1",0.106331869959831
"augustus_masked-SAKL0H-processed-gene-22.40-mRNA-1",0.0888234451413155
"augustus_masked-SAKL0H-processed-gene-22.23-mRNA-1",0.0943611562252045
"augustus_masked-SAKL0H-processed-gene-22.24-mRNA-1",1.35542714595795
"snap_masked-SAKL0H-processed-gene-22.80-mRNA-1",0.342323631048203
"snap_masked-SAKL0H-processed-gene-22.99-mRNA-1",0.268880128860474
"augustus_masked-SAKL0H-processed-gene-22.41-mRNA-1",0.212786257266998
