AA,Codon,Mean
A,GCG,0.01665039283633296
G,GGG,0.521479684040944
L,CTG,-0.5261517216094095
L,CTC,-0.0723106043278812
P,CCG,0.368322489050527
R,AGG,0.6958453501010939
R,CGG,-0.557003635563453
S,TCG,-0.49957840262949504
T,ACG,-0.22590525092979302
V,GTG,-0.9850448388576519
