AA,Codon,Mean
A,GCG,0.48292849076390204
G,GGG,0.8830531741102539
L,CTG,-0.14216679073572097
L,CTC,0.24256123746360336
P,CCG,0.940751157407959
R,AGG,0.7684989496696119
R,CGG,-0.06863410226901401
S,TCG,0.06271556016604102
T,ACG,0.16146436199347092
V,GTG,-0.569970475389561
