AA,Codon,Mean
A,GCG,0.346382024884224
G,GGG,-0.02378309681018209
L,CTG,0.46239211347599907
L,CTC,0.44492159072359405
P,CCG,1.0867608909597
R,AGG,0.7764209042037432
R,CGG,0.02720933523177993
S,TCG,0.323396962694327
T,ACG,0.45611419688264604
V,GTG,0.00782630774180093
