AA,Codon,Mean
A,GCG,0.4690402202089621
G,GGG,0.09248840740919095
L,CTC,0.16619116118152905
P,CCG,0.896197033032775
R,AGG,1.07809524573187
R,CGG,0.39852793049812996
S,TCG,0.23826766079862904
T,ACG,0.39476431980927806
V,GTG,-0.12431397172609904
